2026-07-16T14:57:41.815-04:00 DEBUG 10320 --- [ms-venta] [background-preinit] org.jboss.logging                        : Logging Provider: org.jboss.logging.Slf4jLoggerProvider found via system property
2026-07-16T14:57:41.866-04:00 DEBUG 10320 --- [ms-venta] [background-preinit] o.h.v.i.xml.config.ValidationXmlParser   : Trying to load META-INF/validation.xml for XML based Validator configuration.
2026-07-16T14:57:41.869-04:00 DEBUG 10320 --- [ms-venta] [background-preinit] o.h.v.i.xml.config.ResourceLoaderHelper  : Trying to load META-INF/validation.xml via TCCL
2026-07-16T14:57:41.869-04:00 DEBUG 10320 --- [ms-venta] [background-preinit] o.h.v.i.xml.config.ResourceLoaderHelper  : Trying to load META-INF/validation.xml via Hibernate Validator's class loader
2026-07-16T14:57:41.871-04:00 DEBUG 10320 --- [ms-venta] [background-preinit] o.h.v.i.xml.config.ValidationXmlParser   : No META-INF/validation.xml found. Using annotation based configuration only.
2026-07-16T14:57:41.889-04:00 DEBUG 10320 --- [ms-venta] [background-preinit] o.h.v.i.e.resolver.TraversableResolvers  : Found jakarta.persistence.Persistence on classpath containing 'getPersistenceUtil'. Assuming Jakarta Persistence environment. Trying to instantiate Jakarta Persistence aware TraversableResolver
2026-07-16T14:57:41.891-04:00 DEBUG 10320 --- [ms-venta] [background-preinit] o.h.v.i.e.resolver.TraversableResolvers  : Instantiated Jakarta Persistence aware TraversableResolver of type org.hibernate.validator.internal.engine.resolver.JPATraversableResolver.
2026-07-16T14:57:41.956-04:00 DEBUG 10320 --- [ms-venta] [background-preinit] .h.v.m.ResourceBundleMessageInterpolator : Loaded expression factory via original TCCL
2026-07-16T14:57:41.970-04:00  INFO 10320 --- [ms-venta] [main] c.p.v.controller.VentaControllerTest     : Starting VentaControllerTest using Java 21.0.11 with PID 10320 (started by tiare in C:\Users\tiare\Proyectos\inventario-farmacia\ms_venta)
2026-07-16T14:57:41.973-04:00 DEBUG 10320 --- [ms-venta] [main] c.p.v.controller.VentaControllerTest     : Running with Spring Boot v4.0.7, Spring v7.0.8
2026-07-16T14:57:41.975-04:00  INFO 10320 --- [ms-venta] [main] c.p.v.controller.VentaControllerTest     : The following 1 profile is active: "dev"
2026-07-16T14:57:41.976-04:00 DEBUG 10320 --- [ms-venta] [main] o.s.boot.SpringApplication               : Loading source class com.pharmanet.venta_service.VentaServiceApplication
2026-07-16T14:57:42.021-04:00 DEBUG 10320 --- [ms-venta] [main] o.s.b.d.settings.DevToolsSettings        : Included patterns for restart : []
2026-07-16T14:57:42.022-04:00 DEBUG 10320 --- [ms-venta] [main] o.s.b.d.settings.DevToolsSettings        : Excluded patterns for restart : [/spring-boot-starter-[\w-]+/, /spring-boot/(bin|build|out)/, /spring-boot-starter/(bin|build|out)/, /spring-boot-devtools/(bin|build|out)/, /spring-boot-actuator/(bin|build|out)/, /spring-boot-autoconfigure/(bin|build|out)/]
2026-07-16T14:57:42.022-04:00 DEBUG 10320 --- [ms-venta] [main] o.s.w.c.s.GenericWebApplicationContext   : Refreshing org.springframework.web.context.support.GenericWebApplicationContext@79ec57b8
2026-07-16T14:57:42.074-04:00 DEBUG 10320 --- [ms-venta] [main] o.s.b.f.s.DefaultListableBeanFactory     : Creating shared instance of singleton bean 'org.springframework.context.annotation.internalConfigurationAnnotationProcessor'
2026-07-16T14:57:42.117-04:00 DEBUG 10320 --- [ms-venta] [main] o.s.b.f.s.DefaultListableBeanFactory     : Creating shared instance of singleton bean 'org.springframework.boot.autoconfigure.internalCachingMetadataReaderFactory'
2026-07-16T14:57:42.261-04:00 DEBUG 10320 --- [ms-venta] [main] o.s.c.a.ClassPathBeanDefinitionScanner   : Identified candidate component class: file [C:\Users\tiare\Proyectos\inventario-farmacia\ms_venta\target\classes\com\pharmanet\venta_service\controller\VentaController.class]
2026-07-16T14:57:42.284-04:00 DEBUG 10320 --- [ms-venta] [main] o.s.c.a.ClassPathBeanDefinitionScanner   : Identified candidate component class: file [C:\Users\tiare\Proyectos\inventario-farmacia\ms_venta\target\classes\com\pharmanet\venta_service\exception\GlobalExceptionHandler.class]
2026-07-16T14:57:42.391-04:00 DEBUG 10320 --- [ms-venta] [background-preinit] .i.e.ValidatorFactoryConfigurationHelper : HV000252: Using org.hibernate.validator.internal.engine.DefaultPropertyNodeNameProvider as property node name provider.
2026-07-16T14:57:42.408-04:00 DEBUG 10320 --- [ms-venta] [background-preinit] .i.e.ValidatorFactoryConfigurationHelper : HV000234: Using org.hibernate.validator.messageinterpolation.ResourceBundleMessageInterpolator as ValidatorFactory-scoped message interpolator.
2026-07-16T14:57:42.408-04:00 DEBUG 10320 --- [ms-venta] [background-preinit] .i.e.ValidatorFactoryConfigurationHelper : HV000234: Using org.hibernate.validator.internal.engine.resolver.JPATraversableResolver as ValidatorFactory-scoped traversable resolver.
2026-07-16T14:57:42.408-04:00 DEBUG 10320 --- [ms-venta] [background-preinit] .i.e.ValidatorFactoryConfigurationHelper : HV000234: Using org.hibernate.validator.internal.util.ExecutableParameterNameProvider as ValidatorFactory-scoped parameter name provider.
2026-07-16T14:57:42.408-04:00 DEBUG 10320 --- [ms-venta] [background-preinit] .i.e.ValidatorFactoryConfigurationHelper : HV000234: Using org.hibernate.validator.internal.engine.DefaultClockProvider as ValidatorFactory-scoped clock provider.
2026-07-16T14:57:42.408-04:00 DEBUG 10320 --- [ms-venta] [background-preinit] .i.e.ValidatorFactoryConfigurationHelper : HV000234: Using org.hibernate.validator.internal.engine.scripting.DefaultScriptEvaluatorFactory as ValidatorFactory-scoped script evaluator factory.
2026-07-16T14:57:42.672-04:00 DEBUG 10320 --- [ms-venta] [main] o.s.c.openfeign.FeignClientsRegistrar$1  : Identified candidate component class: file [C:\Users\tiare\Proyectos\inventario-farmacia\ms_venta\target\classes\com\pharmanet\venta_service\client\InventarioFeignClient.class]
2026-07-16T14:57:42.673-04:00 DEBUG 10320 --- [ms-venta] [main] o.s.c.openfeign.FeignClientsRegistrar$1  : Identified candidate component class: file [C:\Users\tiare\Proyectos\inventario-farmacia\ms_venta\target\classes\com\pharmanet\venta_service\client\ProductoFeignClient.class]
2026-07-16T14:57:42.673-04:00 DEBUG 10320 --- [ms-venta] [main] o.s.c.openfeign.FeignClientsRegistrar$1  : Identified candidate component class: file [C:\Users\tiare\Proyectos\inventario-farmacia\ms_venta\target\classes\com\pharmanet\venta_service\client\UsuarioFeignClient.class]
2026-07-16T14:57:43.091-04:00 DEBUG 10320 --- [ms-venta] [main] o.s.b.f.s.DefaultListableBeanFactory     : Creating shared instance of singleton bean 'org.springframework.boot.test.context.ImportsContextCustomizer$ImportsCleanupPostProcessor'
2026-07-16T14:57:43.202-04:00 DEBUG 10320 --- [ms-venta] [main] java.lang.ProcessBuilder                 : ProcessBuilder.start(): pid: 24816, dir: null, cmd: "C:\Program Files\Java\jdk-21.0.11\bin\java.exe"

java.lang.RuntimeException: ProcessBuilder.start() debug
	at java.base/java.lang.ProcessBuilder.start(ProcessBuilder.java:1147) ~[na:na]
	at java.base/java.lang.ProcessBuilder.start(ProcessBuilder.java:1089) ~[na:na]
	at net.bytebuddy.agent.ByteBuddyAgent.installExternal(ByteBuddyAgent.java:671) ~[byte-buddy-agent-1.17.8.jar:na]
	at net.bytebuddy.agent.ByteBuddyAgent.install(ByteBuddyAgent.java:599) ~[byte-buddy-agent-1.17.8.jar:na]
	at net.bytebuddy.agent.ByteBuddyAgent.install(ByteBuddyAgent.java:579) ~[byte-buddy-agent-1.17.8.jar:na]
	at net.bytebuddy.agent.ByteBuddyAgent.install(ByteBuddyAgent.java:531) ~[byte-buddy-agent-1.17.8.jar:na]
	at net.bytebuddy.agent.ByteBuddyAgent.install(ByteBuddyAgent.java:508) ~[byte-buddy-agent-1.17.8.jar:na]
	at org.mockito.internal.PremainAttachAccess.getInstrumentation(PremainAttachAccess.java:80) ~[mockito-core-5.20.0.jar:na]
	at org.mockito.internal.creation.bytebuddy.InlineDelegateByteBuddyMockMaker.<clinit>(InlineDelegateByteBuddyMockMaker.java:138) ~[mockito-core-5.20.0.jar:na]
	at org.mockito.internal.creation.bytebuddy.InlineByteBuddyMockMaker.<init>(InlineByteBuddyMockMaker.java:23) ~[mockito-core-5.20.0.jar:na]
	at java.base/jdk.internal.reflect.DirectConstructorHandleAccessor.newInstance(DirectConstructorHandleAccessor.java:62) ~[na:na]
	at java.base/java.lang.reflect.Constructor.newInstanceWithCaller(Constructor.java:502) ~[na:na]
	at java.base/java.lang.reflect.Constructor.newInstance(Constructor.java:486) ~[na:na]
	at org.mockito.internal.configuration.plugins.DefaultMockitoPlugins.create(DefaultMockitoPlugins.java:103) ~[mockito-core-5.20.0.jar:na]
	at org.mockito.internal.configuration.plugins.DefaultMockitoPlugins.getDefaultPlugin(DefaultMockitoPlugins.java:79) ~[mockito-core-5.20.0.jar:na]
	at org.mockito.internal.configuration.plugins.PluginLoader.loadPlugin(PluginLoader.java:75) ~[mockito-core-5.20.0.jar:na]
	at org.mockito.internal.configuration.plugins.PluginLoader.loadPlugin(PluginLoader.java:49) ~[mockito-core-5.20.0.jar:na]
	at org.mockito.internal.configuration.plugins.PluginRegistry.<init>(PluginRegistry.java:29) ~[mockito-core-5.20.0.jar:na]
	at org.mockito.internal.configuration.plugins.Plugins.<clinit>(Plugins.java:26) ~[mockito-core-5.20.0.jar:na]
	at org.mockito.internal.MockitoCore.<clinit>(MockitoCore.java:71) ~[mockito-core-5.20.0.jar:na]
	at org.mockito.Mockito.<clinit>(Mockito.java:1777) ~[mockito-core-5.20.0.jar:na]
	at org.springframework.test.context.bean.override.mockito.MockReset.withSettings(MockReset.java:84) ~[spring-test-7.0.8.jar:7.0.8]
	at org.springframework.test.context.bean.override.mockito.MockitoBeanOverrideHandler.createMock(MockitoBeanOverrideHandler.java:124) ~[spring-test-7.0.8.jar:7.0.8]
	at org.springframework.test.context.bean.override.mockito.MockitoBeanOverrideHandler.createOverrideInstance(MockitoBeanOverrideHandler.java:119) ~[spring-test-7.0.8.jar:7.0.8]
	at org.springframework.test.context.bean.override.BeanOverrideHandler.createOverrideInstance(BeanOverrideHandler.java:337) ~[spring-test-7.0.8.jar:7.0.8]
	at org.springframework.test.context.bean.override.BeanOverrideBeanFactoryPostProcessor.replaceOrCreateBean(BeanOverrideBeanFactoryPostProcessor.java:225) ~[spring-test-7.0.8.jar:7.0.8]
	at org.springframework.test.context.bean.override.BeanOverrideBeanFactoryPostProcessor.registerBeanOverride(BeanOverrideBeanFactoryPostProcessor.java:120) ~[spring-test-7.0.8.jar:7.0.8]
	at org.springframework.test.context.bean.override.BeanOverrideBeanFactoryPostProcessor.postProcessBeanFactory(BeanOverrideBeanFactoryPostProcessor.java:105) ~[spring-test-7.0.8.jar:7.0.8]
	at org.springframework.context.support.PostProcessorRegistrationDelegate.invokeBeanFactoryPostProcessors(PostProcessorRegistrationDelegate.java:363) ~[spring-context-7.0.8.jar:7.0.8]
	at org.springframework.context.support.PostProcessorRegistrationDelegate.invokeBeanFactoryPostProcessors(PostProcessorRegistrationDelegate.java:197) ~[spring-context-7.0.8.jar:7.0.8]
	at org.springframework.context.support.AbstractApplicationContext.invokeBeanFactoryPostProcessors(AbstractApplicationContext.java:795) ~[spring-context-7.0.8.jar:7.0.8]
	at org.springframework.context.support.AbstractApplicationContext.refresh(AbstractApplicationContext.java:603) ~[spring-context-7.0.8.jar:7.0.8]
	at org.springframework.boot.SpringApplication.refresh(SpringApplication.java:756) ~[spring-boot-4.0.7.jar:4.0.7]
	at org.springframework.boot.SpringApplication.refreshContext(SpringApplication.java:445) ~[spring-boot-4.0.7.jar:4.0.7]
	at org.springframework.boot.SpringApplication.run(SpringApplication.java:321) ~[spring-boot-4.0.7.jar:4.0.7]
	at org.springframework.boot.test.context.SpringBootContextLoader.lambda$loadContext$2(SpringBootContextLoader.java:155) ~[spring-boot-test-4.0.7.jar:4.0.7]
	at org.springframework.util.function.ThrowingSupplier.get(ThrowingSupplier.java:58) ~[spring-core-7.0.8.jar:7.0.8]
	at org.springframework.util.function.ThrowingSupplier.get(ThrowingSupplier.java:46) ~[spring-core-7.0.8.jar:7.0.8]
	at org.springframework.boot.SpringApplication.withHook(SpringApplication.java:1465) ~[spring-boot-4.0.7.jar:4.0.7]
	at org.springframework.boot.test.context.SpringBootContextLoader$ContextLoaderHook.run(SpringBootContextLoader.java:600) ~[spring-boot-test-4.0.7.jar:4.0.7]
	at org.springframework.boot.test.context.SpringBootContextLoader.loadContext(SpringBootContextLoader.java:155) ~[spring-boot-test-4.0.7.jar:4.0.7]
	at org.springframework.boot.test.context.SpringBootContextLoader.loadContext(SpringBootContextLoader.java:114) ~[spring-boot-test-4.0.7.jar:4.0.7]
	at org.springframework.test.context.cache.DefaultCacheAwareContextLoaderDelegate.loadContextInternal(DefaultCacheAwareContextLoaderDelegate.java:247) ~[spring-test-7.0.8.jar:7.0.8]
	at org.springframework.test.context.cache.DefaultCacheAwareContextLoaderDelegate.lambda$loadContext$0(DefaultCacheAwareContextLoaderDelegate.java:167) ~[spring-test-7.0.8.jar:7.0.8]
	at org.springframework.test.context.cache.DefaultContextCache.put(DefaultContextCache.java:214) ~[spring-test-7.0.8.jar:7.0.8]
	at org.springframework.test.context.cache.DefaultCacheAwareContextLoaderDelegate.loadContext(DefaultCacheAwareContextLoaderDelegate.java:160) ~[spring-test-7.0.8.jar:7.0.8]
	at org.springframework.test.context.support.DefaultTestContext.getApplicationContext(DefaultTestContext.java:128) ~[spring-test-7.0.8.jar:7.0.8]
	at org.springframework.test.context.bean.override.BeanOverrideTestExecutionListener.injectFields(BeanOverrideTestExecutionListener.java:107) ~[spring-test-7.0.8.jar:7.0.8]
	at org.springframework.test.context.bean.override.BeanOverrideTestExecutionListener.prepareTestInstance(BeanOverrideTestExecutionListener.java:70) ~[spring-test-7.0.8.jar:7.0.8]
	at org.springframework.test.context.TestContextManager.prepareTestInstance(TestContextManager.java:260) ~[spring-test-7.0.8.jar:7.0.8]
	at org.springframework.test.context.junit.jupiter.SpringExtension.postProcessTestInstance(SpringExtension.java:242) ~[spring-test-7.0.8.jar:7.0.8]
	at org.junit.jupiter.engine.descriptor.ClassBasedTestDescriptor.lambda$invokeTestInstancePostProcessors$1(ClassBasedTestDescriptor.java:423) ~[junit-jupiter-engine-6.0.3.jar:6.0.3]
	at org.junit.jupiter.engine.descriptor.ClassBasedTestDescriptor.executeAndMaskThrowable(ClassBasedTestDescriptor.java:428) ~[junit-jupiter-engine-6.0.3.jar:6.0.3]
	at org.junit.jupiter.engine.descriptor.ClassBasedTestDescriptor.lambda$invokeTestInstancePostProcessors$0(ClassBasedTestDescriptor.java:422) ~[junit-jupiter-engine-6.0.3.jar:6.0.3]
	at java.base/java.util.stream.ForEachOps$ForEachOp$OfRef.accept(ForEachOps.java:184) ~[na:na]
	at java.base/java.util.stream.ReferencePipeline$3$1.accept(ReferencePipeline.java:197) ~[na:na]
	at java.base/java.util.stream.ReferencePipeline$2$1.accept(ReferencePipeline.java:179) ~[na:na]
	at java.base/java.util.stream.ReferencePipeline$3$1.accept(ReferencePipeline.java:197) ~[na:na]
	at java.base/java.util.ArrayList$ArrayListSpliterator.forEachRemaining(ArrayList.java:1708) ~[na:na]
	at java.base/java.util.stream.AbstractPipeline.copyInto(AbstractPipeline.java:509) ~[na:na]
	at java.base/java.util.stream.AbstractPipeline.wrapAndCopyInto(AbstractPipeline.java:499) ~[na:na]
	at java.base/java.util.stream.ForEachOps$ForEachOp.evaluateSequential(ForEachOps.java:151) ~[na:na]
	at java.base/java.util.stream.ForEachOps$ForEachOp$OfRef.evaluateSequential(ForEachOps.java:174) ~[na:na]
	at java.base/java.util.stream.AbstractPipeline.evaluate(AbstractPipeline.java:234) ~[na:na]
	at java.base/java.util.stream.ReferencePipeline.forEach(ReferencePipeline.java:596) ~[na:na]
	at org.junit.jupiter.engine.descriptor.ClassBasedTestDescriptor.invokeTestInstancePostProcessors(ClassBasedTestDescriptor.java:422) ~[junit-jupiter-engine-6.0.3.jar:6.0.3]
	at org.junit.jupiter.engine.descriptor.ClassBasedTestDescriptor.lambda$instantiateAndPostProcessTestInstance$0(ClassBasedTestDescriptor.java:334) ~[junit-jupiter-engine-6.0.3.jar:6.0.3]
	at org.junit.platform.engine.support.hierarchical.ThrowableCollector.execute(ThrowableCollector.java:74) ~[junit-platform-engine-6.0.3.jar:6.0.3]
	at org.junit.jupiter.engine.descriptor.ClassBasedTestDescriptor.instantiateAndPostProcessTestInstance(ClassBasedTestDescriptor.java:333) ~[junit-jupiter-engine-6.0.3.jar:6.0.3]
	at org.junit.jupiter.engine.descriptor.ClassBasedTestDescriptor.lambda$testInstancesProvider$1(ClassBasedTestDescriptor.java:322) ~[junit-jupiter-engine-6.0.3.jar:6.0.3]
	at java.base/java.util.Optional.orElseGet(Optional.java:364) ~[na:na]
	at org.junit.jupiter.engine.descriptor.ClassBasedTestDescriptor.lambda$testInstancesProvider$0(ClassBasedTestDescriptor.java:321) ~[junit-jupiter-engine-6.0.3.jar:6.0.3]
	at org.junit.jupiter.engine.execution.TestInstancesProvider.getTestInstances(TestInstancesProvider.java:27) ~[junit-jupiter-engine-6.0.3.jar:6.0.3]
	at org.junit.jupiter.engine.descriptor.TestMethodTestDescriptor.lambda$prepare$0(TestMethodTestDescriptor.java:127) ~[junit-jupiter-engine-6.0.3.jar:6.0.3]
	at org.junit.platform.engine.support.hierarchical.ThrowableCollector.execute(ThrowableCollector.java:74) ~[junit-platform-engine-6.0.3.jar:6.0.3]
	at org.junit.jupiter.engine.descriptor.TestMethodTestDescriptor.prepare(TestMethodTestDescriptor.java:126) ~[junit-jupiter-engine-6.0.3.jar:6.0.3]
	at org.junit.jupiter.engine.descriptor.TestMethodTestDescriptor.prepare(TestMethodTestDescriptor.java:70) ~[junit-jupiter-engine-6.0.3.jar:6.0.3]
	at org.junit.platform.engine.support.hierarchical.NodeTestTask.lambda$prepare$0(NodeTestTask.java:144) ~[junit-platform-engine-6.0.3.jar:6.0.3]
	at org.junit.platform.engine.support.hierarchical.ThrowableCollector.execute(ThrowableCollector.java:74) ~[junit-platform-engine-6.0.3.jar:6.0.3]
	at org.junit.platform.engine.support.hierarchical.NodeTestTask.prepare(NodeTestTask.java:144) ~[junit-platform-engine-6.0.3.jar:6.0.3]
	at org.junit.platform.engine.support.hierarchical.NodeTestTask.execute(NodeTestTask.java:110) ~[junit-platform-engine-6.0.3.jar:6.0.3]
	at java.base/java.util.ArrayList.forEach(ArrayList.java:1596) ~[na:na]
	at org.junit.platform.engine.support.hierarchical.SameThreadHierarchicalTestExecutorService.invokeAll(SameThreadHierarchicalTestExecutorService.java:42) ~[junit-platform-engine-6.0.3.jar:6.0.3]
	at org.junit.platform.engine.support.hierarchical.NodeTestTask.lambda$executeRecursively$2(NodeTestTask.java:180) ~[junit-platform-engine-6.0.3.jar:6.0.3]
	at org.junit.platform.engine.support.hierarchical.ThrowableCollector.execute(ThrowableCollector.java:74) ~[junit-platform-engine-6.0.3.jar:6.0.3]
	at org.junit.platform.engine.support.hierarchical.NodeTestTask.lambda$executeRecursively$1(NodeTestTask.java:166) ~[junit-platform-engine-6.0.3.jar:6.0.3]
	at org.junit.platform.engine.support.hierarchical.Node.around(Node.java:138) ~[junit-platform-engine-6.0.3.jar:6.0.3]
	at org.junit.platform.engine.support.hierarchical.NodeTestTask.lambda$executeRecursively$0(NodeTestTask.java:164) ~[junit-platform-engine-6.0.3.jar:6.0.3]
	at org.junit.platform.engine.support.hierarchical.ThrowableCollector.execute(ThrowableCollector.java:74) ~[junit-platform-engine-6.0.3.jar:6.0.3]
	at org.junit.platform.engine.support.hierarchical.NodeTestTask.executeRecursively(NodeTestTask.java:163) ~[junit-platform-engine-6.0.3.jar:6.0.3]
	at org.junit.platform.engine.support.hierarchical.NodeTestTask.execute(NodeTestTask.java:116) ~[junit-platform-engine-6.0.3.jar:6.0.3]
	at java.base/java.util.ArrayList.forEach(ArrayList.java:1596) ~[na:na]
	at org.junit.platform.engine.support.hierarchical.SameThreadHierarchicalTestExecutorService.invokeAll(SameThreadHierarchicalTestExecutorService.java:42) ~[junit-platform-engine-6.0.3.jar:6.0.3]
	at org.junit.platform.engine.support.hierarchical.NodeTestTask.lambda$executeRecursively$2(NodeTestTask.java:180) ~[junit-platform-engine-6.0.3.jar:6.0.3]
	at org.junit.platform.engine.support.hierarchical.ThrowableCollector.execute(ThrowableCollector.java:74) ~[junit-platform-engine-6.0.3.jar:6.0.3]
	at org.junit.platform.engine.support.hierarchical.NodeTestTask.lambda$executeRecursively$1(NodeTestTask.java:166) ~[junit-platform-engine-6.0.3.jar:6.0.3]
	at org.junit.platform.engine.support.hierarchical.Node.around(Node.java:138) ~[junit-platform-engine-6.0.3.jar:6.0.3]
	at org.junit.platform.engine.support.hierarchical.NodeTestTask.lambda$executeRecursively$0(NodeTestTask.java:164) ~[junit-platform-engine-6.0.3.jar:6.0.3]
	at org.junit.platform.engine.support.hierarchical.ThrowableCollector.execute(ThrowableCollector.java:74) ~[junit-platform-engine-6.0.3.jar:6.0.3]
	at org.junit.platform.engine.support.hierarchical.NodeTestTask.executeRecursively(NodeTestTask.java:163) ~[junit-platform-engine-6.0.3.jar:6.0.3]
	at org.junit.platform.engine.support.hierarchical.NodeTestTask.execute(NodeTestTask.java:116) ~[junit-platform-engine-6.0.3.jar:6.0.3]
	at org.junit.platform.engine.support.hierarchical.SameThreadHierarchicalTestExecutorService.submit(SameThreadHierarchicalTestExecutorService.java:36) ~[junit-platform-engine-6.0.3.jar:6.0.3]
	at org.junit.platform.engine.support.hierarchical.HierarchicalTestExecutor.execute(HierarchicalTestExecutor.java:52) ~[junit-platform-engine-6.0.3.jar:6.0.3]
	at org.junit.platform.engine.support.hierarchical.HierarchicalTestEngine.execute(HierarchicalTestEngine.java:58) ~[junit-platform-engine-6.0.3.jar:6.0.3]
	at org.junit.platform.launcher.core.EngineExecutionOrchestrator.executeEngine(EngineExecutionOrchestrator.java:246) ~[junit-platform-launcher-6.0.3.jar:6.0.3]
	at org.junit.platform.launcher.core.EngineExecutionOrchestrator.failOrExecuteEngine(EngineExecutionOrchestrator.java:218) ~[junit-platform-launcher-6.0.3.jar:6.0.3]
	at org.junit.platform.launcher.core.EngineExecutionOrchestrator.execute(EngineExecutionOrchestrator.java:179) ~[junit-platform-launcher-6.0.3.jar:6.0.3]
	at org.junit.platform.launcher.core.EngineExecutionOrchestrator.execute(EngineExecutionOrchestrator.java:108) ~[junit-platform-launcher-6.0.3.jar:6.0.3]
	at org.junit.platform.launcher.core.EngineExecutionOrchestrator.lambda$execute$0(EngineExecutionOrchestrator.java:66) ~[junit-platform-launcher-6.0.3.jar:6.0.3]
	at org.junit.platform.launcher.core.EngineExecutionOrchestrator.withInterceptedStreams(EngineExecutionOrchestrator.java:157) ~[junit-platform-launcher-6.0.3.jar:6.0.3]
	at org.junit.platform.launcher.core.EngineExecutionOrchestrator.execute(EngineExecutionOrchestrator.java:65) ~[junit-platform-launcher-6.0.3.jar:6.0.3]
	at org.junit.platform.launcher.core.DefaultLauncher.execute(DefaultLauncher.java:125) ~[junit-platform-launcher-6.0.3.jar:6.0.3]
	at org.junit.platform.launcher.core.DefaultLauncher.execute(DefaultLauncher.java:114) ~[junit-platform-launcher-6.0.3.jar:6.0.3]
	at org.junit.platform.launcher.core.DelegatingLauncher.execute(DelegatingLauncher.java:58) ~[junit-platform-launcher-6.0.3.jar:6.0.3]
	at org.junit.platform.launcher.core.InterceptingLauncher.lambda$execute$2(InterceptingLauncher.java:57) ~[junit-platform-launcher-6.0.3.jar:6.0.3]
	at org.junit.platform.launcher.core.ClasspathAlignmentCheckingLauncherInterceptor.intercept(ClasspathAlignmentCheckingLauncherInterceptor.java:25) ~[junit-platform-launcher-6.0.3.jar:6.0.3]
	at org.junit.platform.launcher.core.InterceptingLauncher.execute(InterceptingLauncher.java:56) ~[junit-platform-launcher-6.0.3.jar:6.0.3]
	at org.junit.platform.launcher.core.DelegatingLauncher.execute(DelegatingLauncher.java:58) ~[junit-platform-launcher-6.0.3.jar:6.0.3]
	at java.base/jdk.internal.reflect.DirectMethodHandleAccessor.invoke(DirectMethodHandleAccessor.java:103) ~[na:na]
	at java.base/java.lang.reflect.Method.invoke(Method.java:580) ~[na:na]
	at org.apache.maven.surefire.api.util.ReflectionUtils.invokeMethodWithArray(ReflectionUtils.java:125) ~[surefire-api-3.5.6.jar:3.5.6]
	at org.apache.maven.surefire.junitplatform.LauncherAdapter.executeWithCancellationToken(LauncherAdapter.java:68) ~[surefire-junit-platform-3.5.6.jar:3.5.6]
	at org.apache.maven.surefire.junitplatform.LauncherAdapter.execute(LauncherAdapter.java:54) ~[surefire-junit-platform-3.5.6.jar:3.5.6]
	at org.apache.maven.surefire.junitplatform.JUnitPlatformProvider.execute(JUnitPlatformProvider.java:203) ~[surefire-junit-platform-3.5.6.jar:3.5.6]
	at org.apache.maven.surefire.junitplatform.JUnitPlatformProvider.invokeAllTests(JUnitPlatformProvider.java:168) ~[surefire-junit-platform-3.5.6.jar:3.5.6]
	at org.apache.maven.surefire.junitplatform.JUnitPlatformProvider.invoke(JUnitPlatformProvider.java:136) ~[surefire-junit-platform-3.5.6.jar:3.5.6]
	at org.apache.maven.surefire.booter.ForkedBooter.runSuitesInProcess(ForkedBooter.java:385) ~[surefire-booter-3.5.6.jar:3.5.6]
	at org.apache.maven.surefire.booter.ForkedBooter.execute(ForkedBooter.java:162) ~[surefire-booter-3.5.6.jar:3.5.6]
	at org.apache.maven.surefire.booter.ForkedBooter.run(ForkedBooter.java:507) ~[surefire-booter-3.5.6.jar:3.5.6]
	at org.apache.maven.surefire.booter.ForkedBooter.main(ForkedBooter.java:495) ~[surefire-booter-3.5.6.jar:3.5.6]

2026-07-16T14:57:44.620-04:00 DEBUG 10320 --- [ms-venta] [main] o.s.b.f.s.DefaultListableBeanFactory     : Creating shared instance of singleton bean 'org.springframework.context.event.internalEventListenerProcessor'
2026-07-16T14:57:44.638-04:00 DEBUG 10320 --- [ms-venta] [main] o.s.b.f.s.DefaultListableBeanFactory     : Creating shared instance of singleton bean 'bootstrapExecutorAliasPostProcessor'
2026-07-16T14:57:44.645-04:00 DEBUG 10320 --- [ms-venta] [main] o.s.b.f.s.DefaultListableBeanFactory     : Creating shared instance of singleton bean 'preserveErrorControllerTargetClassPostProcessor'
2026-07-16T14:57:44.653-04:00 DEBUG 10320 --- [ms-venta] [main] o.s.b.f.s.DefaultListableBeanFactory     : Creating shared instance of singleton bean 'org.springframework.context.event.internalEventListenerFactory'
2026-07-16T14:57:44.673-04:00 DEBUG 10320 --- [ms-venta] [main] o.s.b.f.s.DefaultListableBeanFactory     : Creating shared instance of singleton bean 'org.springframework.context.annotation.internalAutowiredAnnotationProcessor'
2026-07-16T14:57:44.684-04:00 DEBUG 10320 --- [ms-venta] [main] o.s.b.f.s.DefaultListableBeanFactory     : Creating shared instance of singleton bean 'org.springframework.context.annotation.internalCommonAnnotationProcessor'
2026-07-16T14:57:44.706-04:00 DEBUG 10320 --- [ms-venta] [main] o.s.b.f.s.DefaultListableBeanFactory     : Creating shared instance of singleton bean 'org.springframework.context.annotation.internalPersistenceAnnotationProcessor'
2026-07-16T14:57:44.709-04:00 DEBUG 10320 --- [ms-venta] [main] o.s.b.f.s.DefaultListableBeanFactory     : Creating shared instance of singleton bean 'org.springframework.boot.context.properties.ConfigurationPropertiesBindingPostProcessor'
2026-07-16T14:57:44.709-04:00 DEBUG 10320 --- [ms-venta] [main] o.s.b.f.s.DefaultListableBeanFactory     : Creating shared instance of singleton bean 'org.springframework.boot.context.internalConfigurationPropertiesBinder'
2026-07-16T14:57:44.733-04:00 DEBUG 10320 --- [ms-venta] [main] o.s.b.f.s.DefaultListableBeanFactory     : Creating shared instance of singleton bean 'methodValidationPostProcessor'
2026-07-16T14:57:44.757-04:00 DEBUG 10320 --- [ms-venta] [main] o.s.b.f.s.DefaultListableBeanFactory     : Autowiring by type from bean name 'methodValidationPostProcessor' via factory method to bean named 'environment'
2026-07-16T14:57:44.757-04:00 DEBUG 10320 --- [ms-venta] [main] o.s.b.f.s.DefaultListableBeanFactory     : Creating shared instance of singleton bean 'org.springframework.boot.context.properties.EnableConfigurationPropertiesRegistrar.methodValidationExcludeFilter'
2026-07-16T14:57:44.905-04:00 DEBUG 10320 --- [ms-venta] [main] o.s.b.f.s.DefaultListableBeanFactory     : Creating shared instance of singleton bean 'projectingArgumentResolverBeanPostProcessor'
2026-07-16T14:57:45.010-04:00 DEBUG 10320 --- [ms-venta] [main] o.s.b.f.s.DefaultListableBeanFactory     : Creating shared instance of singleton bean 'applicationTaskExecutor'
2026-07-16T14:57:45.010-04:00 DEBUG 10320 --- [ms-venta] [main] o.s.b.f.s.DefaultListableBeanFactory     : Creating shared instance of singleton bean 'org.springframework.boot.autoconfigure.task.TaskExecutorConfigurations$TaskExecutorConfiguration'
2026-07-16T14:57:45.017-04:00 DEBUG 10320 --- [ms-venta] [main] o.s.b.f.s.DefaultListableBeanFactory     : Creating shared instance of singleton bean 'threadPoolTaskExecutorBuilder'
2026-07-16T14:57:45.017-04:00 DEBUG 10320 --- [ms-venta] [main] o.s.b.f.s.DefaultListableBeanFactory     : Creating shared instance of singleton bean 'org.springframework.boot.autoconfigure.task.TaskExecutorConfigurations$ThreadPoolTaskExecutorBuilderConfiguration'
2026-07-16T14:57:45.022-04:00 DEBUG 10320 --- [ms-venta] [main] o.s.b.f.s.DefaultListableBeanFactory     : Creating shared instance of singleton bean 'spring.task.execution-org.springframework.boot.autoconfigure.task.TaskExecutionProperties'
2026-07-16T14:57:45.028-04:00 DEBUG 10320 --- [ms-venta] [main] o.s.b.f.s.DefaultListableBeanFactory     : Creating shared instance of singleton bean 'org.springframework.boot.context.properties.BoundConfigurationProperties'
2026-07-16T14:57:45.053-04:00 DEBUG 10320 --- [ms-venta] [main] o.s.b.f.s.DefaultListableBeanFactory     : Autowiring by type from bean name 'threadPoolTaskExecutorBuilder' via factory method to bean named 'spring.task.execution-org.springframework.boot.autoconfigure.task.TaskExecutionProperties'
2026-07-16T14:57:45.064-04:00 DEBUG 10320 --- [ms-venta] [main] o.s.b.f.s.DefaultListableBeanFactory     : Autowiring by type from bean name 'applicationTaskExecutor' via factory method to bean named 'threadPoolTaskExecutorBuilder'
2026-07-16T14:57:45.105-04:00 DEBUG 10320 --- [ms-venta] [main] o.s.s.concurrent.ThreadPoolTaskExecutor  : Initializing ExecutorService 'applicationTaskExecutor'
2026-07-16T14:57:45.106-04:00 DEBUG 10320 --- [ms-venta] [main] o.s.b.f.s.DefaultListableBeanFactory     : Creating shared instance of singleton bean 'org.springframework.test.context.support.internalDynamicPropertyRegistrarBeanInitializer'
2026-07-16T14:57:45.111-04:00 DEBUG 10320 --- [ms-venta] [main] o.s.b.f.s.DefaultListableBeanFactory     : Creating shared instance of singleton bean 'ventaServiceApplication'
2026-07-16T14:57:45.116-04:00 DEBUG 10320 --- [ms-venta] [main] o.s.b.f.s.DefaultListableBeanFactory     : Creating shared instance of singleton bean 'ventaController'
2026-07-16T14:57:45.151-04:00 DEBUG 10320 --- [ms-venta] [main] o.s.b.f.s.DefaultListableBeanFactory     : Autowiring by type from bean name 'ventaController' via constructor to bean named 'com.pharmanet.venta_service.service.VentaService#0'
2026-07-16T14:57:45.153-04:00 DEBUG 10320 --- [ms-venta] [main] o.s.b.f.s.DefaultListableBeanFactory     : Creating shared instance of singleton bean 'globalExceptionHandler'
2026-07-16T14:57:45.167-04:00 DEBUG 10320 --- [ms-venta] [main] o.s.b.f.s.DefaultListableBeanFactory     : Creating shared instance of singleton bean 'default.com.pharmanet.venta_service.VentaServiceApplication.FeignClientSpecification'
2026-07-16T14:57:45.181-04:00 DEBUG 10320 --- [ms-venta] [main] o.s.b.f.s.DefaultListableBeanFactory     : Creating shared instance of singleton bean 'inventario-service.FeignClientSpecification'
2026-07-16T14:57:45.182-04:00 DEBUG 10320 --- [ms-venta] [main] o.s.b.f.s.DefaultListableBeanFactory     : Creating shared instance of singleton bean 'com.pharmanet.venta_service.client.InventarioFeignClient'
2026-07-16T14:57:45.182-04:00 DEBUG 10320 --- [ms-venta] [main] o.s.c.openfeign.FeignClientFactoryBean   : Creating a FeignClientFactoryBean.
2026-07-16T14:57:45.195-04:00 DEBUG 10320 --- [ms-venta] [main] o.s.b.f.s.DefaultListableBeanFactory     : Creating shared instance of singleton bean 'producto-service.FeignClientSpecification'
2026-07-16T14:57:45.195-04:00 DEBUG 10320 --- [ms-venta] [main] o.s.b.f.s.DefaultListableBeanFactory     : Creating shared instance of singleton bean 'com.pharmanet.venta_service.client.ProductoFeignClient'
2026-07-16T14:57:45.195-04:00 DEBUG 10320 --- [ms-venta] [main] o.s.c.openfeign.FeignClientFactoryBean   : Creating a FeignClientFactoryBean.
2026-07-16T14:57:45.200-04:00 DEBUG 10320 --- [ms-venta] [main] o.s.b.f.s.DefaultListableBeanFactory     : Creating shared instance of singleton bean 'usuario-service.FeignClientSpecification'
2026-07-16T14:57:45.202-04:00 DEBUG 10320 --- [ms-venta] [main] o.s.b.f.s.DefaultListableBeanFactory     : Creating shared instance of singleton bean 'com.pharmanet.venta_service.client.UsuarioFeignClient'
2026-07-16T14:57:45.202-04:00 DEBUG 10320 --- [ms-venta] [main] o.s.c.openfeign.FeignClientFactoryBean   : Creating a FeignClientFactoryBean.
2026-07-16T14:57:45.203-04:00 DEBUG 10320 --- [ms-venta] [main] o.s.b.f.s.DefaultListableBeanFactory     : Creating shared instance of singleton bean 'org.springframework.boot.autoconfigure.AutoConfigurationPackages'
2026-07-16T14:57:45.205-04:00 DEBUG 10320 --- [ms-venta] [main] o.s.b.f.s.DefaultListableBeanFactory     : Creating shared instance of singleton bean 'org.springframework.boot.autoconfigure.task.TaskExecutorConfigurations$SimpleAsyncTaskExecutorBuilderConfiguration'
2026-07-16T14:57:45.206-04:00 DEBUG 10320 --- [ms-venta] [main] o.s.b.f.s.DefaultListableBeanFactory     : Autowiring by type from bean name 'org.springframework.boot.autoconfigure.task.TaskExecutorConfigurations$SimpleAsyncTaskExecutorBuilderConfiguration' via constructor to bean named 'spring.task.execution-org.springframework.boot.autoconfigure.task.TaskExecutionProperties'
2026-07-16T14:57:45.209-04:00 DEBUG 10320 --- [ms-venta] [main] o.s.b.f.s.DefaultListableBeanFactory     : Creating shared instance of singleton bean 'simpleAsyncTaskExecutorBuilder'
2026-07-16T14:57:45.209-04:00 DEBUG 10320 --- [ms-venta] [main] o.s.b.f.s.DefaultListableBeanFactory     : Creating shared instance of singleton bean 'org.springframework.boot.autoconfigure.task.TaskExecutorConfigurations$AsyncConfigurerConfiguration'
2026-07-16T14:57:45.217-04:00 DEBUG 10320 --- [ms-venta] [main] o.s.b.f.s.DefaultListableBeanFactory     : Creating shared instance of singleton bean 'applicationTaskExecutorAsyncConfigurer'
2026-07-16T14:57:45.217-04:00 DEBUG 10320 --- [ms-venta] [main] o.s.b.f.s.DefaultListableBeanFactory     : Autowiring by type from bean name 'applicationTaskExecutorAsyncConfigurer' via factory method to bean named 'org.springframework.beans.factory.support.DefaultListableBeanFactory@68543a35'
2026-07-16T14:57:45.219-04:00 DEBUG 10320 --- [ms-venta] [main] o.s.b.f.s.DefaultListableBeanFactory     : Creating shared instance of singleton bean 'org.springframework.boot.autoconfigure.task.TaskExecutorConfigurations$BootstrapExecutorConfiguration'
2026-07-16T14:57:45.223-04:00 DEBUG 10320 --- [ms-venta] [main] o.s.b.f.s.DefaultListableBeanFactory     : Creating shared instance of singleton bean 'org.springframework.boot.autoconfigure.task.TaskExecutionAutoConfiguration'
2026-07-16T14:57:45.227-04:00 DEBUG 10320 --- [ms-venta] [main] o.s.b.f.s.DefaultListableBeanFactory     : Creating shared instance of singleton bean 'org.springframework.boot.validation.autoconfigure.ValidationAutoConfiguration'
2026-07-16T14:57:45.233-04:00 DEBUG 10320 --- [ms-venta] [main] o.s.b.f.s.DefaultListableBeanFactory     : Creating shared instance of singleton bean 'defaultValidator'
2026-07-16T14:57:45.233-04:00 DEBUG 10320 --- [ms-venta] [main] o.s.b.f.s.DefaultListableBeanFactory     : Autowiring by type from bean name 'defaultValidator' via factory method to bean named 'org.springframework.web.context.support.GenericWebApplicationContext@79ec57b8'
2026-07-16T14:57:45.241-04:00 DEBUG 10320 --- [ms-venta] [main] .h.v.m.ResourceBundleMessageInterpolator : Loaded expression factory via original TCCL
2026-07-16T14:57:45.250-04:00 DEBUG 10320 --- [ms-venta] [main] o.h.v.i.e.AbstractConfigurationImpl      : Setting custom MessageInterpolator of type org.springframework.validation.beanvalidation.LocaleContextMessageInterpolator
2026-07-16T14:57:45.250-04:00 DEBUG 10320 --- [ms-venta] [main] o.h.v.i.e.AbstractConfigurationImpl      : Setting custom ConstraintValidatorFactory of type org.springframework.validation.beanvalidation.SpringConstraintValidatorFactory
2026-07-16T14:57:45.255-04:00 DEBUG 10320 --- [ms-venta] [main] o.h.v.i.xml.config.ValidationXmlParser   : Trying to load META-INF/validation.xml for XML based Validator configuration.
2026-07-16T14:57:45.258-04:00 DEBUG 10320 --- [ms-venta] [main] o.h.v.i.xml.config.ResourceLoaderHelper  : Trying to load META-INF/validation.xml via user class loader
2026-07-16T14:57:45.259-04:00 DEBUG 10320 --- [ms-venta] [main] o.h.v.i.xml.config.ResourceLoaderHelper  : Trying to load META-INF/validation.xml via TCCL
2026-07-16T14:57:45.259-04:00 DEBUG 10320 --- [ms-venta] [main] o.h.v.i.xml.config.ResourceLoaderHelper  : Trying to load META-INF/validation.xml via Hibernate Validator's class loader
2026-07-16T14:57:45.259-04:00 DEBUG 10320 --- [ms-venta] [main] o.h.v.i.xml.config.ValidationXmlParser   : No META-INF/validation.xml found. Using annotation based configuration only.
2026-07-16T14:57:45.259-04:00 DEBUG 10320 --- [ms-venta] [main] o.h.v.i.e.resolver.TraversableResolvers  : Found jakarta.persistence.Persistence on classpath containing 'getPersistenceUtil'. Assuming Jakarta Persistence environment. Trying to instantiate Jakarta Persistence aware TraversableResolver
2026-07-16T14:57:45.259-04:00 DEBUG 10320 --- [ms-venta] [main] o.h.v.i.e.resolver.TraversableResolvers  : Instantiated Jakarta Persistence aware TraversableResolver of type org.hibernate.validator.internal.engine.resolver.JPATraversableResolver.
2026-07-16T14:57:45.265-04:00 DEBUG 10320 --- [ms-venta] [main] .i.e.ValidatorFactoryConfigurationHelper : HV000252: Using org.hibernate.validator.internal.engine.DefaultPropertyNodeNameProvider as property node name provider.
2026-07-16T14:57:45.265-04:00 DEBUG 10320 --- [ms-venta] [main] .i.e.ValidatorFactoryConfigurationHelper : HV000234: Using org.springframework.validation.beanvalidation.LocaleContextMessageInterpolator as ValidatorFactory-scoped message interpolator.
2026-07-16T14:57:45.266-04:00 DEBUG 10320 --- [ms-venta] [main] .i.e.ValidatorFactoryConfigurationHelper : HV000234: Using org.hibernate.validator.internal.engine.resolver.JPATraversableResolver as ValidatorFactory-scoped traversable resolver.
2026-07-16T14:57:45.266-04:00 DEBUG 10320 --- [ms-venta] [main] .i.e.ValidatorFactoryConfigurationHelper : HV000234: Using org.hibernate.validator.internal.util.ExecutableParameterNameProvider as ValidatorFactory-scoped parameter name provider.
2026-07-16T14:57:45.266-04:00 DEBUG 10320 --- [ms-venta] [main] .i.e.ValidatorFactoryConfigurationHelper : HV000234: Using org.hibernate.validator.internal.engine.DefaultClockProvider as ValidatorFactory-scoped clock provider.
2026-07-16T14:57:45.266-04:00 DEBUG 10320 --- [ms-venta] [main] .i.e.ValidatorFactoryConfigurationHelper : HV000234: Using org.hibernate.validator.internal.engine.scripting.DefaultScriptEvaluatorFactory as ValidatorFactory-scoped script evaluator factory.
2026-07-16T14:57:45.266-04:00 DEBUG 10320 --- [ms-venta] [main] o.s.b.f.s.DefaultListableBeanFactory     : Creating shared instance of singleton bean 'org.springframework.boot.webmvc.autoconfigure.error.ErrorMvcAutoConfiguration$WhitelabelErrorViewConfiguration'
2026-07-16T14:57:45.276-04:00 DEBUG 10320 --- [ms-venta] [main] o.s.b.f.s.DefaultListableBeanFactory     : Creating shared instance of singleton bean 'error'
2026-07-16T14:57:45.280-04:00 DEBUG 10320 --- [ms-venta] [main] o.s.b.f.s.DefaultListableBeanFactory     : Creating shared instance of singleton bean 'beanNameViewResolver'
2026-07-16T14:57:45.282-04:00 DEBUG 10320 --- [ms-venta] [main] o.s.b.f.s.DefaultListableBeanFactory     : Creating shared instance of singleton bean 'org.springframework.boot.webmvc.autoconfigure.error.ErrorMvcAutoConfiguration$DefaultErrorViewResolverConfiguration'
2026-07-16T14:57:45.289-04:00 DEBUG 10320 --- [ms-venta] [main] o.s.b.f.s.DefaultListableBeanFactory     : Creating shared instance of singleton bean 'spring.web-org.springframework.boot.autoconfigure.web.WebProperties'
2026-07-16T14:57:45.319-04:00 DEBUG 10320 --- [ms-venta] [main] o.s.b.f.s.DefaultListableBeanFactory     : Autowiring by type from bean name 'org.springframework.boot.webmvc.autoconfigure.error.ErrorMvcAutoConfiguration$DefaultErrorViewResolverConfiguration' via constructor to bean named 'org.springframework.web.context.support.GenericWebApplicationContext@79ec57b8'
2026-07-16T14:57:45.319-04:00 DEBUG 10320 --- [ms-venta] [main] o.s.b.f.s.DefaultListableBeanFactory     : Autowiring by type from bean name 'org.springframework.boot.webmvc.autoconfigure.error.ErrorMvcAutoConfiguration$DefaultErrorViewResolverConfiguration' via constructor to bean named 'spring.web-org.springframework.boot.autoconfigure.web.WebProperties'
2026-07-16T14:57:45.319-04:00 DEBUG 10320 --- [ms-venta] [main] o.s.b.f.s.DefaultListableBeanFactory     : Creating shared instance of singleton bean 'org.springframework.boot.webmvc.autoconfigure.error.ErrorMvcAutoConfiguration'
2026-07-16T14:57:45.322-04:00 DEBUG 10320 --- [ms-venta] [main] o.s.b.f.s.DefaultListableBeanFactory     : Autowiring by type from bean name 'org.springframework.boot.webmvc.autoconfigure.error.ErrorMvcAutoConfiguration' via constructor to bean named 'spring.web-org.springframework.boot.autoconfigure.web.WebProperties'
2026-07-16T14:57:45.324-04:00 DEBUG 10320 --- [ms-venta] [main] o.s.b.f.s.DefaultListableBeanFactory     : Creating shared instance of singleton bean 'errorAttributes'
2026-07-16T14:57:45.327-04:00 DEBUG 10320 --- [ms-venta] [main] o.s.b.f.s.DefaultListableBeanFactory     : Creating shared instance of singleton bean 'basicErrorController'
2026-07-16T14:57:45.330-04:00 DEBUG 10320 --- [ms-venta] [main] o.s.b.f.s.DefaultListableBeanFactory     : Autowiring by type from bean name 'basicErrorController' via factory method to bean named 'errorAttributes'
2026-07-16T14:57:45.338-04:00 DEBUG 10320 --- [ms-venta] [main] o.s.b.f.s.DefaultListableBeanFactory     : Creating shared instance of singleton bean 'errorPageCustomizer'
2026-07-16T14:57:45.339-04:00 DEBUG 10320 --- [ms-venta] [main] o.s.b.f.s.DefaultListableBeanFactory     : Creating shared instance of singleton bean 'dispatcherServletPath'
2026-07-16T14:57:45.339-04:00 DEBUG 10320 --- [ms-venta] [main] o.s.b.f.s.DefaultListableBeanFactory     : Creating shared instance of singleton bean 'org.springframework.boot.webmvc.test.autoconfigure.MockMvcAutoConfiguration'
2026-07-16T14:57:45.343-04:00 DEBUG 10320 --- [ms-venta] [main] o.s.b.f.s.DefaultListableBeanFactory     : Creating shared instance of singleton bean 'spring.mvc-org.springframework.boot.webmvc.autoconfigure.WebMvcProperties'
2026-07-16T14:57:45.351-04:00 DEBUG 10320 --- [ms-venta] [main] o.s.b.f.s.DefaultListableBeanFactory     : Autowiring by type from bean name 'dispatcherServletPath' via factory method to bean named 'spring.mvc-org.springframework.boot.webmvc.autoconfigure.WebMvcProperties'
2026-07-16T14:57:45.355-04:00 DEBUG 10320 --- [ms-venta] [main] o.s.b.f.s.DefaultListableBeanFactory     : Autowiring by type from bean name 'errorPageCustomizer' via factory method to bean named 'dispatcherServletPath'
2026-07-16T14:57:45.359-04:00 DEBUG 10320 --- [ms-venta] [main] o.s.b.f.s.DefaultListableBeanFactory     : Creating shared instance of singleton bean 'org.springframework.boot.webmvc.autoconfigure.WebMvcAutoConfiguration$EnableWebMvcConfiguration'
2026-07-16T14:57:45.359-04:00 DEBUG 10320 --- [ms-venta] [main] o.s.b.f.s.DefaultListableBeanFactory     : Autowiring by type from bean name 'org.springframework.boot.webmvc.autoconfigure.WebMvcAutoConfiguration$EnableWebMvcConfiguration' via constructor to bean named 'spring.mvc-org.springframework.boot.webmvc.autoconfigure.WebMvcProperties'
2026-07-16T14:57:45.359-04:00 DEBUG 10320 --- [ms-venta] [main] o.s.b.f.s.DefaultListableBeanFactory     : Autowiring by type from bean name 'org.springframework.boot.webmvc.autoconfigure.WebMvcAutoConfiguration$EnableWebMvcConfiguration' via constructor to bean named 'spring.web-org.springframework.boot.autoconfigure.web.WebProperties'
2026-07-16T14:57:45.359-04:00 DEBUG 10320 --- [ms-venta] [main] o.s.b.f.s.DefaultListableBeanFactory     : Autowiring by type from bean name 'org.springframework.boot.webmvc.autoconfigure.WebMvcAutoConfiguration$EnableWebMvcConfiguration' via constructor to bean named 'org.springframework.beans.factory.support.DefaultListableBeanFactory@68543a35'
2026-07-16T14:57:45.377-04:00 DEBUG 10320 --- [ms-venta] [main] o.s.b.f.s.DefaultListableBeanFactory     : Creating shared instance of singleton bean 'org.springframework.boot.webmvc.autoconfigure.WebMvcAutoConfiguration$WebMvcAutoConfigurationAdapter'
2026-07-16T14:57:45.383-04:00 DEBUG 10320 --- [ms-venta] [main] o.s.b.f.s.DefaultListableBeanFactory     : Autowiring by type from bean name 'org.springframework.boot.webmvc.autoconfigure.WebMvcAutoConfiguration$WebMvcAutoConfigurationAdapter' via constructor to bean named 'spring.web-org.springframework.boot.autoconfigure.web.WebProperties'
2026-07-16T14:57:45.383-04:00 DEBUG 10320 --- [ms-venta] [main] o.s.b.f.s.DefaultListableBeanFactory     : Autowiring by type from bean name 'org.springframework.boot.webmvc.autoconfigure.WebMvcAutoConfiguration$WebMvcAutoConfigurationAdapter' via constructor to bean named 'spring.mvc-org.springframework.boot.webmvc.autoconfigure.WebMvcProperties'
2026-07-16T14:57:45.383-04:00 DEBUG 10320 --- [ms-venta] [main] o.s.b.f.s.DefaultListableBeanFactory     : Autowiring by type from bean name 'org.springframework.boot.webmvc.autoconfigure.WebMvcAutoConfiguration$WebMvcAutoConfigurationAdapter' via constructor to bean named 'org.springframework.beans.factory.support.DefaultListableBeanFactory@68543a35'
2026-07-16T14:57:45.387-04:00 DEBUG 10320 --- [ms-venta] [main] o.s.b.f.s.DefaultListableBeanFactory     : Creating shared instance of singleton bean 'resourceHandlerRegistrationCustomizer'
2026-07-16T14:57:45.387-04:00 DEBUG 10320 --- [ms-venta] [main] o.s.b.f.s.DefaultListableBeanFactory     : Creating shared instance of singleton bean 'org.springframework.boot.webmvc.autoconfigure.WebMvcAutoConfiguration$ResourceChainCustomizerConfiguration'
2026-07-16T14:57:45.387-04:00 DEBUG 10320 --- [ms-venta] [main] o.s.b.f.s.DefaultListableBeanFactory     : Autowiring by type from bean name 'resourceHandlerRegistrationCustomizer' via factory method to bean named 'spring.web-org.springframework.boot.autoconfigure.web.WebProperties'
2026-07-16T14:57:45.396-04:00 DEBUG 10320 --- [ms-venta] [main] o.s.b.f.s.DefaultListableBeanFactory     : Creating shared instance of singleton bean 'org.springframework.data.web.config.SpringDataWebConfiguration'
2026-07-16T14:57:45.398-04:00 DEBUG 10320 --- [ms-venta] [main] o.s.b.f.s.DefaultListableBeanFactory     : Autowiring by type from bean name 'org.springframework.data.web.config.SpringDataWebConfiguration' via constructor to bean named 'org.springframework.web.context.support.GenericWebApplicationContext@79ec57b8'
2026-07-16T14:57:45.406-04:00 DEBUG 10320 --- [ms-venta] [main] o.s.b.f.s.DefaultListableBeanFactory     : Creating shared instance of singleton bean 'welcomePageHandlerMapping'
2026-07-16T14:57:45.408-04:00 DEBUG 10320 --- [ms-venta] [main] o.s.b.f.s.DefaultListableBeanFactory     : Creating shared instance of singleton bean 'mvcConversionService'
2026-07-16T14:57:45.418-04:00 DEBUG 10320 --- [ms-venta] [main] o.s.b.f.s.DefaultListableBeanFactory     : Creating shared instance of singleton bean 'mvcResourceUrlProvider'
2026-07-16T14:57:45.434-04:00 DEBUG 10320 --- [ms-venta] [main] o.s.b.f.s.DefaultListableBeanFactory     : Autowiring by type from bean name 'welcomePageHandlerMapping' via factory method to bean named 'org.springframework.web.context.support.GenericWebApplicationContext@79ec57b8'
2026-07-16T14:57:45.434-04:00 DEBUG 10320 --- [ms-venta] [main] o.s.b.f.s.DefaultListableBeanFactory     : Autowiring by type from bean name 'welcomePageHandlerMapping' via factory method to bean named 'mvcConversionService'
2026-07-16T14:57:45.437-04:00 DEBUG 10320 --- [ms-venta] [main] o.s.b.f.s.DefaultListableBeanFactory     : Autowiring by type from bean name 'welcomePageHandlerMapping' via factory method to bean named 'mvcResourceUrlProvider'
2026-07-16T14:57:45.486-04:00 DEBUG 10320 --- [ms-venta] [main] o.s.b.f.s.DefaultListableBeanFactory     : Creating shared instance of singleton bean 'welcomePageNotAcceptableHandlerMapping'
2026-07-16T14:57:45.487-04:00 DEBUG 10320 --- [ms-venta] [main] o.s.b.f.s.DefaultListableBeanFactory     : Autowiring by type from bean name 'welcomePageNotAcceptableHandlerMapping' via factory method to bean named 'org.springframework.web.context.support.GenericWebApplicationContext@79ec57b8'
2026-07-16T14:57:45.487-04:00 DEBUG 10320 --- [ms-venta] [main] o.s.b.f.s.DefaultListableBeanFactory     : Autowiring by type from bean name 'welcomePageNotAcceptableHandlerMapping' via factory method to bean named 'mvcConversionService'
2026-07-16T14:57:45.487-04:00 DEBUG 10320 --- [ms-venta] [main] o.s.b.f.s.DefaultListableBeanFactory     : Autowiring by type from bean name 'welcomePageNotAcceptableHandlerMapping' via factory method to bean named 'mvcResourceUrlProvider'
2026-07-16T14:57:45.493-04:00 DEBUG 10320 --- [ms-venta] [main] o.s.b.f.s.DefaultListableBeanFactory     : Creating shared instance of singleton bean 'localeResolver'
2026-07-16T14:57:45.497-04:00 DEBUG 10320 --- [ms-venta] [main] o.s.b.f.s.DefaultListableBeanFactory     : Creating shared instance of singleton bean 'flashMapManager'
2026-07-16T14:57:45.505-04:00 DEBUG 10320 --- [ms-venta] [main] o.s.b.f.s.DefaultListableBeanFactory     : Creating shared instance of singleton bean 'viewNameTranslator'
2026-07-16T14:57:45.515-04:00 DEBUG 10320 --- [ms-venta] [main] o.s.b.f.s.DefaultListableBeanFactory     : Creating shared instance of singleton bean 'mvcValidator'
2026-07-16T14:57:45.516-04:00 DEBUG 10320 --- [ms-venta] [main] o.s.b.f.s.DefaultListableBeanFactory     : Creating shared instance of singleton bean 'requestMappingHandlerMapping'
2026-07-16T14:57:45.523-04:00 DEBUG 10320 --- [ms-venta] [main] o.s.b.f.s.DefaultListableBeanFactory     : Creating shared instance of singleton bean 'mvcContentNegotiationManager'
2026-07-16T14:57:45.526-04:00 DEBUG 10320 --- [ms-venta] [main] o.s.b.f.s.DefaultListableBeanFactory     : Creating shared instance of singleton bean 'stringHttpMessageConvertersCustomizer'
2026-07-16T14:57:45.526-04:00 DEBUG 10320 --- [ms-venta] [main] o.s.b.f.s.DefaultListableBeanFactory     : Creating shared instance of singleton bean 'org.springframework.boot.http.converter.autoconfigure.HttpMessageConvertersAutoConfiguration$StringHttpMessageConverterConfiguration'
2026-07-16T14:57:45.529-04:00 DEBUG 10320 --- [ms-venta] [main] o.s.b.f.s.DefaultListableBeanFactory     : Creating shared instance of singleton bean 'spring.http.converters-org.springframework.boot.http.converter.autoconfigure.HttpMessageConvertersProperties'
2026-07-16T14:57:45.529-04:00 DEBUG 10320 --- [ms-venta] [main] o.s.b.f.s.DefaultListableBeanFactory     : Autowiring by type from bean name 'stringHttpMessageConvertersCustomizer' via factory method to bean named 'spring.http.converters-org.springframework.boot.http.converter.autoconfigure.HttpMessageConvertersProperties'
2026-07-16T14:57:45.534-04:00 DEBUG 10320 --- [ms-venta] [main] o.s.b.f.s.DefaultListableBeanFactory     : Creating shared instance of singleton bean 'jacksonJsonHttpMessageConvertersCustomizer'
2026-07-16T14:57:45.534-04:00 DEBUG 10320 --- [ms-venta] [main] o.s.b.f.s.DefaultListableBeanFactory     : Creating shared instance of singleton bean 'org.springframework.boot.http.converter.autoconfigure.JacksonHttpMessageConvertersConfiguration$JacksonJsonHttpMessageConverterConfiguration'
2026-07-16T14:57:45.538-04:00 DEBUG 10320 --- [ms-venta] [main] o.s.b.f.s.DefaultListableBeanFactory     : Creating shared instance of singleton bean 'jacksonJsonMapper'
2026-07-16T14:57:45.538-04:00 DEBUG 10320 --- [ms-venta] [main] o.s.b.f.s.DefaultListableBeanFactory     : Creating shared instance of singleton bean 'org.springframework.boot.jackson.autoconfigure.JacksonAutoConfiguration'
2026-07-16T14:57:45.538-04:00 DEBUG 10320 --- [ms-venta] [main] o.s.b.f.s.DefaultListableBeanFactory     : Creating shared instance of singleton bean 'problemDetailJsonMapperBuilderCustomizer'
2026-07-16T14:57:45.538-04:00 DEBUG 10320 --- [ms-venta] [main] o.s.b.f.s.DefaultListableBeanFactory     : Creating shared instance of singleton bean 'org.springframework.boot.jackson.autoconfigure.JacksonAutoConfiguration$JsonProblemDetailsConfiguration'
2026-07-16T14:57:45.538-04:00 DEBUG 10320 --- [ms-venta] [main] o.s.b.f.s.DefaultListableBeanFactory     : Creating shared instance of singleton bean 'standardJsonMapperBuilderCustomizer'
2026-07-16T14:57:45.538-04:00 DEBUG 10320 --- [ms-venta] [main] o.s.b.f.s.DefaultListableBeanFactory     : Creating shared instance of singleton bean 'org.springframework.boot.jackson.autoconfigure.JacksonAutoConfiguration$JacksonJsonMapperBuilderCustomizerConfiguration'
2026-07-16T14:57:45.546-04:00 DEBUG 10320 --- [ms-venta] [main] o.s.b.f.s.DefaultListableBeanFactory     : Creating shared instance of singleton bean 'spring.jackson-org.springframework.boot.jackson.autoconfigure.JacksonProperties'
2026-07-16T14:57:45.550-04:00 DEBUG 10320 --- [ms-venta] [main] o.s.b.f.s.DefaultListableBeanFactory     : Autowiring by type from bean name 'standardJsonMapperBuilderCustomizer' via factory method to bean named 'spring.jackson-org.springframework.boot.jackson.autoconfigure.JacksonProperties'
2026-07-16T14:57:45.555-04:00 DEBUG 10320 --- [ms-venta] [main] o.s.b.f.s.DefaultListableBeanFactory     : Creating shared instance of singleton bean 'jackson3GeoModule'
2026-07-16T14:57:45.555-04:00 DEBUG 10320 --- [ms-venta] [main] o.s.b.f.s.DefaultListableBeanFactory     : Creating shared instance of singleton bean 'org.springframework.data.web.config.SpringDataJackson3Configuration'
2026-07-16T14:57:45.559-04:00 DEBUG 10320 --- [ms-venta] [main] o.s.b.f.s.DefaultListableBeanFactory     : Creating shared instance of singleton bean 'springDataWebSettings'
2026-07-16T14:57:45.559-04:00 DEBUG 10320 --- [ms-venta] [main] o.s.b.f.s.DefaultListableBeanFactory     : Creating shared instance of singleton bean 'org.springframework.boot.data.autoconfigure.web.DataWebAutoConfiguration'
2026-07-16T14:57:45.559-04:00 DEBUG 10320 --- [ms-venta] [main] o.s.b.f.s.DefaultListableBeanFactory     : Creating shared instance of singleton bean 'spring.data.web-org.springframework.boot.data.autoconfigure.web.DataWebProperties'
2026-07-16T14:57:45.562-04:00 DEBUG 10320 --- [ms-venta] [main] o.s.b.f.s.DefaultListableBeanFactory     : Autowiring by type from bean name 'org.springframework.boot.data.autoconfigure.web.DataWebAutoConfiguration' via constructor to bean named 'spring.data.web-org.springframework.boot.data.autoconfigure.web.DataWebProperties'
2026-07-16T14:57:45.582-04:00 DEBUG 10320 --- [ms-venta] [main] o.s.b.f.s.DefaultListableBeanFactory     : Creating shared instance of singleton bean 'jackson3pageModule'
2026-07-16T14:57:45.587-04:00 DEBUG 10320 --- [ms-venta] [main] o.s.b.f.s.DefaultListableBeanFactory     : Creating shared instance of singleton bean 'jacksonMixinModule'
2026-07-16T14:57:45.587-04:00 DEBUG 10320 --- [ms-venta] [main] o.s.b.f.s.DefaultListableBeanFactory     : Creating shared instance of singleton bean 'org.springframework.boot.jackson.autoconfigure.JacksonAutoConfiguration$JacksonMixinConfiguration'
2026-07-16T14:57:45.587-04:00 DEBUG 10320 --- [ms-venta] [main] o.s.b.f.s.DefaultListableBeanFactory     : Creating shared instance of singleton bean 'jacksonMixinModuleEntries'
2026-07-16T14:57:45.587-04:00 DEBUG 10320 --- [ms-venta] [main] o.s.b.f.s.DefaultListableBeanFactory     : Autowiring by type from bean name 'jacksonMixinModuleEntries' via factory method to bean named 'org.springframework.web.context.support.GenericWebApplicationContext@79ec57b8'
2026-07-16T14:57:45.587-04:00 DEBUG 10320 --- [ms-venta] [main] o.s.b.a.AutoConfigurationPackages        : @EnableAutoConfiguration was declared on a class in the package 'com.pharmanet.venta_service'. Automatic @Repository and @Entity scanning is enabled.
2026-07-16T14:57:45.609-04:00 DEBUG 10320 --- [ms-venta] [main] o.s.b.f.s.DefaultListableBeanFactory     : Autowiring by type from bean name 'jacksonMixinModule' via factory method to bean named 'org.springframework.web.context.support.GenericWebApplicationContext@79ec57b8'
2026-07-16T14:57:45.609-04:00 DEBUG 10320 --- [ms-venta] [main] o.s.b.f.s.DefaultListableBeanFactory     : Autowiring by type from bean name 'jacksonMixinModule' via factory method to bean named 'jacksonMixinModuleEntries'
2026-07-16T14:57:45.616-04:00 DEBUG 10320 --- [ms-venta] [main] o.s.b.f.s.DefaultListableBeanFactory     : Creating shared instance of singleton bean 'jsonComponentModule'
2026-07-16T14:57:45.629-04:00 DEBUG 10320 --- [ms-venta] [main] o.s.b.f.s.DefaultListableBeanFactory     : Autowiring by type from bean name 'jsonMapperBuilder' via factory method to bean named 'problemDetailJsonMapperBuilderCustomizer'
2026-07-16T14:57:45.629-04:00 DEBUG 10320 --- [ms-venta] [main] o.s.b.f.s.DefaultListableBeanFactory     : Autowiring by type from bean name 'jsonMapperBuilder' via factory method to bean named 'standardJsonMapperBuilderCustomizer'
2026-07-16T14:57:45.646-04:00 DEBUG 10320 --- [ms-venta] [main] o.s.b.f.s.DefaultListableBeanFactory     : Autowiring by type from bean name 'jacksonJsonMapper' via factory method to bean named 'jsonMapperBuilder'
2026-07-16T14:57:45.692-04:00 DEBUG 10320 --- [ms-venta] [main] o.s.b.f.s.DefaultListableBeanFactory     : Autowiring by type from bean name 'jacksonJsonHttpMessageConvertersCustomizer' via factory method to bean named 'jacksonJsonMapper'
2026-07-16T14:57:45.693-04:00 DEBUG 10320 --- [ms-venta] [main] o.s.b.f.s.DefaultListableBeanFactory     : Creating shared instance of singleton bean 'serverConvertersCustomizer'
2026-07-16T14:57:45.693-04:00 DEBUG 10320 --- [ms-venta] [main] o.s.b.f.s.DefaultListableBeanFactory     : Creating shared instance of singleton bean 'org.springframework.boot.http.converter.autoconfigure.HttpMessageConvertersAutoConfiguration'
2026-07-16T14:57:45.833-04:00 DEBUG 10320 --- [ms-venta] [main] o.s.b.f.s.DefaultListableBeanFactory     : Creating shared instance of singleton bean 'mvcApiVersionStrategy'
2026-07-16T14:57:45.848-04:00 DEBUG 10320 --- [ms-venta] [main] o.s.b.f.s.DefaultListableBeanFactory     : Autowiring by type from bean name 'requestMappingHandlerMapping' via factory method to bean named 'mvcContentNegotiationManager'
2026-07-16T14:57:45.848-04:00 DEBUG 10320 --- [ms-venta] [main] o.s.b.f.s.DefaultListableBeanFactory     : Autowiring by type from bean name 'requestMappingHandlerMapping' via factory method to bean named 'mvcApiVersionStrategy'
2026-07-16T14:57:45.848-04:00 DEBUG 10320 --- [ms-venta] [main] o.s.b.f.s.DefaultListableBeanFactory     : Autowiring by type from bean name 'requestMappingHandlerMapping' via factory method to bean named 'mvcConversionService'
2026-07-16T14:57:45.848-04:00 DEBUG 10320 --- [ms-venta] [main] o.s.b.f.s.DefaultListableBeanFactory     : Autowiring by type from bean name 'requestMappingHandlerMapping' via factory method to bean named 'mvcResourceUrlProvider'
2026-07-16T14:57:45.979-04:00 DEBUG 10320 --- [ms-venta] [main] _.s.web.servlet.HandlerMapping.Mappings  : 
	c.p.v.c.VentaController:
	{DELETE [/api/v1/ventas/{codVenta}]}: eliminarVenta(Long)
	{GET [/api/v1/ventas/dia/{dia}]}: buscarPorDia(LocalDate,Pageable)
	{GET [/api/v1/ventas/entre-fechas]}: buscarPorFechas(LocalDate,LocalDate,Pageable)
	{PUT [/api/v1/ventas]}: actualizarVenta(VentaDto)
	{POST [/api/v1/ventas]}: agregarVenta(RegistroVenta)
	{GET [/api/v1/ventas]}: mostrarTodos(Pageable)
	{GET [/api/v1/ventas/{codVenta}]}: buscarPorCodVenta(Long)
2026-07-16T14:57:46.031-04:00 DEBUG 10320 --- [ms-venta] [main] _.s.web.servlet.HandlerMapping.Mappings  : 
	o.s.b.w.a.e.BasicErrorController:
	{ [/error]}: error(HttpServletRequest)
	{ [/error], produces [text/html]}: errorHtml(HttpServletRequest,HttpServletResponse)
2026-07-16T14:57:46.034-04:00 DEBUG 10320 --- [ms-venta] [main] s.w.s.m.m.a.RequestMappingHandlerMapping : 9 mappings in 'requestMappingHandlerMapping'
2026-07-16T14:57:46.036-04:00 DEBUG 10320 --- [ms-venta] [main] o.s.b.f.s.DefaultListableBeanFactory     : Creating shared instance of singleton bean 'mvcPatternParser'
2026-07-16T14:57:46.036-04:00 DEBUG 10320 --- [ms-venta] [main] o.s.b.f.s.DefaultListableBeanFactory     : Creating shared instance of singleton bean 'mvcUrlPathHelper'
2026-07-16T14:57:46.036-04:00 DEBUG 10320 --- [ms-venta] [main] o.s.b.f.s.DefaultListableBeanFactory     : Creating shared instance of singleton bean 'mvcPathMatcher'
2026-07-16T14:57:46.040-04:00 DEBUG 10320 --- [ms-venta] [main] o.s.b.f.s.DefaultListableBeanFactory     : Creating shared instance of singleton bean 'viewControllerHandlerMapping'
2026-07-16T14:57:46.042-04:00 DEBUG 10320 --- [ms-venta] [main] o.s.b.f.s.DefaultListableBeanFactory     : Autowiring by type from bean name 'viewControllerHandlerMapping' via factory method to bean named 'mvcConversionService'
2026-07-16T14:57:46.042-04:00 DEBUG 10320 --- [ms-venta] [main] o.s.b.f.s.DefaultListableBeanFactory     : Autowiring by type from bean name 'viewControllerHandlerMapping' via factory method to bean named 'mvcResourceUrlProvider'
2026-07-16T14:57:46.043-04:00 DEBUG 10320 --- [ms-venta] [main] o.s.b.f.s.DefaultListableBeanFactory     : Creating shared instance of singleton bean 'beanNameHandlerMapping'
2026-07-16T14:57:46.043-04:00 DEBUG 10320 --- [ms-venta] [main] o.s.b.f.s.DefaultListableBeanFactory     : Autowiring by type from bean name 'beanNameHandlerMapping' via factory method to bean named 'mvcConversionService'
2026-07-16T14:57:46.043-04:00 DEBUG 10320 --- [ms-venta] [main] o.s.b.f.s.DefaultListableBeanFactory     : Autowiring by type from bean name 'beanNameHandlerMapping' via factory method to bean named 'mvcResourceUrlProvider'
2026-07-16T14:57:46.046-04:00 DEBUG 10320 --- [ms-venta] [main] _.s.web.servlet.HandlerMapping.Mappings  : 'beanNameHandlerMapping' {}
2026-07-16T14:57:46.046-04:00 DEBUG 10320 --- [ms-venta] [main] o.s.b.f.s.DefaultListableBeanFactory     : Creating shared instance of singleton bean 'routerFunctionMapping'
2026-07-16T14:57:46.046-04:00 DEBUG 10320 --- [ms-venta] [main] o.s.b.f.s.DefaultListableBeanFactory     : Autowiring by type from bean name 'routerFunctionMapping' via factory method to bean named 'mvcConversionService'
2026-07-16T14:57:46.046-04:00 DEBUG 10320 --- [ms-venta] [main] o.s.b.f.s.DefaultListableBeanFactory     : Autowiring by type from bean name 'routerFunctionMapping' via factory method to bean named 'mvcResourceUrlProvider'
2026-07-16T14:57:46.046-04:00 DEBUG 10320 --- [ms-venta] [main] o.s.b.f.s.DefaultListableBeanFactory     : Autowiring by type from bean name 'routerFunctionMapping' via factory method to bean named 'mvcApiVersionStrategy'
2026-07-16T14:57:46.057-04:00 DEBUG 10320 --- [ms-venta] [main] o.s.b.f.s.DefaultListableBeanFactory     : Creating shared instance of singleton bean 'resourceHandlerMapping'
2026-07-16T14:57:46.060-04:00 DEBUG 10320 --- [ms-venta] [main] o.s.b.f.s.DefaultListableBeanFactory     : Autowiring by type from bean name 'resourceHandlerMapping' via factory method to bean named 'mvcContentNegotiationManager'
2026-07-16T14:57:46.060-04:00 DEBUG 10320 --- [ms-venta] [main] o.s.b.f.s.DefaultListableBeanFactory     : Autowiring by type from bean name 'resourceHandlerMapping' via factory method to bean named 'mvcConversionService'
2026-07-16T14:57:46.060-04:00 DEBUG 10320 --- [ms-venta] [main] o.s.b.f.s.DefaultListableBeanFactory     : Autowiring by type from bean name 'resourceHandlerMapping' via factory method to bean named 'mvcResourceUrlProvider'
2026-07-16T14:57:46.107-04:00 DEBUG 10320 --- [ms-venta] [main] _.s.web.servlet.HandlerMapping.Mappings  : 'resourceHandlerMapping' {/webjars/**=ResourceHttpRequestHandler [classpath [META-INF/resources/webjars/]], /**=ResourceHttpRequestHandler [classpath [META-INF/resources/], classpath [resources/], classpath [static/], classpath [public/], ServletContext [/]]}
2026-07-16T14:57:46.107-04:00 DEBUG 10320 --- [ms-venta] [main] o.s.b.f.s.DefaultListableBeanFactory     : Creating shared instance of singleton bean 'defaultServletHandlerMapping'
2026-07-16T14:57:46.107-04:00 DEBUG 10320 --- [ms-venta] [main] o.s.b.f.s.DefaultListableBeanFactory     : Creating shared instance of singleton bean 'requestMappingHandlerAdapter'
2026-07-16T14:57:46.111-04:00 DEBUG 10320 --- [ms-venta] [main] o.s.b.f.s.DefaultListableBeanFactory     : Autowiring by type from bean name 'requestMappingHandlerAdapter' via factory method to bean named 'mvcContentNegotiationManager'
2026-07-16T14:57:46.111-04:00 DEBUG 10320 --- [ms-venta] [main] o.s.b.f.s.DefaultListableBeanFactory     : Autowiring by type from bean name 'requestMappingHandlerAdapter' via factory method to bean named 'mvcConversionService'
2026-07-16T14:57:46.111-04:00 DEBUG 10320 --- [ms-venta] [main] o.s.b.f.s.DefaultListableBeanFactory     : Autowiring by type from bean name 'requestMappingHandlerAdapter' via factory method to bean named 'mvcValidator'
2026-07-16T14:57:46.431-04:00 DEBUG 10320 --- [ms-venta] [main] o.s.b.f.s.DefaultListableBeanFactory     : Creating shared instance of singleton bean 'sortResolver'
2026-07-16T14:57:46.438-04:00 DEBUG 10320 --- [ms-venta] [main] o.s.b.f.s.DefaultListableBeanFactory     : Creating shared instance of singleton bean 'sortCustomizer'
2026-07-16T14:57:46.440-04:00 DEBUG 10320 --- [ms-venta] [main] o.s.b.f.s.DefaultListableBeanFactory     : Creating shared instance of singleton bean 'pageableResolver'
2026-07-16T14:57:46.447-04:00 DEBUG 10320 --- [ms-venta] [main] o.s.b.f.s.DefaultListableBeanFactory     : Creating shared instance of singleton bean 'pageableCustomizer'
2026-07-16T14:57:46.494-04:00 DEBUG 10320 --- [ms-venta] [main] s.w.s.m.m.a.RequestMappingHandlerAdapter : ControllerAdvice beans: 0 @ModelAttribute, 0 @InitBinder, 2 RequestBodyAdvice, 1 ResponseBodyAdvice
2026-07-16T14:57:46.600-04:00 DEBUG 10320 --- [ms-venta] [main] o.s.b.f.s.DefaultListableBeanFactory     : Creating shared instance of singleton bean 'mvcViewResolver'
2026-07-16T14:57:46.601-04:00 DEBUG 10320 --- [ms-venta] [main] o.s.b.f.s.DefaultListableBeanFactory     : Autowiring by type from bean name 'mvcViewResolver' via factory method to bean named 'mvcContentNegotiationManager'
2026-07-16T14:57:46.606-04:00 DEBUG 10320 --- [ms-venta] [main] o.s.b.f.s.DefaultListableBeanFactory     : Creating shared instance of singleton bean 'defaultViewResolver'
2026-07-16T14:57:46.632-04:00 DEBUG 10320 --- [ms-venta] [main] o.s.b.f.s.DefaultListableBeanFactory     : Creating shared instance of singleton bean 'viewResolver'
2026-07-16T14:57:46.632-04:00 DEBUG 10320 --- [ms-venta] [main] o.s.b.f.s.DefaultListableBeanFactory     : Autowiring by type from bean name 'viewResolver' via factory method to bean named 'org.springframework.beans.factory.support.DefaultListableBeanFactory@68543a35'
2026-07-16T14:57:46.634-04:00 DEBUG 10320 --- [ms-venta] [main] o.s.b.f.s.DefaultListableBeanFactory     : Creating shared instance of singleton bean 'viewResolver'
2026-07-16T14:57:46.662-04:00 DEBUG 10320 --- [ms-venta] [main] o.s.b.f.s.DefaultListableBeanFactory     : Creating shared instance of singleton bean 'handlerFunctionAdapter'
2026-07-16T14:57:46.670-04:00 DEBUG 10320 --- [ms-venta] [main] o.s.b.f.s.DefaultListableBeanFactory     : Creating shared instance of singleton bean 'mvcUriComponentsContributor'
2026-07-16T14:57:46.670-04:00 DEBUG 10320 --- [ms-venta] [main] o.s.b.f.s.DefaultListableBeanFactory     : Autowiring by type from bean name 'mvcUriComponentsContributor' via factory method to bean named 'mvcConversionService'
2026-07-16T14:57:46.670-04:00 DEBUG 10320 --- [ms-venta] [main] o.s.b.f.s.DefaultListableBeanFactory     : Autowiring by type from bean name 'mvcUriComponentsContributor' via factory method to bean named 'requestMappingHandlerAdapter'
2026-07-16T14:57:46.675-04:00 DEBUG 10320 --- [ms-venta] [main] o.s.b.f.s.DefaultListableBeanFactory     : Creating shared instance of singleton bean 'httpRequestHandlerAdapter'
2026-07-16T14:57:46.675-04:00 DEBUG 10320 --- [ms-venta] [main] o.s.b.f.s.DefaultListableBeanFactory     : Creating shared instance of singleton bean 'simpleControllerHandlerAdapter'
2026-07-16T14:57:46.675-04:00 DEBUG 10320 --- [ms-venta] [main] o.s.b.f.s.DefaultListableBeanFactory     : Creating shared instance of singleton bean 'handlerExceptionResolver'
2026-07-16T14:57:46.675-04:00 DEBUG 10320 --- [ms-venta] [main] o.s.b.f.s.DefaultListableBeanFactory     : Autowiring by type from bean name 'handlerExceptionResolver' via factory method to bean named 'mvcContentNegotiationManager'
2026-07-16T14:57:46.694-04:00 DEBUG 10320 --- [ms-venta] [main] .m.m.a.ExceptionHandlerExceptionResolver : ControllerAdvice beans: 1 @ExceptionHandler, 1 ResponseBodyAdvice
2026-07-16T14:57:46.701-04:00 DEBUG 10320 --- [ms-venta] [main] o.s.b.f.s.DefaultListableBeanFactory     : Creating shared instance of singleton bean 'requestContextFilter'
2026-07-16T14:57:46.708-04:00 DEBUG 10320 --- [ms-venta] [main] o.s.b.f.s.DefaultListableBeanFactory     : Creating shared instance of singleton bean 'org.springframework.boot.webmvc.autoconfigure.WebMvcAutoConfiguration'
2026-07-16T14:57:46.710-04:00 DEBUG 10320 --- [ms-venta] [main] o.s.b.f.s.DefaultListableBeanFactory     : Creating shared instance of singleton bean 'formContentFilter'
2026-07-16T14:57:46.712-04:00 DEBUG 10320 --- [ms-venta] [main] o.s.b.f.s.DefaultListableBeanFactory     : Creating shared instance of singleton bean 'org.springframework.data.web.config.ProjectingArgumentResolverRegistrar'
2026-07-16T14:57:46.712-04:00 DEBUG 10320 --- [ms-venta] [main] o.s.b.f.s.DefaultListableBeanFactory     : Creating shared instance of singleton bean 'offsetResolver'
2026-07-16T14:57:46.717-04:00 DEBUG 10320 --- [ms-venta] [main] o.s.b.f.s.DefaultListableBeanFactory     : Creating shared instance of singleton bean 'org.springframework.data.web.config.SpringDataJacksonConfiguration'
2026-07-16T14:57:46.719-04:00 DEBUG 10320 --- [ms-venta] [main] o.s.b.f.s.DefaultListableBeanFactory     : Creating shared instance of singleton bean 'jacksonGeoModule'
2026-07-16T14:57:46.725-04:00 DEBUG 10320 --- [ms-venta] [main] o.s.b.f.s.DefaultListableBeanFactory     : Creating shared instance of singleton bean 'pageModule'
2026-07-16T14:57:46.725-04:00 DEBUG 10320 --- [ms-venta] [main] o.s.b.f.s.DefaultListableBeanFactory     : Creating shared instance of singleton bean 'org.springframework.boot.jackson2.autoconfigure.Jackson2AutoConfiguration$Jackson2ObjectMapperBuilderCustomizerConfiguration'
2026-07-16T14:57:46.725-04:00 DEBUG 10320 --- [ms-venta] [main] o.s.b.f.s.DefaultListableBeanFactory     : Creating shared instance of singleton bean 'standardJackson2ObjectMapperBuilderCustomizer'
2026-07-16T14:57:46.732-04:00 DEBUG 10320 --- [ms-venta] [main] o.s.b.f.s.DefaultListableBeanFactory     : Creating shared instance of singleton bean 'spring.jackson2-org.springframework.boot.jackson2.autoconfigure.Jackson2Properties'
2026-07-16T14:57:46.739-04:00 DEBUG 10320 --- [ms-venta] [main] o.s.b.f.s.DefaultListableBeanFactory     : Autowiring by type from bean name 'standardJackson2ObjectMapperBuilderCustomizer' via factory method to bean named 'spring.jackson2-org.springframework.boot.jackson2.autoconfigure.Jackson2Properties'
2026-07-16T14:57:46.739-04:00 DEBUG 10320 --- [ms-venta] [main] o.s.b.f.s.DefaultListableBeanFactory     : Creating shared instance of singleton bean 'jackson2ParameterNamesModule'
2026-07-16T14:57:46.739-04:00 DEBUG 10320 --- [ms-venta] [main] o.s.b.f.s.DefaultListableBeanFactory     : Creating shared instance of singleton bean 'org.springframework.boot.jackson2.autoconfigure.Jackson2AutoConfiguration$ParameterNamesModuleConfiguration'
2026-07-16T14:57:46.743-04:00 DEBUG 10320 --- [ms-venta] [main] o.s.b.f.s.DefaultListableBeanFactory     : Creating shared instance of singleton bean 'jackson2JsonMixinModule'
2026-07-16T14:57:46.743-04:00 DEBUG 10320 --- [ms-venta] [main] o.s.b.f.s.DefaultListableBeanFactory     : Creating shared instance of singleton bean 'org.springframework.boot.jackson2.autoconfigure.Jackson2AutoConfiguration$JacksonMixinConfiguration'
2026-07-16T14:57:46.743-04:00 DEBUG 10320 --- [ms-venta] [main] o.s.b.f.s.DefaultListableBeanFactory     : Creating shared instance of singleton bean 'jackson2JsonMixinModuleEntries'
2026-07-16T14:57:46.743-04:00 DEBUG 10320 --- [ms-venta] [main] o.s.b.f.s.DefaultListableBeanFactory     : Autowiring by type from bean name 'jackson2JsonMixinModuleEntries' via factory method to bean named 'org.springframework.web.context.support.GenericWebApplicationContext@79ec57b8'
2026-07-16T14:57:46.758-04:00 DEBUG 10320 --- [ms-venta] [main] o.s.b.f.s.DefaultListableBeanFactory     : Autowiring by type from bean name 'jackson2JsonMixinModule' via factory method to bean named 'org.springframework.web.context.support.GenericWebApplicationContext@79ec57b8'
2026-07-16T14:57:46.758-04:00 DEBUG 10320 --- [ms-venta] [main] o.s.b.f.s.DefaultListableBeanFactory     : Autowiring by type from bean name 'jackson2JsonMixinModule' via factory method to bean named 'jackson2JsonMixinModuleEntries'
2026-07-16T14:57:46.762-04:00 DEBUG 10320 --- [ms-venta] [main] o.s.b.f.s.DefaultListableBeanFactory     : Creating shared instance of singleton bean 'jackson2JsonComponentModule'
2026-07-16T14:57:46.762-04:00 DEBUG 10320 --- [ms-venta] [main] o.s.b.f.s.DefaultListableBeanFactory     : Creating shared instance of singleton bean 'org.springframework.boot.jackson2.autoconfigure.Jackson2AutoConfiguration'
2026-07-16T14:57:46.768-04:00 DEBUG 10320 --- [ms-venta] [main] o.s.b.f.s.DefaultListableBeanFactory     : Creating shared instance of singleton bean 'org.springframework.boot.jackson2.autoconfigure.Jackson2AutoConfiguration$JacksonObjectMapperBuilderConfiguration'
2026-07-16T14:57:46.768-04:00 DEBUG 10320 --- [ms-venta] [main] o.s.b.f.s.DefaultListableBeanFactory     : Creating shared instance of singleton bean 'org.springframework.boot.jackson2.autoconfigure.Jackson2AutoConfiguration$JacksonObjectMapperConfiguration'
2026-07-16T14:57:46.768-04:00 DEBUG 10320 --- [ms-venta] [main] o.s.b.f.s.DefaultListableBeanFactory     : Creating shared instance of singleton bean 'jackson2ObjectMapper'
2026-07-16T14:57:46.770-04:00 DEBUG 10320 --- [ms-venta] [main] o.s.b.f.s.DefaultListableBeanFactory     : Autowiring by type from bean name 'jackson2ObjectMapperBuilder' via factory method to bean named 'org.springframework.web.context.support.GenericWebApplicationContext@79ec57b8'
2026-07-16T14:57:46.770-04:00 DEBUG 10320 --- [ms-venta] [main] o.s.b.f.s.DefaultListableBeanFactory     : Autowiring by type from bean name 'jackson2ObjectMapperBuilder' via factory method to bean named 'standardJackson2ObjectMapperBuilderCustomizer'
2026-07-16T14:57:46.774-04:00 DEBUG 10320 --- [ms-venta] [main] o.s.b.f.s.DefaultListableBeanFactory     : Autowiring by type from bean name 'jackson2ObjectMapper' via factory method to bean named 'jackson2ObjectMapperBuilder'
2026-07-16T14:57:46.823-04:00 DEBUG 10320 --- [ms-venta] [main] o.s.b.f.s.DefaultListableBeanFactory     : Creating shared instance of singleton bean 'org.springframework.boot.http.converter.autoconfigure.JacksonHttpMessageConvertersConfiguration'
2026-07-16T14:57:46.825-04:00 DEBUG 10320 --- [ms-venta] [main] o.s.b.f.s.DefaultListableBeanFactory     : Creating shared instance of singleton bean 'org.springframework.boot.http.converter.autoconfigure.Jackson2HttpMessageConvertersConfiguration'
2026-07-16T14:57:46.825-04:00 DEBUG 10320 --- [ms-venta] [main] o.s.b.f.s.DefaultListableBeanFactory     : Creating shared instance of singleton bean 'org.springframework.boot.http.converter.autoconfigure.GsonHttpMessageConvertersConfiguration'
2026-07-16T14:57:46.826-04:00 DEBUG 10320 --- [ms-venta] [main] o.s.b.f.s.DefaultListableBeanFactory     : Creating shared instance of singleton bean 'clientConvertersCustomizer'
2026-07-16T14:57:46.829-04:00 DEBUG 10320 --- [ms-venta] [main] o.s.b.f.s.DefaultListableBeanFactory     : Creating shared instance of singleton bean 'org.springframework.boot.servlet.autoconfigure.HttpEncodingAutoConfiguration'
2026-07-16T14:57:46.829-04:00 DEBUG 10320 --- [ms-venta] [main] o.s.b.f.s.DefaultListableBeanFactory     : Creating shared instance of singleton bean 'characterEncodingFilter'
2026-07-16T14:57:46.829-04:00 DEBUG 10320 --- [ms-venta] [main] o.s.b.f.s.DefaultListableBeanFactory     : Creating shared instance of singleton bean 'spring.servlet.encoding-org.springframework.boot.servlet.autoconfigure.ServletEncodingProperties'
2026-07-16T14:57:46.832-04:00 DEBUG 10320 --- [ms-venta] [main] o.s.b.f.s.DefaultListableBeanFactory     : Autowiring by type from bean name 'characterEncodingFilter' via factory method to bean named 'spring.servlet.encoding-org.springframework.boot.servlet.autoconfigure.ServletEncodingProperties'
2026-07-16T14:57:46.834-04:00 DEBUG 10320 --- [ms-venta] [main] o.s.b.f.s.DefaultListableBeanFactory     : Creating shared instance of singleton bean 'org.springframework.boot.webmvc.test.autoconfigure.MockMvcConfiguration'
2026-07-16T14:57:46.834-04:00 DEBUG 10320 --- [ms-venta] [main] o.s.b.f.s.DefaultListableBeanFactory     : Autowiring by type from bean name 'org.springframework.boot.webmvc.test.autoconfigure.MockMvcConfiguration' via constructor to bean named 'org.springframework.web.context.support.GenericWebApplicationContext@79ec57b8'
2026-07-16T14:57:46.834-04:00 DEBUG 10320 --- [ms-venta] [main] o.s.b.f.s.DefaultListableBeanFactory     : Autowiring by type from bean name 'org.springframework.boot.webmvc.test.autoconfigure.MockMvcConfiguration' via constructor to bean named 'spring.mvc-org.springframework.boot.webmvc.autoconfigure.WebMvcProperties'
2026-07-16T14:57:46.834-04:00 DEBUG 10320 --- [ms-venta] [main] o.s.b.f.s.DefaultListableBeanFactory     : Creating shared instance of singleton bean 'mockMvcBuilder'
2026-07-16T14:57:46.834-04:00 DEBUG 10320 --- [ms-venta] [main] o.s.b.f.s.DefaultListableBeanFactory     : Creating shared instance of singleton bean 'springBootMockMvcBuilderCustomizer'
2026-07-16T14:57:46.843-04:00 DEBUG 10320 --- [ms-venta] [main] o.s.b.f.s.DefaultListableBeanFactory     : Autowiring by type from bean name 'mockMvcBuilder' via factory method to bean named 'springBootMockMvcBuilderCustomizer'
2026-07-16T14:57:46.866-04:00 DEBUG 10320 --- [ms-venta] [main] o.s.b.w.s.ServletContextInitializerBeans : Mapping filters: characterEncodingFilter urls=[/*] order=-2147483648, formContentFilter urls=[/*] order=-9900, requestContextFilter urls=[/*] order=-105
2026-07-16T14:57:46.868-04:00 DEBUG 10320 --- [ms-venta] [main] o.s.b.w.s.ServletContextInitializerBeans : Mapping servlets: 
2026-07-16T14:57:46.881-04:00 DEBUG 10320 --- [ms-venta] [main] o.s.b.f.s.DefaultListableBeanFactory     : Creating shared instance of singleton bean 'mockMvc'
2026-07-16T14:57:46.884-04:00 DEBUG 10320 --- [ms-venta] [main] o.s.b.f.s.DefaultListableBeanFactory     : Autowiring by type from bean name 'mockMvc' via factory method to bean named 'mockMvcBuilder'
2026-07-16T14:57:46.889-04:00 DEBUG 10320 --- [ms-venta] [main] o.s.b.s.f.OrderedCharacterEncodingFilter : Filter 'characterEncodingFilter' configured for use
2026-07-16T14:57:46.891-04:00 DEBUG 10320 --- [ms-venta] [main] o.s.b.s.filter.OrderedFormContentFilter  : Filter 'formContentFilter' configured for use
2026-07-16T14:57:46.891-04:00 DEBUG 10320 --- [ms-venta] [main] o.s.b.s.f.OrderedRequestContextFilter    : Filter 'requestContextFilter' configured for use
2026-07-16T14:57:46.909-04:00  INFO 10320 --- [ms-venta] [main] o.s.b.t.m.w.SpringBootMockServletContext : Initializing Spring TestDispatcherServlet ''
2026-07-16T14:57:46.909-04:00  INFO 10320 --- [ms-venta] [main] o.s.t.web.servlet.TestDispatcherServlet  : Initializing Servlet ''
2026-07-16T14:57:46.910-04:00 DEBUG 10320 --- [ms-venta] [main] o.s.t.web.servlet.TestDispatcherServlet  : Detected AcceptHeaderLocaleResolver
2026-07-16T14:57:46.912-04:00 DEBUG 10320 --- [ms-venta] [main] o.s.t.web.servlet.TestDispatcherServlet  : Detected org.springframework.web.servlet.view.DefaultRequestToViewNameTranslator@2c7e2c5
2026-07-16T14:57:46.913-04:00 DEBUG 10320 --- [ms-venta] [main] o.s.t.web.servlet.TestDispatcherServlet  : Detected org.springframework.web.servlet.support.SessionFlashMapManager@549561ab
2026-07-16T14:57:46.913-04:00 DEBUG 10320 --- [ms-venta] [main] o.s.t.web.servlet.TestDispatcherServlet  : enableLoggingRequestDetails='false': request parameters and headers will be masked to prevent unsafe logging of potentially sensitive data
2026-07-16T14:57:46.913-04:00  INFO 10320 --- [ms-venta] [main] o.s.t.web.servlet.TestDispatcherServlet  : Completed initialization in 4 ms
2026-07-16T14:57:46.919-04:00 DEBUG 10320 --- [ms-venta] [main] o.s.b.f.s.DefaultListableBeanFactory     : Creating shared instance of singleton bean 'org.springframework.boot.webmvc.test.autoconfigure.MockMvcTesterConfiguration'
2026-07-16T14:57:46.920-04:00 DEBUG 10320 --- [ms-venta] [main] o.s.b.f.s.DefaultListableBeanFactory     : Creating shared instance of singleton bean 'mockMvcTester'
2026-07-16T14:57:46.920-04:00 DEBUG 10320 --- [ms-venta] [main] o.s.b.f.s.DefaultListableBeanFactory     : Autowiring by type from bean name 'mockMvcTester' via factory method to bean named 'mockMvc'
2026-07-16T14:57:46.938-04:00 DEBUG 10320 --- [ms-venta] [main] o.s.b.f.s.DefaultListableBeanFactory     : Creating shared instance of singleton bean 'dispatcherServlet'
2026-07-16T14:57:46.938-04:00 DEBUG 10320 --- [ms-venta] [main] o.s.b.f.s.DefaultListableBeanFactory     : Autowiring by type from bean name 'dispatcherServlet' via factory method to bean named 'mockMvc'
2026-07-16T14:57:46.977-04:00 DEBUG 10320 --- [ms-venta] [main] o.s.c.support.DefaultLifecycleProcessor  : Starting beans in phase -2147483647
2026-07-16T14:57:46.977-04:00 DEBUG 10320 --- [ms-venta] [main] o.s.c.support.DefaultLifecycleProcessor  : Successfully started bean 'springBootLoggingLifecycle'
2026-07-16T14:57:46.977-04:00 DEBUG 10320 --- [ms-venta] [main] o.s.c.support.DefaultLifecycleProcessor  : Starting beans in phase 1073741823
2026-07-16T14:57:46.988-04:00 DEBUG 10320 --- [ms-venta] [main] .s.b.a.l.ConditionEvaluationReportLogger : 


============================
CONDITIONS EVALUATION REPORT
============================


Positive matches:
-----------------

   DataWebAutoConfiguration matched:
      - @ConditionalOnClass found required classes 'org.springframework.data.web.PageableHandlerMethodArgumentResolver', 'org.springframework.web.servlet.config.annotation.WebMvcConfigurer' (OnClassCondition)
      - found 'session' scope (OnWebApplicationCondition)
      - @ConditionalOnMissingBean (types: org.springframework.data.web.PageableHandlerMethodArgumentResolver; SearchStrategy: all) did not find any beans (OnBeanCondition)

   DataWebAutoConfiguration#pageableCustomizer matched:
      - @ConditionalOnMissingBean (types: org.springframework.data.web.config.PageableHandlerMethodArgumentResolverCustomizer; SearchStrategy: all) did not find any beans (OnBeanCondition)

   DataWebAutoConfiguration#sortCustomizer matched:
      - @ConditionalOnMissingBean (types: org.springframework.data.web.config.SortHandlerMethodArgumentResolverCustomizer; SearchStrategy: all) did not find any beans (OnBeanCondition)

   DataWebAutoConfiguration#springDataWebSettings matched:
      - @ConditionalOnMissingBean (types: org.springframework.data.web.config.SpringDataWebSettings; SearchStrategy: all) did not find any beans (OnBeanCondition)

   ErrorMvcAutoConfiguration matched:
      - @ConditionalOnClass found required classes 'jakarta.servlet.Servlet', 'org.springframework.web.servlet.DispatcherServlet' (OnClassCondition)
      - found 'session' scope (OnWebApplicationCondition)

   ErrorMvcAutoConfiguration#basicErrorController matched:
      - @ConditionalOnMissingBean (types: org.springframework.boot.webmvc.error.ErrorController; SearchStrategy: current) did not find any beans (OnBeanCondition)

   ErrorMvcAutoConfiguration#errorAttributes matched:
      - @ConditionalOnMissingBean (types: org.springframework.boot.webmvc.error.ErrorAttributes; SearchStrategy: current) did not find any beans (OnBeanCondition)

   ErrorMvcAutoConfiguration.WhitelabelErrorViewConfiguration matched:
      - @ConditionalOnBooleanProperty (spring.web.error.whitelabel.enabled=true) matched (OnPropertyCondition)
      - ErrorTemplate Missing did not find error template view (ErrorMvcAutoConfiguration.ErrorTemplateMissingCondition)

   ErrorMvcAutoConfiguration.WhitelabelErrorViewConfiguration#beanNameViewResolver matched:
      - @ConditionalOnMissingBean (types: org.springframework.web.servlet.view.BeanNameViewResolver; SearchStrategy: all) did not find any beans (OnBeanCondition)

   ErrorMvcAutoConfiguration.WhitelabelErrorViewConfiguration#defaultErrorView matched:
      - @ConditionalOnMissingBean (names: error; SearchStrategy: all) did not find any beans (OnBeanCondition)

   GsonHttpMessageConvertersConfiguration matched:
      - @ConditionalOnClass found required class 'com.google.gson.Gson' (OnClassCondition)

   HttpEncodingAutoConfiguration matched:
      - @ConditionalOnClass found required class 'org.springframework.web.filter.CharacterEncodingFilter' (OnClassCondition)
      - found 'session' scope (OnWebApplicationCondition)
      - @ConditionalOnBooleanProperty (spring.servlet.encoding.enabled=true) matched (OnPropertyCondition)

   HttpEncodingAutoConfiguration#characterEncodingFilter matched:
      - @ConditionalOnMissingBean (types: org.springframework.web.filter.CharacterEncodingFilter; SearchStrategy: all) did not find any beans (OnBeanCondition)

   HttpMessageConvertersAutoConfiguration matched:
      - @ConditionalOnClass found required class 'org.springframework.http.converter.HttpMessageConverter' (OnClassCondition)
      - NoneNestedConditions 0 matched 1 did not; NestedCondition on HttpMessageConvertersAutoConfiguration.NotReactiveWebApplicationCondition.ReactiveWebApplication did not find reactive web application classes (HttpMessageConvertersAutoConfiguration.NotReactiveWebApplicationCondition)

   HttpMessageConvertersAutoConfiguration.StringHttpMessageConverterConfiguration#stringHttpMessageConvertersCustomizer matched:
      - @ConditionalOnMissingBean (types: org.springframework.http.converter.StringHttpMessageConverter; SearchStrategy: all) did not find any beans (OnBeanCondition)

   Jackson2AutoConfiguration matched:
      - @ConditionalOnClass found required class 'com.fasterxml.jackson.databind.ObjectMapper' (OnClassCondition)

   Jackson2AutoConfiguration.Jackson2ObjectMapperBuilderCustomizerConfiguration matched:
      - @ConditionalOnClass found required class 'org.springframework.http.converter.json.Jackson2ObjectMapperBuilder' (OnClassCondition)

   Jackson2AutoConfiguration.JacksonObjectMapperBuilderConfiguration matched:
      - @ConditionalOnClass found required class 'org.springframework.http.converter.json.Jackson2ObjectMapperBuilder' (OnClassCondition)

   Jackson2AutoConfiguration.JacksonObjectMapperBuilderConfiguration#jackson2ObjectMapperBuilder matched:
      - @ConditionalOnMissingBean (types: org.springframework.http.converter.json.Jackson2ObjectMapperBuilder; SearchStrategy: all) did not find any beans (OnBeanCondition)

   Jackson2AutoConfiguration.JacksonObjectMapperConfiguration matched:
      - @ConditionalOnClass found required class 'org.springframework.http.converter.json.Jackson2ObjectMapperBuilder' (OnClassCondition)

   Jackson2AutoConfiguration.JacksonObjectMapperConfiguration#jackson2ObjectMapper matched:
      - @ConditionalOnMissingBean (types: com.fasterxml.jackson.databind.ObjectMapper; SearchStrategy: all) did not find any beans (OnBeanCondition)

   Jackson2AutoConfiguration.ParameterNamesModuleConfiguration matched:
      - @ConditionalOnClass found required class 'com.fasterxml.jackson.module.paramnames.ParameterNamesModule' (OnClassCondition)

   Jackson2AutoConfiguration.ParameterNamesModuleConfiguration#jackson2ParameterNamesModule matched:
      - @ConditionalOnMissingBean (types: com.fasterxml.jackson.module.paramnames.ParameterNamesModule; SearchStrategy: all) did not find any beans (OnBeanCondition)

   JacksonAutoConfiguration matched:
      - @ConditionalOnClass found required class 'tools.jackson.databind.json.JsonMapper' (OnClassCondition)

   JacksonAutoConfiguration#jacksonJsonMapper matched:
      - @ConditionalOnMissingBean (types: tools.jackson.databind.json.JsonMapper; SearchStrategy: all) did not find any beans (OnBeanCondition)

   JacksonAutoConfiguration#jsonMapperBuilder matched:
      - @ConditionalOnMissingBean (types: tools.jackson.databind.json.JsonMapper$Builder; SearchStrategy: all) did not find any beans (OnBeanCondition)

   JacksonAutoConfiguration.JsonProblemDetailsConfiguration matched:
      - @ConditionalOnClass found required class 'org.springframework.http.ProblemDetail' (OnClassCondition)

   JacksonHttpMessageConvertersConfiguration.JacksonJsonHttpMessageConverterConfiguration matched:
      - @ConditionalOnClass found required class 'tools.jackson.databind.json.JsonMapper' (OnClassCondition)
      - @ConditionalOnProperty (spring.http.converters.preferred-json-mapper=jackson) matched (OnPropertyCondition)
      - @ConditionalOnBean (types: tools.jackson.databind.json.JsonMapper; SearchStrategy: all) found bean 'jacksonJsonMapper' (OnBeanCondition)

   JacksonHttpMessageConvertersConfiguration.JacksonJsonHttpMessageConverterConfiguration#jacksonJsonHttpMessageConvertersCustomizer matched:
      - @ConditionalOnMissingBean (types: org.springframework.http.converter.json.JacksonJsonHttpMessageConverter ignored: org.springframework.hateoas.server.mvc.TypeConstrainedJacksonJsonHttpMessageConverter,org.springframework.data.rest.webmvc.alps.AlpsJacksonJsonHttpMessageConverter; SearchStrategy: all) did not find any beans (OnBeanCondition)

   MockMvcAutoConfiguration matched:
      - found 'session' scope (OnWebApplicationCondition)

   MockMvcAutoConfiguration#dispatcherServlet matched:
      - @ConditionalOnMissingBean (types: org.springframework.web.servlet.DispatcherServlet; SearchStrategy: all) did not find any beans (OnBeanCondition)

   MockMvcAutoConfiguration#dispatcherServletPath matched:
      - @ConditionalOnMissingBean (types: org.springframework.boot.webmvc.autoconfigure.DispatcherServletPath; SearchStrategy: all) did not find any beans (OnBeanCondition)

   MockMvcConfiguration#mockMvc matched:
      - @ConditionalOnMissingBean (types: org.springframework.test.web.servlet.MockMvc; SearchStrategy: all) did not find any beans (OnBeanCondition)

   MockMvcConfiguration#mockMvcBuilder matched:
      - @ConditionalOnMissingBean (types: org.springframework.test.web.servlet.MockMvcBuilder; SearchStrategy: all) did not find any beans (OnBeanCondition)

   MockMvcTesterConfiguration matched:
      - @ConditionalOnClass found required class 'org.assertj.core.api.Assert' (OnClassCondition)

   MockMvcTesterConfiguration#mockMvcTester matched:
      - @ConditionalOnMissingBean (types: org.springframework.test.web.servlet.assertj.MockMvcTester; SearchStrategy: all) did not find any beans (OnBeanCondition)

   TaskExecutionAutoConfiguration matched:
      - @ConditionalOnClass found required class 'org.springframework.scheduling.concurrent.ThreadPoolTaskExecutor' (OnClassCondition)

   TaskExecutorConfigurations.AsyncConfigurerConfiguration matched:
      - @ConditionalOnMissingBean (types: org.springframework.scheduling.annotation.AsyncConfigurer; SearchStrategy: all) did not find any beans (OnBeanCondition)

   TaskExecutorConfigurations.SimpleAsyncTaskExecutorBuilderConfiguration#simpleAsyncTaskExecutorBuilder matched:
      - @ConditionalOnMissingBean (types: org.springframework.boot.task.SimpleAsyncTaskExecutorBuilder; SearchStrategy: all) did not find any beans (OnBeanCondition)
      - @ConditionalOnThreading found PLATFORM (OnThreadingCondition)

   TaskExecutorConfigurations.TaskExecutorConfiguration matched:
      - AnyNestedCondition 1 matched 1 did not; NestedCondition on TaskExecutorConfigurations.OnExecutorCondition.ModelCondition @ConditionalOnProperty (spring.task.execution.mode=force) did not find property 'spring.task.execution.mode'; NestedCondition on TaskExecutorConfigurations.OnExecutorCondition.ExecutorBeanCondition @ConditionalOnMissingBean (types: java.util.concurrent.Executor; SearchStrategy: all) did not find any beans (TaskExecutorConfigurations.OnExecutorCondition)

   TaskExecutorConfigurations.TaskExecutorConfiguration#applicationTaskExecutor matched:
      - @ConditionalOnThreading found PLATFORM (OnThreadingCondition)

   TaskExecutorConfigurations.ThreadPoolTaskExecutorBuilderConfiguration#threadPoolTaskExecutorBuilder matched:
      - @ConditionalOnMissingBean (types: org.springframework.boot.task.ThreadPoolTaskExecutorBuilder; SearchStrategy: all) did not find any beans (OnBeanCondition)

   ValidationAutoConfiguration matched:
      - @ConditionalOnClass found required class 'jakarta.validation.executable.ExecutableValidator' (OnClassCondition)
      - @ConditionalOnResource found location classpath:META-INF/services/jakarta.validation.spi.ValidationProvider (OnResourceCondition)

   ValidationAutoConfiguration#defaultValidator matched:
      - @ConditionalOnMissingBean (types: jakarta.validation.Validator; SearchStrategy: all) did not find any beans (OnBeanCondition)

   ValidationAutoConfiguration#methodValidationPostProcessor matched:
      - @ConditionalOnMissingBean (types: org.springframework.validation.beanvalidation.MethodValidationPostProcessor; SearchStrategy: current) did not find any beans (OnBeanCondition)

   WebMvcAutoConfiguration matched:
      - @ConditionalOnClass found required classes 'jakarta.servlet.Servlet', 'org.springframework.web.servlet.DispatcherServlet', 'org.springframework.web.servlet.config.annotation.WebMvcConfigurer' (OnClassCondition)
      - found 'session' scope (OnWebApplicationCondition)
      - @ConditionalOnMissingBean (types: org.springframework.web.servlet.config.annotation.WebMvcConfigurationSupport; SearchStrategy: all) did not find any beans (OnBeanCondition)

   WebMvcAutoConfiguration#formContentFilter matched:
      - @ConditionalOnBooleanProperty (spring.mvc.formcontent.filter.enabled=true) matched (OnPropertyCondition)
      - @ConditionalOnMissingBean (types: org.springframework.web.filter.FormContentFilter; SearchStrategy: all) did not find any beans (OnBeanCondition)

   WebMvcAutoConfiguration.EnableWebMvcConfiguration#flashMapManager matched:
      - @ConditionalOnMissingBean (names: flashMapManager; SearchStrategy: all) did not find any beans (OnBeanCondition)

   WebMvcAutoConfiguration.EnableWebMvcConfiguration#localeResolver matched:
      - @ConditionalOnMissingBean (names: localeResolver; SearchStrategy: all) did not find any beans (OnBeanCondition)

   WebMvcAutoConfiguration.EnableWebMvcConfiguration#viewNameTranslator matched:
      - @ConditionalOnMissingBean (names: viewNameTranslator; SearchStrategy: all) did not find any beans (OnBeanCondition)

   WebMvcAutoConfiguration.ResourceChainCustomizerConfiguration matched:
      - @ConditionalOnEnabledResourceChain found class org.webjars.WebJarVersionLocator (OnEnabledResourceChainCondition)

   WebMvcAutoConfiguration.WebMvcAutoConfigurationAdapter#defaultViewResolver matched:
      - @ConditionalOnMissingBean (types: org.springframework.web.servlet.view.InternalResourceViewResolver; SearchStrategy: all) did not find any beans (OnBeanCondition)

   WebMvcAutoConfiguration.WebMvcAutoConfigurationAdapter#requestContextFilter matched:
      - @ConditionalOnMissingBean (types: org.springframework.web.context.request.RequestContextListener,org.springframework.web.filter.RequestContextFilter; SearchStrategy: all) did not find any beans (OnBeanCondition)

   WebMvcAutoConfiguration.WebMvcAutoConfigurationAdapter#viewResolver matched:
      - @ConditionalOnBean (types: org.springframework.web.servlet.ViewResolver; SearchStrategy: all) found beans 'defaultViewResolver', 'beanNameViewResolver', 'mvcViewResolver'; @ConditionalOnMissingBean (names: viewResolver types: org.springframework.web.servlet.view.ContentNegotiatingViewResolver; SearchStrategy: all) did not find any beans (OnBeanCondition)


Negative matches:
-----------------

   ErrorMvcAutoConfiguration.DefaultErrorViewResolverConfiguration#conventionErrorViewResolver:
      Did not match:
         - @ConditionalOnBean (types: org.springframework.web.servlet.DispatcherServlet; SearchStrategy: all) did not find any beans of type org.springframework.web.servlet.DispatcherServlet (OnBeanCondition)

   GsonHttpMessageConvertersConfiguration.GsonHttpMessageConverterConfiguration:
      Did not match:
         - AnyNestedCondition 0 matched 2 did not; NestedCondition on GsonHttpMessageConvertersConfiguration.PreferGsonOrJacksonAndJsonbUnavailableCondition.JacksonJsonbUnavailable NoneNestedConditions 1 matched 2 did not; NestedCondition on GsonHttpMessageConvertersConfiguration.JacksonAndJsonbUnavailableCondition.JsonbPreferred @ConditionalOnProperty (spring.http.converters.preferred-json-mapper=jsonb) did not find property 'spring.http.converters.preferred-json-mapper'; NestedCondition on GsonHttpMessageConvertersConfiguration.JacksonAndJsonbUnavailableCondition.Jackson2Available @ConditionalOnBean (types: org.springframework.boot.http.converter.autoconfigure.Jackson2HttpMessageConvertersConfiguration$Jackson2JsonMessageConvertersCustomizer; SearchStrategy: all) did not find any beans of type org.springframework.boot.http.converter.autoconfigure.Jackson2HttpMessageConvertersConfiguration$Jackson2JsonMessageConvertersCustomizer; NestedCondition on GsonHttpMessageConvertersConfiguration.JacksonAndJsonbUnavailableCondition.JacksonAvailable @ConditionalOnBean (types: org.springframework.boot.http.converter.autoconfigure.JacksonHttpMessageConvertersConfiguration$JacksonJsonHttpMessageConvertersCustomizer; SearchStrategy: all) found bean 'jacksonJsonHttpMessageConvertersCustomizer'; NestedCondition on GsonHttpMessageConvertersConfiguration.PreferGsonOrJacksonAndJsonbUnavailableCondition.GsonPreferred @ConditionalOnProperty (spring.http.converters.preferred-json-mapper=gson) did not find property 'spring.http.converters.preferred-json-mapper' (GsonHttpMessageConvertersConfiguration.PreferGsonOrJacksonAndJsonbUnavailableCondition)

   Jackson2HttpMessageConvertersConfiguration.MappingJackson2HttpMessageConverterConfiguration:
      Did not match:
         - AnyNestedCondition 0 matched 2 did not; NestedCondition on Jackson2HttpMessageConvertersConfiguration.PreferJackson2OrJacksonUnavailableCondition.JacksonUnavailable @ConditionalOnMissingBean (types: org.springframework.boot.http.converter.autoconfigure.JacksonHttpMessageConvertersConfiguration$JacksonJsonHttpMessageConvertersCustomizer; SearchStrategy: all) found beans of type 'org.springframework.boot.http.converter.autoconfigure.JacksonHttpMessageConvertersConfiguration$JacksonJsonHttpMessageConvertersCustomizer' jacksonJsonHttpMessageConvertersCustomizer; NestedCondition on Jackson2HttpMessageConvertersConfiguration.PreferJackson2OrJacksonUnavailableCondition.Jackson2Preferred @ConditionalOnProperty (spring.http.converters.preferred-json-mapper=jackson2) did not find property 'spring.http.converters.preferred-json-mapper' (Jackson2HttpMessageConvertersConfiguration.PreferJackson2OrJacksonUnavailableCondition)
      Matched:
         - @ConditionalOnClass found required class 'com.fasterxml.jackson.databind.ObjectMapper' (OnClassCondition)

   Jackson2HttpMessageConvertersConfiguration.MappingJackson2XmlHttpMessageConverterConfiguration:
      Did not match:
         - @ConditionalOnClass did not find required class 'com.fasterxml.jackson.dataformat.xml.XmlMapper' (OnClassCondition)

   JacksonAutoConfiguration.CborConfiguration:
      Did not match:
         - @ConditionalOnClass did not find required class 'tools.jackson.dataformat.cbor.CBORMapper' (OnClassCondition)

   JacksonAutoConfiguration.XmlConfiguration:
      Did not match:
         - @ConditionalOnClass did not find required class 'tools.jackson.dataformat.xml.XmlMapper' (OnClassCondition)

   JacksonHttpMessageConvertersConfiguration.JacksonXmlHttpMessageConverterConfiguration:
      Did not match:
         - @ConditionalOnClass did not find required class 'tools.jackson.dataformat.xml.XmlMapper' (OnClassCondition)

   JsonbHttpMessageConvertersConfiguration:
      Did not match:
         - @ConditionalOnClass did not find required class 'jakarta.json.bind.Jsonb' (OnClassCondition)

   KotlinSerializationHttpMessageConvertersConfiguration:
      Did not match:
         - @ConditionalOnClass did not find required classes 'kotlinx.serialization.Serializable', 'kotlinx.serialization.json.Json' (OnClassCondition)

   MessageSourceAutoConfiguration:
      Did not match:
         - ResourceBundle did not find bundle with basename messages (MessageSourceAutoConfiguration.ResourceBundleCondition)

   MockMvcWebClientAutoConfiguration:
      Did not match:
         - @ConditionalOnClass did not find required class 'org.htmlunit.WebClient' (OnClassCondition)

   MockMvcWebDriverAutoConfiguration:
      Did not match:
         - @ConditionalOnClass did not find required class 'org.openqa.selenium.htmlunit.HtmlUnitDriver' (OnClassCondition)

   TaskExecutorConfigurations.AsyncConfigurerWrapperConfiguration:
      Did not match:
         - @ConditionalOnBean (types: org.springframework.scheduling.annotation.AsyncConfigurer; SearchStrategy: all) did not find any beans of type org.springframework.scheduling.annotation.AsyncConfigurer (OnBeanCondition)

   TaskExecutorConfigurations.SimpleAsyncTaskExecutorBuilderConfiguration#simpleAsyncTaskExecutorBuilderVirtualThreads:
      Did not match:
         - @ConditionalOnMissingBean (types: org.springframework.boot.task.SimpleAsyncTaskExecutorBuilder; SearchStrategy: all) found beans of type 'org.springframework.boot.task.SimpleAsyncTaskExecutorBuilder' simpleAsyncTaskExecutorBuilder (OnBeanCondition)

   TaskExecutorConfigurations.TaskExecutorConfiguration#applicationTaskExecutorVirtualThreads:
      Did not match:
         - @ConditionalOnThreading did not find VIRTUAL (OnThreadingCondition)

   WebMvcAutoConfiguration#hiddenHttpMethodFilter:
      Did not match:
         - @ConditionalOnBooleanProperty (spring.mvc.hiddenmethod.filter.enabled=true) did not find property 'spring.mvc.hiddenmethod.filter.enabled' (OnPropertyCondition)

   WebMvcAutoConfiguration.ProblemDetailsErrorHandlingConfiguration:
      Did not match:
         - @ConditionalOnBooleanProperty (spring.mvc.problemdetails.enabled=true) did not find property 'spring.mvc.problemdetails.enabled' (OnPropertyCondition)

   WebMvcAutoConfiguration.WebMvcAutoConfigurationAdapter#beanNameViewResolver:
      Did not match:
         - @ConditionalOnMissingBean (types: org.springframework.web.servlet.view.BeanNameViewResolver; SearchStrategy: all) found beans of type 'org.springframework.web.servlet.view.BeanNameViewResolver' beanNameViewResolver (OnBeanCondition)


Exclusions:
-----------

    None


Unconditional classes:
----------------------

    None



2026-07-16T14:57:46.993-04:00  INFO 10320 --- [ms-venta] [main] c.p.v.controller.VentaControllerTest     : Started VentaControllerTest in 6.184 seconds (process running for 9.35)
2026-07-16T14:57:46.998-04:00 DEBUG 10320 --- [ms-venta] [main] o.s.boot.devtools.restart.Restarter      : Creating new Restarter for thread Thread[#1,main,5,main]
2026-07-16T14:57:46.998-04:00 DEBUG 10320 --- [ms-venta] [main] org.springframework.test.context.cache   : Spring test ApplicationContext cache statistics: [DefaultContextCache@6a4484e6 size = 1, maxSize = 32, contextUsageCount = 0, parentContextCount = 0, hitCount = 0, missCount = 1, failureCount = 0]
2026-07-16T14:57:47.007-04:00 DEBUG 10320 --- [ms-venta] [main] DependencyInjectionTestExecutionListener : Performing dependency injection for test class com.pharmanet.venta_service.controller.VentaControllerTest
2026-07-16T14:57:47.007-04:00 DEBUG 10320 --- [ms-venta] [main] org.springframework.test.context.cache   : Spring test ApplicationContext cache statistics: [DefaultContextCache@6a4484e6 size = 1, maxSize = 32, contextUsageCount = 1, parentContextCount = 0, hitCount = 1, missCount = 1, failureCount = 0]
2026-07-16T14:57:47.007-04:00 DEBUG 10320 --- [ms-venta] [main] org.springframework.test.context.cache   : Spring test ApplicationContext cache statistics: [DefaultContextCache@6a4484e6 size = 1, maxSize = 32, contextUsageCount = 1, parentContextCount = 0, hitCount = 2, missCount = 1, failureCount = 0]
2026-07-16T14:57:47.058-04:00 DEBUG 10320 --- [ms-venta] [main] sContextBeforeModesTestExecutionListener : Before test method: class [VentaControllerTest], method [cuandoAgregarVenta_EntoncesEstados201], class annotated with @DirtiesContext [false] with mode [null], method annotated with @DirtiesContext [false] with mode [null]
2026-07-16T14:57:47.072-04:00 DEBUG 10320 --- [ms-venta] [main] org.springframework.test.context.cache   : Spring test ApplicationContext cache statistics: [DefaultContextCache@6a4484e6 size = 1, maxSize = 32, contextUsageCount = 1, parentContextCount = 0, hitCount = 3, missCount = 1, failureCount = 0]
2026-07-16T14:57:47.073-04:00 DEBUG 10320 --- [ms-venta] [main] org.springframework.test.context.cache   : Spring test ApplicationContext cache statistics: [DefaultContextCache@6a4484e6 size = 1, maxSize = 32, contextUsageCount = 1, parentContextCount = 0, hitCount = 4, missCount = 1, failureCount = 0]
2026-07-16T14:57:47.108-04:00 DEBUG 10320 --- [ms-venta] [main] org.springframework.test.context.cache   : Spring test ApplicationContext cache statistics: [DefaultContextCache@6a4484e6 size = 1, maxSize = 32, contextUsageCount = 1, parentContextCount = 0, hitCount = 5, missCount = 1, failureCount = 0]
2026-07-16T14:57:47.254-04:00 DEBUG 10320 --- [ms-venta] [main] o.s.t.web.servlet.TestDispatcherServlet  : POST "/api/v1/ventas", parameters={}
2026-07-16T14:57:47.287-04:00 DEBUG 10320 --- [ms-venta] [main] s.w.s.m.m.a.RequestMappingHandlerMapping : Mapped to com.pharmanet.venta_service.controller.VentaController#agregarVenta(RegistroVenta)
2026-07-16T14:57:47.529-04:00 DEBUG 10320 --- [ms-venta] [main] m.m.a.RequestResponseBodyMethodProcessor : Read "application/json;charset=UTF-8" to [RegistroVenta(codVenta=1, codSucursal=SU0001, run=19941476-3, productos={PR0001=2, PR0002=5}, fechaV (truncated)...]
2026-07-16T14:57:47.809-04:00 DEBUG 10320 --- [ms-venta] [main] o.s.w.s.m.m.a.HttpEntityMethodProcessor  : Using 'application/json', given [*/*] and supported [application/json, application/*+json, application/yaml]
2026-07-16T14:57:47.812-04:00 DEBUG 10320 --- [ms-venta] [main] o.s.w.s.m.m.a.HttpEntityMethodProcessor  : Writing [RegistroVenta(codVenta=1, codSucursal=null, run=null, productos={PR0001=2}, fechaVenta=2026-07-16, m (truncated)...]
2026-07-16T14:57:47.869-04:00 DEBUG 10320 --- [ms-venta] [main] o.s.t.web.servlet.TestDispatcherServlet  : Completed 201 CREATED
2026-07-16T14:57:47.894-04:00 DEBUG 10320 --- [ms-venta] [main] org.springframework.test.context.cache   : Spring test ApplicationContext cache statistics: [DefaultContextCache@6a4484e6 size = 1, maxSize = 32, contextUsageCount = 1, parentContextCount = 0, hitCount = 6, missCount = 1, failureCount = 0]
2026-07-16T14:57:47.894-04:00 DEBUG 10320 --- [ms-venta] [main] org.springframework.test.context.cache   : Spring test ApplicationContext cache statistics: [DefaultContextCache@6a4484e6 size = 1, maxSize = 32, contextUsageCount = 1, parentContextCount = 0, hitCount = 7, missCount = 1, failureCount = 0]
2026-07-16T14:57:47.894-04:00 DEBUG 10320 --- [ms-venta] [main] org.springframework.test.context.cache   : Spring test ApplicationContext cache statistics: [DefaultContextCache@6a4484e6 size = 1, maxSize = 32, contextUsageCount = 1, parentContextCount = 0, hitCount = 8, missCount = 1, failureCount = 0]
2026-07-16T14:57:47.899-04:00 DEBUG 10320 --- [ms-venta] [main] org.springframework.test.context.cache   : Spring test ApplicationContext cache statistics: [DefaultContextCache@6a4484e6 size = 1, maxSize = 32, contextUsageCount = 1, parentContextCount = 0, hitCount = 9, missCount = 1, failureCount = 0]
2026-07-16T14:57:47.902-04:00 DEBUG 10320 --- [ms-venta] [main] org.springframework.test.context.cache   : Spring test ApplicationContext cache statistics: [DefaultContextCache@6a4484e6 size = 1, maxSize = 32, contextUsageCount = 1, parentContextCount = 0, hitCount = 10, missCount = 1, failureCount = 0]
2026-07-16T14:57:47.902-04:00 DEBUG 10320 --- [ms-venta] [main] .c.s.DirtiesContextTestExecutionListener : After test method: class [VentaControllerTest], method [cuandoAgregarVenta_EntoncesEstados201], class annotated with @DirtiesContext [false] with mode [null], method annotated with @DirtiesContext [false] with mode [null]
2026-07-16T14:57:47.924-04:00 DEBUG 10320 --- [ms-venta] [main] org.springframework.test.context.cache   : Spring test ApplicationContext cache statistics: [DefaultContextCache@6a4484e6 size = 1, maxSize = 32, contextUsageCount = 1, parentContextCount = 0, hitCount = 11, missCount = 1, failureCount = 0]
2026-07-16T14:57:47.924-04:00 DEBUG 10320 --- [ms-venta] [main] DependencyInjectionTestExecutionListener : Performing dependency injection for test class com.pharmanet.venta_service.controller.VentaControllerTest
2026-07-16T14:57:47.924-04:00 DEBUG 10320 --- [ms-venta] [main] org.springframework.test.context.cache   : Spring test ApplicationContext cache statistics: [DefaultContextCache@6a4484e6 size = 1, maxSize = 32, contextUsageCount = 1, parentContextCount = 0, hitCount = 12, missCount = 1, failureCount = 0]
2026-07-16T14:57:47.924-04:00 DEBUG 10320 --- [ms-venta] [main] org.springframework.test.context.cache   : Spring test ApplicationContext cache statistics: [DefaultContextCache@6a4484e6 size = 1, maxSize = 32, contextUsageCount = 1, parentContextCount = 0, hitCount = 13, missCount = 1, failureCount = 0]
2026-07-16T14:57:47.929-04:00 DEBUG 10320 --- [ms-venta] [main] sContextBeforeModesTestExecutionListener : Before test method: class [VentaControllerTest], method [cuandoBuscarVenta_EntoncesEstados200], class annotated with @DirtiesContext [false] with mode [null], method annotated with @DirtiesContext [false] with mode [null]
2026-07-16T14:57:47.929-04:00 DEBUG 10320 --- [ms-venta] [main] org.springframework.test.context.cache   : Spring test ApplicationContext cache statistics: [DefaultContextCache@6a4484e6 size = 1, maxSize = 32, contextUsageCount = 1, parentContextCount = 0, hitCount = 14, missCount = 1, failureCount = 0]
2026-07-16T14:57:47.932-04:00 DEBUG 10320 --- [ms-venta] [main] org.springframework.test.context.cache   : Spring test ApplicationContext cache statistics: [DefaultContextCache@6a4484e6 size = 1, maxSize = 32, contextUsageCount = 1, parentContextCount = 0, hitCount = 15, missCount = 1, failureCount = 0]
2026-07-16T14:57:47.934-04:00 DEBUG 10320 --- [ms-venta] [main] org.springframework.test.context.cache   : Spring test ApplicationContext cache statistics: [DefaultContextCache@6a4484e6 size = 1, maxSize = 32, contextUsageCount = 1, parentContextCount = 0, hitCount = 16, missCount = 1, failureCount = 0]
2026-07-16T14:57:47.936-04:00 DEBUG 10320 --- [ms-venta] [main] o.s.t.web.servlet.TestDispatcherServlet  : GET "/api/v1/ventas/1", parameters={}
2026-07-16T14:57:47.936-04:00 DEBUG 10320 --- [ms-venta] [main] s.w.s.m.m.a.RequestMappingHandlerMapping : Mapped to com.pharmanet.venta_service.controller.VentaController#buscarPorCodVenta(Long)
2026-07-16T14:57:47.942-04:00 DEBUG 10320 --- [ms-venta] [main] o.s.w.s.m.m.a.HttpEntityMethodProcessor  : Using 'application/json', given [*/*] and supported [application/json, application/*+json, application/yaml]
2026-07-16T14:57:47.942-04:00 DEBUG 10320 --- [ms-venta] [main] o.s.w.s.m.m.a.HttpEntityMethodProcessor  : Writing [RegistroVenta(codVenta=1, codSucursal=null, run=null, productos={PR0001=2}, fechaVenta=2026-07-16, m (truncated)...]
2026-07-16T14:57:47.942-04:00 DEBUG 10320 --- [ms-venta] [main] o.s.t.web.servlet.TestDispatcherServlet  : Completed 200 OK
2026-07-16T14:57:47.950-04:00 DEBUG 10320 --- [ms-venta] [main] org.springframework.test.context.cache   : Spring test ApplicationContext cache statistics: [DefaultContextCache@6a4484e6 size = 1, maxSize = 32, contextUsageCount = 1, parentContextCount = 0, hitCount = 17, missCount = 1, failureCount = 0]
2026-07-16T14:57:47.953-04:00 DEBUG 10320 --- [ms-venta] [main] org.springframework.test.context.cache   : Spring test ApplicationContext cache statistics: [DefaultContextCache@6a4484e6 size = 1, maxSize = 32, contextUsageCount = 1, parentContextCount = 0, hitCount = 18, missCount = 1, failureCount = 0]
2026-07-16T14:57:47.955-04:00 DEBUG 10320 --- [ms-venta] [main] org.springframework.test.context.cache   : Spring test ApplicationContext cache statistics: [DefaultContextCache@6a4484e6 size = 1, maxSize = 32, contextUsageCount = 1, parentContextCount = 0, hitCount = 19, missCount = 1, failureCount = 0]
2026-07-16T14:57:47.957-04:00 DEBUG 10320 --- [ms-venta] [main] org.springframework.test.context.cache   : Spring test ApplicationContext cache statistics: [DefaultContextCache@6a4484e6 size = 1, maxSize = 32, contextUsageCount = 1, parentContextCount = 0, hitCount = 20, missCount = 1, failureCount = 0]
2026-07-16T14:57:47.957-04:00 DEBUG 10320 --- [ms-venta] [main] org.springframework.test.context.cache   : Spring test ApplicationContext cache statistics: [DefaultContextCache@6a4484e6 size = 1, maxSize = 32, contextUsageCount = 1, parentContextCount = 0, hitCount = 21, missCount = 1, failureCount = 0]
2026-07-16T14:57:47.958-04:00 DEBUG 10320 --- [ms-venta] [main] .c.s.DirtiesContextTestExecutionListener : After test method: class [VentaControllerTest], method [cuandoBuscarVenta_EntoncesEstados200], class annotated with @DirtiesContext [false] with mode [null], method annotated with @DirtiesContext [false] with mode [null]
2026-07-16T14:57:47.962-04:00 DEBUG 10320 --- [ms-venta] [main] org.springframework.test.context.cache   : Spring test ApplicationContext cache statistics: [DefaultContextCache@6a4484e6 size = 1, maxSize = 32, contextUsageCount = 1, parentContextCount = 0, hitCount = 22, missCount = 1, failureCount = 0]
2026-07-16T14:57:47.962-04:00 DEBUG 10320 --- [ms-venta] [main] DependencyInjectionTestExecutionListener : Performing dependency injection for test class com.pharmanet.venta_service.controller.VentaControllerTest
2026-07-16T14:57:47.964-04:00 DEBUG 10320 --- [ms-venta] [main] org.springframework.test.context.cache   : Spring test ApplicationContext cache statistics: [DefaultContextCache@6a4484e6 size = 1, maxSize = 32, contextUsageCount = 1, parentContextCount = 0, hitCount = 23, missCount = 1, failureCount = 0]
2026-07-16T14:57:47.966-04:00 DEBUG 10320 --- [ms-venta] [main] org.springframework.test.context.cache   : Spring test ApplicationContext cache statistics: [DefaultContextCache@6a4484e6 size = 1, maxSize = 32, contextUsageCount = 1, parentContextCount = 0, hitCount = 24, missCount = 1, failureCount = 0]
2026-07-16T14:57:47.966-04:00 DEBUG 10320 --- [ms-venta] [main] sContextBeforeModesTestExecutionListener : Before test method: class [VentaControllerTest], method [cuandoEliminarProducto_EntoncesEstados204], class annotated with @DirtiesContext [false] with mode [null], method annotated with @DirtiesContext [false] with mode [null]
2026-07-16T14:57:47.966-04:00 DEBUG 10320 --- [ms-venta] [main] org.springframework.test.context.cache   : Spring test ApplicationContext cache statistics: [DefaultContextCache@6a4484e6 size = 1, maxSize = 32, contextUsageCount = 1, parentContextCount = 0, hitCount = 25, missCount = 1, failureCount = 0]
2026-07-16T14:57:47.970-04:00 DEBUG 10320 --- [ms-venta] [main] org.springframework.test.context.cache   : Spring test ApplicationContext cache statistics: [DefaultContextCache@6a4484e6 size = 1, maxSize = 32, contextUsageCount = 1, parentContextCount = 0, hitCount = 26, missCount = 1, failureCount = 0]
2026-07-16T14:57:47.972-04:00 DEBUG 10320 --- [ms-venta] [main] org.springframework.test.context.cache   : Spring test ApplicationContext cache statistics: [DefaultContextCache@6a4484e6 size = 1, maxSize = 32, contextUsageCount = 1, parentContextCount = 0, hitCount = 27, missCount = 1, failureCount = 0]
2026-07-16T14:57:47.975-04:00 DEBUG 10320 --- [ms-venta] [main] o.s.t.web.servlet.TestDispatcherServlet  : DELETE "/api/v1/ventas/1", parameters={}
2026-07-16T14:57:47.975-04:00 DEBUG 10320 --- [ms-venta] [main] s.w.s.m.m.a.RequestMappingHandlerMapping : Mapped to com.pharmanet.venta_service.controller.VentaController#eliminarVenta(Long)
2026-07-16T14:57:47.977-04:00 DEBUG 10320 --- [ms-venta] [main] o.s.w.s.m.m.a.HttpEntityMethodProcessor  : Using 'application/json', given [*/*] and supported [application/json, application/*+json]
2026-07-16T14:57:47.980-04:00 DEBUG 10320 --- [ms-venta] [main] o.s.w.s.m.m.a.HttpEntityMethodProcessor  : Nothing to write: null body
2026-07-16T14:57:47.980-04:00 DEBUG 10320 --- [ms-venta] [main] o.s.t.web.servlet.TestDispatcherServlet  : Completed 204 NO_CONTENT
2026-07-16T14:57:47.980-04:00 DEBUG 10320 --- [ms-venta] [main] org.springframework.test.context.cache   : Spring test ApplicationContext cache statistics: [DefaultContextCache@6a4484e6 size = 1, maxSize = 32, contextUsageCount = 1, parentContextCount = 0, hitCount = 28, missCount = 1, failureCount = 0]
2026-07-16T14:57:47.980-04:00 DEBUG 10320 --- [ms-venta] [main] org.springframework.test.context.cache   : Spring test ApplicationContext cache statistics: [DefaultContextCache@6a4484e6 size = 1, maxSize = 32, contextUsageCount = 1, parentContextCount = 0, hitCount = 29, missCount = 1, failureCount = 0]
2026-07-16T14:57:47.984-04:00 DEBUG 10320 --- [ms-venta] [main] org.springframework.test.context.cache   : Spring test ApplicationContext cache statistics: [DefaultContextCache@6a4484e6 size = 1, maxSize = 32, contextUsageCount = 1, parentContextCount = 0, hitCount = 30, missCount = 1, failureCount = 0]
2026-07-16T14:57:47.984-04:00 DEBUG 10320 --- [ms-venta] [main] org.springframework.test.context.cache   : Spring test ApplicationContext cache statistics: [DefaultContextCache@6a4484e6 size = 1, maxSize = 32, contextUsageCount = 1, parentContextCount = 0, hitCount = 31, missCount = 1, failureCount = 0]
2026-07-16T14:57:47.984-04:00 DEBUG 10320 --- [ms-venta] [main] org.springframework.test.context.cache   : Spring test ApplicationContext cache statistics: [DefaultContextCache@6a4484e6 size = 1, maxSize = 32, contextUsageCount = 1, parentContextCount = 0, hitCount = 32, missCount = 1, failureCount = 0]
2026-07-16T14:57:47.988-04:00 DEBUG 10320 --- [ms-venta] [main] .c.s.DirtiesContextTestExecutionListener : After test method: class [VentaControllerTest], method [cuandoEliminarProducto_EntoncesEstados204], class annotated with @DirtiesContext [false] with mode [null], method annotated with @DirtiesContext [false] with mode [null]
2026-07-16T14:57:47.992-04:00 DEBUG 10320 --- [ms-venta] [main] org.springframework.test.context.cache   : Spring test ApplicationContext cache statistics: [DefaultContextCache@6a4484e6 size = 1, maxSize = 32, contextUsageCount = 1, parentContextCount = 0, hitCount = 33, missCount = 1, failureCount = 0]
2026-07-16T14:57:47.992-04:00 DEBUG 10320 --- [ms-venta] [main] DependencyInjectionTestExecutionListener : Performing dependency injection for test class com.pharmanet.venta_service.controller.VentaControllerTest
2026-07-16T14:57:47.992-04:00 DEBUG 10320 --- [ms-venta] [main] org.springframework.test.context.cache   : Spring test ApplicationContext cache statistics: [DefaultContextCache@6a4484e6 size = 1, maxSize = 32, contextUsageCount = 1, parentContextCount = 0, hitCount = 34, missCount = 1, failureCount = 0]
2026-07-16T14:57:47.996-04:00 DEBUG 10320 --- [ms-venta] [main] org.springframework.test.context.cache   : Spring test ApplicationContext cache statistics: [DefaultContextCache@6a4484e6 size = 1, maxSize = 32, contextUsageCount = 1, parentContextCount = 0, hitCount = 35, missCount = 1, failureCount = 0]
2026-07-16T14:57:47.996-04:00 DEBUG 10320 --- [ms-venta] [main] sContextBeforeModesTestExecutionListener : Before test method: class [VentaControllerTest], method [shouldReturnPageableFindAll], class annotated with @DirtiesContext [false] with mode [null], method annotated with @DirtiesContext [false] with mode [null]
2026-07-16T14:57:48.001-04:00 DEBUG 10320 --- [ms-venta] [main] org.springframework.test.context.cache   : Spring test ApplicationContext cache statistics: [DefaultContextCache@6a4484e6 size = 1, maxSize = 32, contextUsageCount = 1, parentContextCount = 0, hitCount = 36, missCount = 1, failureCount = 0]
2026-07-16T14:57:48.001-04:00 DEBUG 10320 --- [ms-venta] [main] org.springframework.test.context.cache   : Spring test ApplicationContext cache statistics: [DefaultContextCache@6a4484e6 size = 1, maxSize = 32, contextUsageCount = 1, parentContextCount = 0, hitCount = 37, missCount = 1, failureCount = 0]
2026-07-16T14:57:48.005-04:00 DEBUG 10320 --- [ms-venta] [main] org.springframework.test.context.cache   : Spring test ApplicationContext cache statistics: [DefaultContextCache@6a4484e6 size = 1, maxSize = 32, contextUsageCount = 1, parentContextCount = 0, hitCount = 38, missCount = 1, failureCount = 0]
2026-07-16T14:57:48.007-04:00 DEBUG 10320 --- [ms-venta] [main] o.s.t.web.servlet.TestDispatcherServlet  : GET "/api/v1/ventas", parameters={}
2026-07-16T14:57:48.007-04:00 DEBUG 10320 --- [ms-venta] [main] s.w.s.m.m.a.RequestMappingHandlerMapping : Mapped to com.pharmanet.venta_service.controller.VentaController#mostrarTodos(Pageable)
2026-07-16T14:57:48.019-04:00  INFO 10320 --- [ms-venta] [main] c.p.v.controller.VentaController         : Inicia búsqueda de todas las ventas
2026-07-16T14:57:48.034-04:00 DEBUG 10320 --- [ms-venta] [main] o.s.w.s.m.m.a.HttpEntityMethodProcessor  : Using 'application/json', given [*/*] and supported [application/json, application/*+json, application/yaml]
2026-07-16T14:57:48.035-04:00 DEBUG 10320 --- [ms-venta] [main] o.s.w.s.m.m.a.HttpEntityMethodProcessor  : Writing [Page 1 of 1 containing UNKNOWN instances]
2026-07-16T14:57:48.042-04:00  WARN 10320 --- [ms-venta] [main] ration$PageModule$WarningLoggingModifier : Serializing PageImpl instances as-is is not supported, meaning that there is no guarantee about the stability of the resulting JSON structure!
	For a stable JSON structure, please use Spring Data's PagedModel (globally via @EnableSpringDataWebSupport(pageSerializationMode = VIA_DTO))
	or Spring HATEOAS and Spring Data's PagedResourcesAssembler as documented in https://docs.spring.io/spring-data/commons/reference/repositories/core-extensions.html#core.web.pageables.

2026-07-16T14:57:48.061-04:00 DEBUG 10320 --- [ms-venta] [main] o.s.t.web.servlet.TestDispatcherServlet  : Completed 200 OK
2026-07-16T14:57:48.064-04:00 DEBUG 10320 --- [ms-venta] [main] org.springframework.test.context.cache   : Spring test ApplicationContext cache statistics: [DefaultContextCache@6a4484e6 size = 1, maxSize = 32, contextUsageCount = 1, parentContextCount = 0, hitCount = 39, missCount = 1, failureCount = 0]
2026-07-16T14:57:48.068-04:00 DEBUG 10320 --- [ms-venta] [main] org.springframework.test.context.cache   : Spring test ApplicationContext cache statistics: [DefaultContextCache@6a4484e6 size = 1, maxSize = 32, contextUsageCount = 1, parentContextCount = 0, hitCount = 40, missCount = 1, failureCount = 0]
2026-07-16T14:57:48.069-04:00 DEBUG 10320 --- [ms-venta] [main] org.springframework.test.context.cache   : Spring test ApplicationContext cache statistics: [DefaultContextCache@6a4484e6 size = 1, maxSize = 32, contextUsageCount = 1, parentContextCount = 0, hitCount = 41, missCount = 1, failureCount = 0]
2026-07-16T14:57:48.069-04:00 DEBUG 10320 --- [ms-venta] [main] org.springframework.test.context.cache   : Spring test ApplicationContext cache statistics: [DefaultContextCache@6a4484e6 size = 1, maxSize = 32, contextUsageCount = 1, parentContextCount = 0, hitCount = 42, missCount = 1, failureCount = 0]
2026-07-16T14:57:48.069-04:00 DEBUG 10320 --- [ms-venta] [main] org.springframework.test.context.cache   : Spring test ApplicationContext cache statistics: [DefaultContextCache@6a4484e6 size = 1, maxSize = 32, contextUsageCount = 1, parentContextCount = 0, hitCount = 43, missCount = 1, failureCount = 0]
2026-07-16T14:57:48.071-04:00 DEBUG 10320 --- [ms-venta] [main] .c.s.DirtiesContextTestExecutionListener : After test method: class [VentaControllerTest], method [shouldReturnPageableFindAll], class annotated with @DirtiesContext [false] with mode [null], method annotated with @DirtiesContext [false] with mode [null]
2026-07-16T14:57:48.074-04:00 DEBUG 10320 --- [ms-venta] [main] org.springframework.test.context.cache   : Spring test ApplicationContext cache statistics: [DefaultContextCache@6a4484e6 size = 1, maxSize = 32, contextUsageCount = 1, parentContextCount = 0, hitCount = 44, missCount = 1, failureCount = 0]
2026-07-16T14:57:48.075-04:00 DEBUG 10320 --- [ms-venta] [main] DependencyInjectionTestExecutionListener : Performing dependency injection for test class com.pharmanet.venta_service.controller.VentaControllerTest
2026-07-16T14:57:48.076-04:00 DEBUG 10320 --- [ms-venta] [main] org.springframework.test.context.cache   : Spring test ApplicationContext cache statistics: [DefaultContextCache@6a4484e6 size = 1, maxSize = 32, contextUsageCount = 1, parentContextCount = 0, hitCount = 45, missCount = 1, failureCount = 0]
2026-07-16T14:57:48.077-04:00 DEBUG 10320 --- [ms-venta] [main] org.springframework.test.context.cache   : Spring test ApplicationContext cache statistics: [DefaultContextCache@6a4484e6 size = 1, maxSize = 32, contextUsageCount = 1, parentContextCount = 0, hitCount = 46, missCount = 1, failureCount = 0]
2026-07-16T14:57:48.082-04:00 DEBUG 10320 --- [ms-venta] [main] sContextBeforeModesTestExecutionListener : Before test method: class [VentaControllerTest], method [cuandoActualizarVenta_EntoncesEstados204], class annotated with @DirtiesContext [false] with mode [null], method annotated with @DirtiesContext [false] with mode [null]
2026-07-16T14:57:48.082-04:00 DEBUG 10320 --- [ms-venta] [main] org.springframework.test.context.cache   : Spring test ApplicationContext cache statistics: [DefaultContextCache@6a4484e6 size = 1, maxSize = 32, contextUsageCount = 1, parentContextCount = 0, hitCount = 47, missCount = 1, failureCount = 0]
2026-07-16T14:57:48.082-04:00 DEBUG 10320 --- [ms-venta] [main] org.springframework.test.context.cache   : Spring test ApplicationContext cache statistics: [DefaultContextCache@6a4484e6 size = 1, maxSize = 32, contextUsageCount = 1, parentContextCount = 0, hitCount = 48, missCount = 1, failureCount = 0]
2026-07-16T14:57:48.085-04:00 DEBUG 10320 --- [ms-venta] [main] org.springframework.test.context.cache   : Spring test ApplicationContext cache statistics: [DefaultContextCache@6a4484e6 size = 1, maxSize = 32, contextUsageCount = 1, parentContextCount = 0, hitCount = 49, missCount = 1, failureCount = 0]
2026-07-16T14:57:48.088-04:00 DEBUG 10320 --- [ms-venta] [main] o.s.t.web.servlet.TestDispatcherServlet  : PUT "/api/v1/ventas", parameters={}
2026-07-16T14:57:48.088-04:00 DEBUG 10320 --- [ms-venta] [main] s.w.s.m.m.a.RequestMappingHandlerMapping : Mapped to com.pharmanet.venta_service.controller.VentaController#actualizarVenta(VentaDto)
2026-07-16T14:57:48.109-04:00 DEBUG 10320 --- [ms-venta] [main] m.m.a.RequestResponseBodyMethodProcessor : Read "application/json;charset=UTF-8" to [VentaDto(codVenta=1, codSucursal=SU0001, run=19941476-3, fechaVenta=2026-06-20, montoTotal=4000)]
2026-07-16T14:57:48.120-04:00 DEBUG 10320 --- [ms-venta] [main] o.s.w.s.m.m.a.HttpEntityMethodProcessor  : Using 'application/json', given [*/*] and supported [application/json, application/*+json]
2026-07-16T14:57:48.122-04:00 DEBUG 10320 --- [ms-venta] [main] o.s.w.s.m.m.a.HttpEntityMethodProcessor  : Nothing to write: null body
2026-07-16T14:57:48.122-04:00 DEBUG 10320 --- [ms-venta] [main] o.s.t.web.servlet.TestDispatcherServlet  : Completed 204 NO_CONTENT
2026-07-16T14:57:48.122-04:00 DEBUG 10320 --- [ms-venta] [main] org.springframework.test.context.cache   : Spring test ApplicationContext cache statistics: [DefaultContextCache@6a4484e6 size = 1, maxSize = 32, contextUsageCount = 1, parentContextCount = 0, hitCount = 50, missCount = 1, failureCount = 0]
2026-07-16T14:57:48.125-04:00 DEBUG 10320 --- [ms-venta] [main] org.springframework.test.context.cache   : Spring test ApplicationContext cache statistics: [DefaultContextCache@6a4484e6 size = 1, maxSize = 32, contextUsageCount = 1, parentContextCount = 0, hitCount = 51, missCount = 1, failureCount = 0]
2026-07-16T14:57:48.125-04:00 DEBUG 10320 --- [ms-venta] [main] org.springframework.test.context.cache   : Spring test ApplicationContext cache statistics: [DefaultContextCache@6a4484e6 size = 1, maxSize = 32, contextUsageCount = 1, parentContextCount = 0, hitCount = 52, missCount = 1, failureCount = 0]
2026-07-16T14:57:48.125-04:00 DEBUG 10320 --- [ms-venta] [main] org.springframework.test.context.cache   : Spring test ApplicationContext cache statistics: [DefaultContextCache@6a4484e6 size = 1, maxSize = 32, contextUsageCount = 1, parentContextCount = 0, hitCount = 53, missCount = 1, failureCount = 0]
2026-07-16T14:57:48.128-04:00 DEBUG 10320 --- [ms-venta] [main] org.springframework.test.context.cache   : Spring test ApplicationContext cache statistics: [DefaultContextCache@6a4484e6 size = 1, maxSize = 32, contextUsageCount = 1, parentContextCount = 0, hitCount = 54, missCount = 1, failureCount = 0]
2026-07-16T14:57:48.128-04:00 DEBUG 10320 --- [ms-venta] [main] .c.s.DirtiesContextTestExecutionListener : After test method: class [VentaControllerTest], method [cuandoActualizarVenta_EntoncesEstados204], class annotated with @DirtiesContext [false] with mode [null], method annotated with @DirtiesContext [false] with mode [null]
2026-07-16T14:57:48.132-04:00 DEBUG 10320 --- [ms-venta] [main] org.springframework.test.context.cache   : Spring test ApplicationContext cache statistics: [DefaultContextCache@6a4484e6 size = 1, maxSize = 32, contextUsageCount = 1, parentContextCount = 0, hitCount = 55, missCount = 1, failureCount = 0]
2026-07-16T14:57:48.132-04:00 DEBUG 10320 --- [ms-venta] [main] org.springframework.test.context.cache   : Spring test ApplicationContext cache statistics: [DefaultContextCache@6a4484e6 size = 1, maxSize = 32, contextUsageCount = 1, parentContextCount = 0, hitCount = 56, missCount = 1, failureCount = 0]
2026-07-16T14:57:48.134-04:00 DEBUG 10320 --- [ms-venta] [main] .c.s.DirtiesContextTestExecutionListener : After test class: class [VentaControllerTest], class annotated with @DirtiesContext [false] with mode [null]
2026-07-16T14:57:48.887-04:00  INFO 10320 --- [ms-venta] [main] c.p.venta_service.service.VentaService   : Inicia funcionalidad de agregar venta
2026-07-16T14:57:48.887-04:00 DEBUG 10320 --- [ms-venta] [main] c.p.venta_service.service.VentaService   : dto: RegistroVenta(codVenta=1, codSucursal=SU0001, run=1111111-1, productos={PR0001=1}, fechaVenta=2026-07-16, montoTotal=null)
2026-07-16T14:57:48.887-04:00  INFO 10320 --- [ms-venta] [main] c.p.venta_service.service.VentaService   : Valida que la venta no haya sido registrada anteriormente
2026-07-16T14:57:48.887-04:00  INFO 10320 --- [ms-venta] [main] c.p.venta_service.service.VentaService   : Valida que la fecha de la venta sea exactamente igual a la de ingreso
2026-07-16T14:57:48.887-04:00  INFO 10320 --- [ms-venta] [main] c.p.venta_service.service.VentaService   : Obtiene tipo de receta del producto
2026-07-16T14:57:48.887-04:00  INFO 10320 --- [ms-venta] [main] c.p.venta_service.service.VentaService   : Conversión de productos a detalle ventas
2026-07-16T14:57:48.887-04:00 DEBUG 10320 --- [ms-venta] [main] c.p.venta_service.service.VentaService   : skus: [PR0001]
2026-07-16T14:57:48.887-04:00  INFO 10320 --- [ms-venta] [main] c.p.venta_service.service.VentaService   : Valida que la venta del usuario sea efectiva
2026-07-16T14:57:48.887-04:00 DEBUG 10320 --- [ms-venta] [main] c.p.venta_service.service.VentaService   : run: 1111111-1, codSucursal: SU0001, receta: SIN_RECETA
2026-07-16T14:57:48.943-04:00  INFO 10320 --- [ms-venta] [main] c.p.venta_service.service.VentaService   : Inicia búsqueda de ventas entre fechas indicadas
2026-07-16T14:57:48.943-04:00  INFO 10320 --- [ms-venta] [main] c.p.venta_service.service.VentaService   : Valida que la fecha ingresada sea válida
2026-07-16T14:57:48.943-04:00 DEBUG 10320 --- [ms-venta] [main] c.p.venta_service.service.VentaService   : Inicio: 2026-01-31 Término: 2027-05-05
2026-07-16T14:57:48.955-04:00  INFO 10320 --- [ms-venta] [main] c.p.venta_service.service.VentaService   : Inicia búsqueda de ventas entre fechas indicadas
2026-07-16T14:57:48.956-04:00  INFO 10320 --- [ms-venta] [main] c.p.venta_service.service.VentaService   : Valida que la fecha ingresada sea válida
2026-07-16T14:57:48.956-04:00 DEBUG 10320 --- [ms-venta] [main] c.p.venta_service.service.VentaService   : Inicio: 2025-12-30 Término: 2024-05-05
2026-07-16T14:57:48.964-04:00  INFO 10320 --- [ms-venta] [main] c.p.venta_service.service.VentaService   : Conversión de productos a detalle ventas
2026-07-16T14:57:48.972-04:00  INFO 10320 --- [ms-venta] [main] c.p.venta_service.service.VentaService   : Inicia funcionalidad de agregar venta
2026-07-16T14:57:48.972-04:00 DEBUG 10320 --- [ms-venta] [main] c.p.venta_service.service.VentaService   : dto: RegistroVenta(codVenta=1, codSucursal=SU0001, run=1111111-1, productos={PR0001=1}, fechaVenta=2026-01-01, montoTotal=null)
2026-07-16T14:57:48.972-04:00  INFO 10320 --- [ms-venta] [main] c.p.venta_service.service.VentaService   : Valida que la venta no haya sido registrada anteriormente
2026-07-16T14:57:48.972-04:00  INFO 10320 --- [ms-venta] [main] c.p.venta_service.service.VentaService   : Valida que la fecha de la venta sea exactamente igual a la de ingreso
2026-07-16T14:57:48.983-04:00  INFO 10320 --- [ms-venta] [main] c.p.venta_service.dto.VentaMapper        : Inicia conversión de dto a entidad
2026-07-16T14:57:48.983-04:00 DEBUG 10320 --- [ms-venta] [main] c.p.venta_service.dto.VentaMapper        : entidad: com.pharmanet.venta_service.entity.Venta@5b0bfe86
2026-07-16T14:57:48.989-04:00  INFO 10320 --- [ms-venta] [main] c.p.venta_service.service.VentaService   : Inicia búsqueda de ventas por día
2026-07-16T14:57:48.989-04:00 DEBUG 10320 --- [ms-venta] [main] c.p.venta_service.service.VentaService   : día: 2050-12-31
2026-07-16T14:57:48.989-04:00  INFO 10320 --- [ms-venta] [main] c.p.venta_service.service.VentaService   : Valida que la fecha ingresada sea igual o anterior a la actual
2026-07-16T14:57:48.995-04:00  INFO 10320 --- [ms-venta] [main] c.p.venta_service.service.VentaService   : Inicia eliminación de la venta
2026-07-16T14:57:48.995-04:00 DEBUG 10320 --- [ms-venta] [main] c.p.venta_service.service.VentaService   : codVenta: 1
2026-07-16T14:57:48.999-04:00  INFO 10320 --- [ms-venta] [main] c.p.venta_service.service.VentaService   : Inicia búsqueda de venta por codVenta
2026-07-16T14:57:48.999-04:00 DEBUG 10320 --- [ms-venta] [main] c.p.venta_service.service.VentaService   : codVenta: 1
2026-07-16T14:57:48.999-04:00 DEBUG 10320 --- [ms-venta] [main] c.p.venta_service.service.VentaService   : cantidad detalles: 1
2026-07-16T14:57:48.999-04:00  INFO 10320 --- [ms-venta] [main] c.p.venta_service.dto.VentaMapper        : Inicia creación de nueva solicitud de venta
2026-07-16T14:57:48.999-04:00 DEBUG 10320 --- [ms-venta] [main] c.p.venta_service.dto.VentaMapper        : venta: com.pharmanet.venta_service.entity.Venta@6d024898
2026-07-16T14:57:48.999-04:00 DEBUG 10320 --- [ms-venta] [main] c.p.venta_service.dto.VentaMapper        : detallesVenta: [com.pharmanet.venta_service.entity.DetalleVenta@7b73b5c9]
2026-07-16T14:57:49.011-04:00  INFO 10320 --- [ms-venta] [main] c.p.venta_service.service.VentaService   : Inicia funcionalidad de agregar venta
2026-07-16T14:57:49.011-04:00 DEBUG 10320 --- [ms-venta] [main] c.p.venta_service.service.VentaService   : dto: RegistroVenta(codVenta=1, codSucursal=SU0001, run=1111111-1, productos={PR0001=1}, fechaVenta=2026-07-16, montoTotal=null)
2026-07-16T14:57:49.011-04:00  INFO 10320 --- [ms-venta] [main] c.p.venta_service.service.VentaService   : Valida que la venta no haya sido registrada anteriormente
2026-07-16T14:57:49.011-04:00  INFO 10320 --- [ms-venta] [main] c.p.venta_service.service.VentaService   : Valida que la fecha de la venta sea exactamente igual a la de ingreso
2026-07-16T14:57:49.011-04:00  INFO 10320 --- [ms-venta] [main] c.p.venta_service.service.VentaService   : Obtiene tipo de receta del producto
2026-07-16T14:57:49.011-04:00  INFO 10320 --- [ms-venta] [main] c.p.venta_service.service.VentaService   : Conversión de productos a detalle ventas
2026-07-16T14:57:49.011-04:00 DEBUG 10320 --- [ms-venta] [main] c.p.venta_service.service.VentaService   : skus: [PR0001]
2026-07-16T14:57:49.011-04:00  INFO 10320 --- [ms-venta] [main] c.p.venta_service.service.VentaService   : Valida que la venta del usuario sea efectiva
2026-07-16T14:57:49.011-04:00 DEBUG 10320 --- [ms-venta] [main] c.p.venta_service.service.VentaService   : run: 1111111-1, codSucursal: SU0001, receta: SIN_RECETA
2026-07-16T14:57:49.011-04:00  INFO 10320 --- [ms-venta] [main] c.p.venta_service.service.VentaService   : Envío de solicitud de venta a inventario
2026-07-16T14:57:49.011-04:00 DEBUG 10320 --- [ms-venta] [main] c.p.venta_service.service.VentaService   : runVendedor: 1111111-1, codSucursal: SU0001, productos: [com.pharmanet.venta_service.entity.DetalleVenta@67fe15be]
2026-07-16T14:57:49.011-04:00  INFO 10320 --- [ms-venta] [main] c.p.venta_service.service.VentaService   : Inicia actualización de dto
2026-07-16T14:57:49.022-04:00 DEBUG 10320 --- [ms-venta] [main] c.p.venta_service.service.VentaService   : dto: VentaDto(codVenta=1, codSucursal=null, run=null, fechaVenta=2026-07-16, montoTotal=null)
2026-07-16T14:57:49.028-04:00  INFO 10320 --- [ms-venta] [main] c.p.venta_service.service.VentaService   : Inicia búsqueda de ventas entre fechas indicadas
2026-07-16T14:57:49.028-04:00  INFO 10320 --- [ms-venta] [main] c.p.venta_service.service.VentaService   : Valida que la fecha ingresada sea válida
2026-07-16T14:57:49.028-04:00 DEBUG 10320 --- [ms-venta] [main] c.p.venta_service.service.VentaService   : Inicio: 1998-01-01 Término: 2000-05-05
2026-07-16T14:57:49.028-04:00  INFO 10320 --- [ms-venta] [main] c.p.venta_service.service.VentaService   : Devuelve page de ventas
2026-07-16T14:57:49.028-04:00  INFO 10320 --- [ms-venta] [main] c.p.venta_service.dto.VentaMapper        : Inicia conversión de dto a entidad
2026-07-16T14:57:49.028-04:00 DEBUG 10320 --- [ms-venta] [main] c.p.venta_service.dto.VentaMapper        : entidad: com.pharmanet.venta_service.entity.Venta@12ce5274
2026-07-16T14:57:49.028-04:00  INFO 10320 --- [ms-venta] [main] c.p.venta_service.service.VentaService   : Inicia búsqueda de ventas por día
2026-07-16T14:57:49.028-04:00 DEBUG 10320 --- [ms-venta] [main] c.p.venta_service.service.VentaService   : día: 1997-12-31
2026-07-16T14:57:49.028-04:00  INFO 10320 --- [ms-venta] [main] c.p.venta_service.service.VentaService   : Valida que la fecha ingresada sea igual o anterior a la actual
2026-07-16T14:57:49.039-04:00  INFO 10320 --- [ms-venta] [main] c.p.venta_service.service.VentaService   : Inicia búsqueda de ventas por día
2026-07-16T14:57:49.039-04:00 DEBUG 10320 --- [ms-venta] [main] c.p.venta_service.service.VentaService   : día: 2026-03-25
2026-07-16T14:57:49.039-04:00  INFO 10320 --- [ms-venta] [main] c.p.venta_service.service.VentaService   : Valida que la fecha ingresada sea igual o anterior a la actual
2026-07-16T14:57:49.039-04:00  INFO 10320 --- [ms-venta] [main] c.p.venta_service.service.VentaService   : Devuelve page de ventas
2026-07-16T14:57:49.040-04:00  INFO 10320 --- [ms-venta] [main] c.p.venta_service.dto.VentaMapper        : Inicia conversión de dto a entidad
2026-07-16T14:57:49.040-04:00 DEBUG 10320 --- [ms-venta] [main] c.p.venta_service.dto.VentaMapper        : entidad: com.pharmanet.venta_service.entity.Venta@67ba7db3
2026-07-16T14:57:49.046-04:00  INFO 10320 --- [ms-venta] [main] c.p.venta_service.service.VentaService   : Inicia actualización de dto
2026-07-16T14:57:49.046-04:00 DEBUG 10320 --- [ms-venta] [main] c.p.venta_service.service.VentaService   : dto: VentaDto(codVenta=1, codSucursal=null, run=null, fechaVenta=1990-01-01, montoTotal=null)
2026-07-16T14:57:49.051-04:00  INFO 10320 --- [ms-venta] [main] c.p.venta_service.service.VentaService   : Inicia eliminación de la venta
2026-07-16T14:57:49.051-04:00 DEBUG 10320 --- [ms-venta] [main] c.p.venta_service.service.VentaService   : codVenta: 1
2026-07-16T14:57:49.057-04:00  INFO 10320 --- [ms-venta] [main] c.p.venta_service.service.VentaService   : Inicia funcionalidad de agregar venta
2026-07-16T14:57:49.057-04:00 DEBUG 10320 --- [ms-venta] [main] c.p.venta_service.service.VentaService   : dto: RegistroVenta(codVenta=1, codSucursal=SU0001, run=1111111-1, productos={PR0001=1}, fechaVenta=2026-07-16, montoTotal=1500)
2026-07-16T14:57:49.057-04:00  INFO 10320 --- [ms-venta] [main] c.p.venta_service.service.VentaService   : Valida que la venta no haya sido registrada anteriormente
2026-07-16T14:57:49.057-04:00  INFO 10320 --- [ms-venta] [main] c.p.venta_service.service.VentaService   : Valida que la fecha de la venta sea exactamente igual a la de ingreso
2026-07-16T14:57:49.057-04:00  INFO 10320 --- [ms-venta] [main] c.p.venta_service.service.VentaService   : Obtiene tipo de receta del producto
2026-07-16T14:57:49.057-04:00  INFO 10320 --- [ms-venta] [main] c.p.venta_service.service.VentaService   : Conversión de productos a detalle ventas
2026-07-16T14:57:49.057-04:00 DEBUG 10320 --- [ms-venta] [main] c.p.venta_service.service.VentaService   : skus: [PR0001]
2026-07-16T14:57:49.057-04:00  INFO 10320 --- [ms-venta] [main] c.p.venta_service.service.VentaService   : Valida que la venta del usuario sea efectiva
2026-07-16T14:57:49.057-04:00 DEBUG 10320 --- [ms-venta] [main] c.p.venta_service.service.VentaService   : run: 1111111-1, codSucursal: SU0001, receta: SIN_RECETA
2026-07-16T14:57:49.057-04:00  INFO 10320 --- [ms-venta] [main] c.p.venta_service.service.VentaService   : Envío de solicitud de venta a inventario
2026-07-16T14:57:49.057-04:00 DEBUG 10320 --- [ms-venta] [main] c.p.venta_service.service.VentaService   : runVendedor: 1111111-1, codSucursal: SU0001, productos: [com.pharmanet.venta_service.entity.DetalleVenta@b625b00]
2026-07-16T14:57:49.057-04:00  INFO 10320 --- [ms-venta] [main] c.p.venta_service.service.VentaService   : Inicia funcionalidad de agregar venta
2026-07-16T14:57:49.057-04:00 DEBUG 10320 --- [ms-venta] [main] c.p.venta_service.service.VentaService   : dto: RegistroVenta(codVenta=1, codSucursal=SU0001, run=1111111-1, productos={PR0001=1}, fechaVenta=2026-07-16, montoTotal=null)
2026-07-16T14:57:49.057-04:00  INFO 10320 --- [ms-venta] [main] c.p.venta_service.service.VentaService   : Valida que la venta no haya sido registrada anteriormente
2026-07-16T14:57:49.057-04:00  INFO 10320 --- [ms-venta] [main] c.p.venta_service.service.VentaService   : Valida que la fecha de la venta sea exactamente igual a la de ingreso
2026-07-16T14:57:49.057-04:00  INFO 10320 --- [ms-venta] [main] c.p.venta_service.service.VentaService   : Obtiene tipo de receta del producto
2026-07-16T14:57:49.057-04:00  INFO 10320 --- [ms-venta] [main] c.p.venta_service.service.VentaService   : Conversión de productos a detalle ventas
2026-07-16T14:57:49.057-04:00 DEBUG 10320 --- [ms-venta] [main] c.p.venta_service.service.VentaService   : skus: [PR0001]
2026-07-16T14:57:49.057-04:00  INFO 10320 --- [ms-venta] [main] c.p.venta_service.service.VentaService   : Valida que la venta del usuario sea efectiva
2026-07-16T14:57:49.057-04:00 DEBUG 10320 --- [ms-venta] [main] c.p.venta_service.service.VentaService   : run: 1111111-1, codSucursal: SU0001, receta: SIN_RECETA
2026-07-16T14:57:49.057-04:00  INFO 10320 --- [ms-venta] [main] c.p.venta_service.service.VentaService   : Envío de solicitud de venta a inventario
2026-07-16T14:57:49.057-04:00 DEBUG 10320 --- [ms-venta] [main] c.p.venta_service.service.VentaService   : runVendedor: 1111111-1, codSucursal: SU0001, productos: [com.pharmanet.venta_service.entity.DetalleVenta@389588b2]
2026-07-16T14:57:49.072-04:00  INFO 10320 --- [ms-venta] [main] c.p.venta_service.service.VentaService   : Inicia búsqueda de ventas entre fechas indicadas
2026-07-16T14:57:49.072-04:00  INFO 10320 --- [ms-venta] [main] c.p.venta_service.service.VentaService   : Valida que la fecha ingresada sea válida
2026-07-16T14:57:49.072-04:00 DEBUG 10320 --- [ms-venta] [main] c.p.venta_service.service.VentaService   : Inicio: 1997-12-31 Término: 2000-05-05
2026-07-16T14:57:49.076-04:00  INFO 10320 --- [ms-venta] [main] c.p.venta_service.service.VentaService   : Conversión de productos a detalle ventas
2026-07-16T14:57:49.081-04:00  INFO 10320 --- [ms-venta] [main] c.p.venta_service.service.VentaService   : Inicia actualización de dto
2026-07-16T14:57:49.081-04:00 DEBUG 10320 --- [ms-venta] [main] c.p.venta_service.service.VentaService   : dto: VentaDto(codVenta=1, codSucursal=null, run=null, fechaVenta=null, montoTotal=null)
2026-07-16T14:57:49.085-04:00  INFO 10320 --- [ms-venta] [main] c.p.venta_service.service.VentaService   : Inicia funcionalidad de agregar venta
2026-07-16T14:57:49.085-04:00 DEBUG 10320 --- [ms-venta] [main] c.p.venta_service.service.VentaService   : dto: RegistroVenta(codVenta=1, codSucursal=null, run=null, productos=null, fechaVenta=null, montoTotal=null)
2026-07-16T14:57:49.085-04:00  INFO 10320 --- [ms-venta] [main] c.p.venta_service.service.VentaService   : Valida que la venta no haya sido registrada anteriormente
2026-07-16T14:57:49.090-04:00  INFO 10320 --- [ms-venta] [main] c.p.venta_service.service.VentaService   : Inicia funcionalidad de agregar venta
2026-07-16T14:57:49.092-04:00 DEBUG 10320 --- [ms-venta] [main] c.p.venta_service.service.VentaService   : dto: RegistroVenta(codVenta=1, codSucursal=SU0001, run=1111111-1, productos={PR0001=1}, fechaVenta=null, montoTotal=null)
2026-07-16T14:57:49.092-04:00  INFO 10320 --- [ms-venta] [main] c.p.venta_service.service.VentaService   : Valida que la venta no haya sido registrada anteriormente
2026-07-16T14:57:49.092-04:00  INFO 10320 --- [ms-venta] [main] c.p.venta_service.service.VentaService   : Valida que la fecha de la venta sea exactamente igual a la de ingreso
2026-07-16T14:57:49.092-04:00  INFO 10320 --- [ms-venta] [main] c.p.venta_service.service.VentaService   : Obtiene tipo de receta del producto
2026-07-16T14:57:49.092-04:00  INFO 10320 --- [ms-venta] [main] c.p.venta_service.service.VentaService   : Conversión de productos a detalle ventas
2026-07-16T14:57:49.092-04:00 DEBUG 10320 --- [ms-venta] [main] c.p.venta_service.service.VentaService   : skus: [PR0001]
2026-07-16T14:57:49.092-04:00  INFO 10320 --- [ms-venta] [main] c.p.venta_service.service.VentaService   : Valida que la venta del usuario sea efectiva
2026-07-16T14:57:49.092-04:00 DEBUG 10320 --- [ms-venta] [main] c.p.venta_service.service.VentaService   : run: 1111111-1, codSucursal: SU0001, receta: SIN_RECETA
2026-07-16T14:57:49.092-04:00  INFO 10320 --- [ms-venta] [main] c.p.venta_service.service.VentaService   : Envío de solicitud de venta a inventario
2026-07-16T14:57:49.092-04:00 DEBUG 10320 --- [ms-venta] [main] c.p.venta_service.service.VentaService   : runVendedor: 1111111-1, codSucursal: SU0001, productos: [com.pharmanet.venta_service.entity.DetalleVenta@5ac1ba35]
2026-07-16T14:57:49.092-04:00  INFO 10320 --- [ms-venta] [main] c.p.venta_service.service.VentaService   : Agrega la venta
2026-07-16T14:57:49.092-04:00  INFO 10320 --- [ms-venta] [main] c.p.venta_service.service.VentaService   : Agrega los detalles de ventas
2026-07-16T14:57:49.092-04:00  INFO 10320 --- [ms-venta] [main] c.p.venta_service.dto.VentaMapper        : Inicia creación de nueva solicitud de venta
2026-07-16T14:57:49.092-04:00 DEBUG 10320 --- [ms-venta] [main] c.p.venta_service.dto.VentaMapper        : venta: com.pharmanet.venta_service.entity.Venta@42e58f8e
2026-07-16T14:57:49.092-04:00 DEBUG 10320 --- [ms-venta] [main] c.p.venta_service.dto.VentaMapper        : detallesVenta: [com.pharmanet.venta_service.entity.DetalleVenta@5ac1ba35]
2026-07-16T14:57:49.099-04:00  INFO 10320 --- [ms-venta] [main] c.p.venta_service.service.VentaService   : Inicia funcionalidad de agregar venta
2026-07-16T14:57:49.099-04:00 DEBUG 10320 --- [ms-venta] [main] c.p.venta_service.service.VentaService   : dto: RegistroVenta(codVenta=1, codSucursal=SU0001, run=1111111-1, productos={PR0001=1}, fechaVenta=2026-07-16, montoTotal=null)
2026-07-16T14:57:49.099-04:00  INFO 10320 --- [ms-venta] [main] c.p.venta_service.service.VentaService   : Valida que la venta no haya sido registrada anteriormente
2026-07-16T14:57:49.099-04:00  INFO 10320 --- [ms-venta] [main] c.p.venta_service.service.VentaService   : Valida que la fecha de la venta sea exactamente igual a la de ingreso
2026-07-16T14:57:49.099-04:00  INFO 10320 --- [ms-venta] [main] c.p.venta_service.service.VentaService   : Obtiene tipo de receta del producto
2026-07-16T14:57:49.101-04:00  INFO 10320 --- [ms-venta] [main] c.p.venta_service.service.VentaService   : Conversión de productos a detalle ventas
2026-07-16T14:57:49.101-04:00 DEBUG 10320 --- [ms-venta] [main] c.p.venta_service.service.VentaService   : skus: [PR0001]
2026-07-16T14:57:49.105-04:00  INFO 10320 --- [ms-venta] [main] c.p.venta_service.service.VentaService   : Inicia funcionalidad de agregar venta
2026-07-16T14:57:49.106-04:00 DEBUG 10320 --- [ms-venta] [main] c.p.venta_service.service.VentaService   : dto: RegistroVenta(codVenta=1, codSucursal=SU0001, run=1111111-1, productos={PR0001=1}, fechaVenta=2026-07-16, montoTotal=null)
2026-07-16T14:57:49.106-04:00  INFO 10320 --- [ms-venta] [main] c.p.venta_service.service.VentaService   : Valida que la venta no haya sido registrada anteriormente
2026-07-16T14:57:49.106-04:00  INFO 10320 --- [ms-venta] [main] c.p.venta_service.service.VentaService   : Valida que la fecha de la venta sea exactamente igual a la de ingreso
2026-07-16T14:57:49.106-04:00  INFO 10320 --- [ms-venta] [main] c.p.venta_service.service.VentaService   : Obtiene tipo de receta del producto
2026-07-16T14:57:49.106-04:00  INFO 10320 --- [ms-venta] [main] c.p.venta_service.service.VentaService   : Conversión de productos a detalle ventas
2026-07-16T14:57:49.106-04:00 DEBUG 10320 --- [ms-venta] [main] c.p.venta_service.service.VentaService   : skus: [PR0001]
2026-07-16T14:57:49.106-04:00  INFO 10320 --- [ms-venta] [main] c.p.venta_service.service.VentaService   : Valida que la venta del usuario sea efectiva
2026-07-16T14:57:49.106-04:00 DEBUG 10320 --- [ms-venta] [main] c.p.venta_service.service.VentaService   : run: 1111111-1, codSucursal: SU0001, receta: SIN_RECETA
2026-07-16T14:57:49.111-04:00  INFO 10320 --- [ms-venta] [main] c.p.venta_service.service.VentaService   : Inicia funcionalidad de agregar venta
2026-07-16T14:57:49.111-04:00 DEBUG 10320 --- [ms-venta] [main] c.p.venta_service.service.VentaService   : dto: RegistroVenta(codVenta=1, codSucursal=SU0001, run=1111111-1, productos={PR0001=1}, fechaVenta=2026-07-16, montoTotal=1000)
2026-07-16T14:57:49.111-04:00  INFO 10320 --- [ms-venta] [main] c.p.venta_service.service.VentaService   : Valida que la venta no haya sido registrada anteriormente
2026-07-16T14:57:49.111-04:00  INFO 10320 --- [ms-venta] [main] c.p.venta_service.service.VentaService   : Valida que la fecha de la venta sea exactamente igual a la de ingreso
2026-07-16T14:57:49.111-04:00  INFO 10320 --- [ms-venta] [main] c.p.venta_service.service.VentaService   : Obtiene tipo de receta del producto
2026-07-16T14:57:49.111-04:00  INFO 10320 --- [ms-venta] [main] c.p.venta_service.service.VentaService   : Conversión de productos a detalle ventas
2026-07-16T14:57:49.111-04:00 DEBUG 10320 --- [ms-venta] [main] c.p.venta_service.service.VentaService   : skus: [PR0001]
2026-07-16T14:57:49.111-04:00  INFO 10320 --- [ms-venta] [main] c.p.venta_service.service.VentaService   : Valida que la venta del usuario sea efectiva
2026-07-16T14:57:49.111-04:00 DEBUG 10320 --- [ms-venta] [main] c.p.venta_service.service.VentaService   : run: 1111111-1, codSucursal: SU0001, receta: SIN_RECETA
2026-07-16T14:57:49.111-04:00  INFO 10320 --- [ms-venta] [main] c.p.venta_service.service.VentaService   : Envío de solicitud de venta a inventario
2026-07-16T14:57:49.111-04:00 DEBUG 10320 --- [ms-venta] [main] c.p.venta_service.service.VentaService   : runVendedor: 1111111-1, codSucursal: SU0001, productos: [com.pharmanet.venta_service.entity.DetalleVenta@34d4aea7]
2026-07-16T14:57:49.111-04:00  INFO 10320 --- [ms-venta] [main] c.p.venta_service.service.VentaService   : Agrega la venta
2026-07-16T14:57:49.111-04:00  INFO 10320 --- [ms-venta] [main] c.p.venta_service.service.VentaService   : Agrega los detalles de ventas
2026-07-16T14:57:49.111-04:00  INFO 10320 --- [ms-venta] [main] c.p.venta_service.dto.VentaMapper        : Inicia creación de nueva solicitud de venta
2026-07-16T14:57:49.111-04:00 DEBUG 10320 --- [ms-venta] [main] c.p.venta_service.dto.VentaMapper        : venta: com.pharmanet.venta_service.entity.Venta@4a9f02f4
2026-07-16T14:57:49.111-04:00 DEBUG 10320 --- [ms-venta] [main] c.p.venta_service.dto.VentaMapper        : detallesVenta: [com.pharmanet.venta_service.entity.DetalleVenta@34d4aea7]
2026-07-16T14:57:49.117-04:00  INFO 10320 --- [ms-venta] [main] c.p.venta_service.service.VentaService   : Inicia búsqueda de venta por codVenta
2026-07-16T14:57:49.117-04:00 DEBUG 10320 --- [ms-venta] [main] c.p.venta_service.service.VentaService   : codVenta: 1
2026-07-16T14:57:49.124-04:00 DEBUG 10320 --- [ms-venta] [main] o.s.t.c.support.AbstractContextLoader    : Could not detect default resource locations for test class [com.pharmanet.venta_service.VentaServiceApplicationTests]: no resource found for suffixes {-context.xml, Context.groovy}.
2026-07-16T14:57:49.124-04:00  INFO 10320 --- [ms-venta] [main] t.c.s.AnnotationConfigContextLoaderUtils : Could not detect default configuration classes for test class [com.pharmanet.venta_service.VentaServiceApplicationTests]: VentaServiceApplicationTests does not declare any static, non-private, non-final, nested classes annotated with @Configuration.
2026-07-16T14:57:49.128-04:00 DEBUG 10320 --- [ms-venta] [main] .b.t.c.SpringBootTestContextBootstrapper : Using ContextCustomizerFactory implementations for test class [VentaServiceApplicationTests]: [WebDriverContextCustomizerFactory, SpringBootTestRandomPortContextCustomizerFactory, ImportsContextCustomizerFactory, PropertyMappingContextCustomizerFactory, ExcludeFilterContextCustomizerFactory, TypeExcludeFiltersContextCustomizerFactory, DisableReactorResourceFactoryGlobalResourcesContextCustomizerFactory, DuplicateJsonObjectContextCustomizerFactory, OnFailureConditionReportContextCustomizerFactory, OverrideAutoConfigurationContextCustomizerFactory, BeanOverrideContextCustomizerFactory, MockServerContainerContextCustomizerFactory, DynamicPropertiesContextCustomizerFactory]
2026-07-16T14:57:49.128-04:00 DEBUG 10320 --- [ms-venta] [main] .b.t.c.SpringBootTestContextBootstrapper : Using ContextCustomizers for test class [VentaServiceApplicationTests]: [WebDriverContextCustomizer, SpringBootTestRandomPortContextCustomizer, PropertyMappingContextCustomizer, ExcludeFilterContextCustomizer, DuplicateJsonObjectContextCustomizer, OnFailureConditionReportContextCustomizer, DynamicPropertiesContextCustomizer]
2026-07-16T14:57:49.138-04:00 DEBUG 10320 --- [ms-venta] [main] ssPathScanningCandidateComponentProvider : Identified candidate component class: file [C:\Users\tiare\Proyectos\inventario-farmacia\ms_venta\target\classes\com\pharmanet\venta_service\VentaServiceApplication.class]
2026-07-16T14:57:49.140-04:00  INFO 10320 --- [ms-venta] [main] .b.t.c.SpringBootTestContextBootstrapper : Found @SpringBootConfiguration com.pharmanet.venta_service.VentaServiceApplication for test class com.pharmanet.venta_service.VentaServiceApplicationTests
2026-07-16T14:57:49.140-04:00 DEBUG 10320 --- [ms-venta] [main] o.s.t.c.support.AbstractContextLoader    : Could not detect default resource locations for test class [com.pharmanet.venta_service.VentaServiceApplicationTests]: no resource found for suffixes {-context.xml, Context.groovy}.
2026-07-16T14:57:49.140-04:00  INFO 10320 --- [ms-venta] [main] t.c.s.AnnotationConfigContextLoaderUtils : Could not detect default configuration classes for test class [com.pharmanet.venta_service.VentaServiceApplicationTests]: VentaServiceApplicationTests does not declare any static, non-private, non-final, nested classes annotated with @Configuration.
2026-07-16T14:57:49.149-04:00 DEBUG 10320 --- [ms-venta] [main] .b.t.c.SpringBootTestContextBootstrapper : Using ContextCustomizerFactory implementations for test class [VentaServiceApplicationTests]: [WebDriverContextCustomizerFactory, SpringBootTestRandomPortContextCustomizerFactory, ImportsContextCustomizerFactory, PropertyMappingContextCustomizerFactory, ExcludeFilterContextCustomizerFactory, TypeExcludeFiltersContextCustomizerFactory, DisableReactorResourceFactoryGlobalResourcesContextCustomizerFactory, DuplicateJsonObjectContextCustomizerFactory, OnFailureConditionReportContextCustomizerFactory, OverrideAutoConfigurationContextCustomizerFactory, BeanOverrideContextCustomizerFactory, MockServerContainerContextCustomizerFactory, DynamicPropertiesContextCustomizerFactory]
2026-07-16T14:57:49.149-04:00 DEBUG 10320 --- [ms-venta] [main] .b.t.c.SpringBootTestContextBootstrapper : Using ContextCustomizers for test class [VentaServiceApplicationTests]: [WebDriverContextCustomizer, SpringBootTestRandomPortContextCustomizer, PropertyMappingContextCustomizer, ExcludeFilterContextCustomizer, DuplicateJsonObjectContextCustomizer, OnFailureConditionReportContextCustomizer, DynamicPropertiesContextCustomizer]
2026-07-16T14:57:49.149-04:00  INFO 10320 --- [ms-venta] [main] .b.t.c.SpringBootTestContextBootstrapper : Found @SpringBootConfiguration com.pharmanet.venta_service.VentaServiceApplication for test class com.pharmanet.venta_service.VentaServiceApplicationTests
2026-07-16T14:57:49.149-04:00 DEBUG 10320 --- [ms-venta] [main] .b.t.c.SpringBootTestContextBootstrapper : Neither @ContextConfiguration nor @ContextHierarchy found for test class [VentaServiceApplicationTests]: using SpringBootContextLoader
2026-07-16T14:57:49.151-04:00 DEBUG 10320 --- [ms-venta] [main] .s.t.c.u.TestContextSpringFactoriesUtils : Skipping candidate TestExecutionListener [org.springframework.test.context.observation.MicrometerObservationRegistryTestExecutionListener] due to a missing dependency. Specify custom TestExecutionListener classes or make the default TestExecutionListener classes and their required dependencies available. Offending class: io.micrometer.context.ThreadLocalAccessor. MicrometerObservationRegistryTestExecutionListener requires io.micrometer:micrometer-observation:1.10.8 or higher and io.micrometer:context-propagation:1.0.3 or higher.
2026-07-16T14:57:49.151-04:00 DEBUG 10320 --- [ms-venta] [main] .b.t.c.SpringBootTestContextBootstrapper : Using TestExecutionListeners for test class [VentaServiceApplicationTests]: [ServletTestExecutionListener, DirtiesContextBeforeModesTestExecutionListener, ApplicationEventsTestExecutionListener, BeanOverrideTestExecutionListener, DependencyInjectionTestExecutionListener, DirtiesContextTestExecutionListener, CommonCachesTestExecutionListener, TransactionalTestExecutionListener, SqlScriptsTestExecutionListener, EventPublishingTestExecutionListener, MockMvcPrintOnlyOnFailureTestExecutionListener, WebDriverTestExecutionListener, MockitoResetTestExecutionListener]
2026-07-16T14:57:49.151-04:00 DEBUG 10320 --- [ms-venta] [main] sContextBeforeModesTestExecutionListener : Before test class: class [VentaServiceApplicationTests], class annotated with @DirtiesContext [false] with mode [null]
2026-07-16T14:57:49.156-04:00 DEBUG 10320 --- [ms-venta] [main] o.s.c.support.DefaultLifecycleProcessor  : Stopping beans in phase 1073741823
2026-07-16T14:57:49.156-04:00 DEBUG 10320 --- [ms-venta] [main] o.s.c.support.DefaultLifecycleProcessor  : Bean 'applicationTaskExecutor' completed its stop procedure
2026-07-16T14:57:49.156-04:00 DEBUG 10320 --- [ms-venta] [main] o.s.c.support.DefaultLifecycleProcessor  : Stopping beans in phase -2147483647
2026-07-16T14:57:49.156-04:00 DEBUG 10320 --- [ms-venta] [main] o.s.c.support.DefaultLifecycleProcessor  : Bean 'springBootLoggingLifecycle' completed its stop procedure
2026-07-16T14:57:49.160-04:00  INFO 10320 --- [ms-venta] [main] o.s.b.d.r.RestartApplicationListener     : Restart disabled due to context in which it is running
2026-07-16T14:57:49.237-04:00  INFO 10320 --- [ms-venta] [main] c.p.v.VentaServiceApplicationTests       : Starting VentaServiceApplicationTests using Java 21.0.11 with PID 10320 (started by tiare in C:\Users\tiare\Proyectos\inventario-farmacia\ms_venta)
2026-07-16T14:57:49.238-04:00 DEBUG 10320 --- [ms-venta] [main] c.p.v.VentaServiceApplicationTests       : Running with Spring Boot v4.0.7, Spring v7.0.8
2026-07-16T14:57:49.238-04:00  INFO 10320 --- [ms-venta] [main] c.p.v.VentaServiceApplicationTests       : The following 1 profile is active: "test"
2026-07-16T14:57:49.238-04:00 DEBUG 10320 --- [ms-venta] [main] o.s.boot.SpringApplication               : Loading source class com.pharmanet.venta_service.VentaServiceApplication
2026-07-16T14:57:49.241-04:00 DEBUG 10320 --- [ms-venta] [main] o.s.w.c.s.GenericWebApplicationContext   : Refreshing org.springframework.web.context.support.GenericWebApplicationContext@24e95bd4
2026-07-16T14:57:49.241-04:00 DEBUG 10320 --- [ms-venta] [main] o.s.b.f.s.DefaultListableBeanFactory     : Creating shared instance of singleton bean 'org.springframework.context.annotation.internalConfigurationAnnotationProcessor'
2026-07-16T14:57:49.241-04:00 DEBUG 10320 --- [ms-venta] [main] o.s.b.f.s.DefaultListableBeanFactory     : Creating shared instance of singleton bean 'org.springframework.boot.autoconfigure.internalCachingMetadataReaderFactory'
2026-07-16T14:57:49.245-04:00 DEBUG 10320 --- [ms-venta] [main] o.s.c.a.ClassPathBeanDefinitionScanner   : Identified candidate component class: file [C:\Users\tiare\Proyectos\inventario-farmacia\ms_venta\target\classes\com\pharmanet\venta_service\controller\VentaController.class]
2026-07-16T14:57:49.260-04:00 DEBUG 10320 --- [ms-venta] [main] o.s.c.a.ClassPathBeanDefinitionScanner   : Identified candidate component class: file [C:\Users\tiare\Proyectos\inventario-farmacia\ms_venta\target\classes\com\pharmanet\venta_service\exception\GlobalExceptionHandler.class]
2026-07-16T14:57:49.260-04:00 DEBUG 10320 --- [ms-venta] [main] o.s.c.a.ClassPathBeanDefinitionScanner   : Identified candidate component class: file [C:\Users\tiare\Proyectos\inventario-farmacia\ms_venta\target\classes\com\pharmanet\venta_service\service\VentaService.class]
2026-07-16T14:57:49.972-04:00 DEBUG 10320 --- [ms-venta] [main] o.s.c.openfeign.FeignClientsRegistrar$1  : Identified candidate component class: file [C:\Users\tiare\Proyectos\inventario-farmacia\ms_venta\target\classes\com\pharmanet\venta_service\client\InventarioFeignClient.class]
2026-07-16T14:57:49.972-04:00 DEBUG 10320 --- [ms-venta] [main] o.s.c.openfeign.FeignClientsRegistrar$1  : Identified candidate component class: file [C:\Users\tiare\Proyectos\inventario-farmacia\ms_venta\target\classes\com\pharmanet\venta_service\client\ProductoFeignClient.class]
2026-07-16T14:57:49.972-04:00 DEBUG 10320 --- [ms-venta] [main] o.s.c.openfeign.FeignClientsRegistrar$1  : Identified candidate component class: file [C:\Users\tiare\Proyectos\inventario-farmacia\ms_venta\target\classes\com\pharmanet\venta_service\client\UsuarioFeignClient.class]
2026-07-16T14:57:50.455-04:00  INFO 10320 --- [ms-venta] [main] .s.d.r.c.RepositoryConfigurationDelegate : Bootstrapping Spring Data JPA repositories in DEFAULT mode.
2026-07-16T14:57:50.480-04:00 DEBUG 10320 --- [ms-venta] [main] o.s.b.f.s.DefaultListableBeanFactory     : Creating shared instance of singleton bean 'org.springframework.boot.autoconfigure.AutoConfigurationPackages'
2026-07-16T14:57:50.480-04:00 DEBUG 10320 --- [ms-venta] [main] o.s.b.a.AutoConfigurationPackages        : @EnableAutoConfiguration was declared on a class in the package 'com.pharmanet.venta_service'. Automatic @Repository and @Entity scanning is enabled.
2026-07-16T14:57:50.480-04:00 DEBUG 10320 --- [ms-venta] [main] .s.d.r.c.RepositoryConfigurationDelegate : Scanning for JPA repositories in packages com.pharmanet.venta_service.
2026-07-16T14:57:50.501-04:00 DEBUG 10320 --- [ms-venta] [main] o.s.d.r.c.RepositoryComponentProvider    : Identified candidate component class: file [C:\Users\tiare\Proyectos\inventario-farmacia\ms_venta\target\classes\com\pharmanet\venta_service\repository\DetalleVentaRepository.class]
2026-07-16T14:57:50.502-04:00 DEBUG 10320 --- [ms-venta] [main] o.s.d.r.c.RepositoryComponentProvider    : Identified candidate component class: file [C:\Users\tiare\Proyectos\inventario-farmacia\ms_venta\target\classes\com\pharmanet\venta_service\repository\VentaRepository.class]
2026-07-16T14:57:50.573-04:00  INFO 10320 --- [ms-venta] [main] .s.d.r.c.RepositoryConfigurationDelegate : Finished Spring Data repository scanning in 90 ms. Found 2 JPA repository interfaces.
2026-07-16T14:57:51.020-04:00 DEBUG 10320 --- [ms-venta] [main] o.s.b.f.s.DefaultListableBeanFactory     : Creating shared instance of singleton bean 'refreshScope'
2026-07-16T14:57:51.020-04:00 DEBUG 10320 --- [ms-venta] [main] o.s.b.f.s.DefaultListableBeanFactory     : Creating shared instance of singleton bean 'org.springframework.cloud.autoconfigure.RefreshAutoConfiguration$RefreshScopeBeanDefinitionEnhancer'
2026-07-16T14:57:51.020-04:00 DEBUG 10320 --- [ms-venta] [main] o.s.cloud.context.scope.GenericScope     : Generating bean factory id from names: [additionalModelsConverter, applicationAvailability, applicationTaskExecutor, applicationTaskExecutorAsyncConfigurer, basicErrorController, beanNameHandlerMapping, beanNameViewResolver, blockingLoadBalancerClient, bootstrapExecutorAliasPostProcessor, caffeineWarnLogger, characterEncodingFilter, clientConvertersCustomizer, clientHttpConnector, clientHttpConnectorBuilder, clientHttpRequestFactory, clientHttpRequestFactoryBuilder, com.pharmanet.venta_service.client.InventarioFeignClient, com.pharmanet.venta_service.client.ProductoFeignClient, com.pharmanet.venta_service.client.UsuarioFeignClient, compositeCompatibilityVerifier, compositeDiscoveryClient, configDataContextRefresher, configurationPropertiesBeans, configurationPropertiesRebinder, conventionErrorViewResolver, data-jpa.repository-aot-processor#0, dataRestDelegatingMethodParameterCustomizer, dataSource, dataSourceScriptDatabaseInitializer, default.com.pharmanet.venta_service.VentaServiceApplication.FeignClientSpecification, default.org.springframework.cloud.loadbalancer.config.BlockingLoadBalancerClientAutoConfiguration.LoadBalancerClientSpecification, default.org.springframework.cloud.loadbalancer.config.LoadBalancerAutoConfiguration.LoadBalancerClientSpecification, default.org.springframework.cloud.netflix.eureka.loadbalancer.LoadBalancerEurekaAutoConfiguration.LoadBalancerClientSpecification, defaultEurekaClientHttpRequestFactorySupplier, defaultLoadBalancerCacheManager, defaultServletHandlerMapping, defaultValidator, defaultViewResolver, defaultsBindHandlerAdvisor, deferringLoadBalancerInterceptor, detalleVentaRepository, discoveryClient, dispatcherServlet, dispatcherServletRegistration, eagerJpaMetamodelCacheCleanup, entityManagerFactory, entityManagerFactoryBuilder, environmentManager, error, errorAttributes, errorPageCustomizer, errorPageRegistrarBeanPostProcessor, eureka.client.timeout-org.springframework.cloud.netflix.eureka.TimeoutProperties, eurekaApplicationInfoManager, eurekaAutoServiceRegistration, eurekaClient, eurekaClientConfigBean, eurekaFeature, eurekaInstanceConfigBean, eurekaLoadBalancerProperties, eurekaRegistration, eurekaServiceRegistry, feignChildContextInitializer, feignClient, feignClientBeanFactoryInitializationCodeGenerator, feignContext, feignFeature, feignTargeter, fileSupportConverter, fileWatcher, flashMapManager, formContentFilter, globalExceptionHandler, globalOpenApiCustomizer, handlerExceptionResolver, handlerFunctionAdapter, hikariPoolDataSourceMetadataProvider, httpClientSettings, httpMessageConvertersRestClientCustomizer, httpRequestHandlerAdapter, httpServiceClientProperties, indexPageTransformer, inetUtils, inetUtilsProperties, initExtraSchemas, inventario-service.FeignClientSpecification, jackson2JsonComponentModule, jackson2JsonMixinModule, jackson2JsonMixinModuleEntries, jackson2ObjectMapper, jackson2ObjectMapperBuilder, jackson2ParameterNamesModule, jackson3GeoModule, jackson3pageModule, jacksonGeoModule, jacksonJsonHttpMessageConvertersCustomizer, jacksonJsonMapper, jacksonMixinModule, jacksonMixinModuleEntries, jdbcClient, jdbcConnectionDetails, jdbcConnectionDetailsHikariBeanPostProcessor, jdbcTemplate, jpa.DetalleVentaRepository.fragments#0, jpa.VentaRepository.fragments#0, jpa.named-queries#0, jpa.named-queries#1, jpaContext, jpaMappingContext, jpaSharedEM_entityManagerFactory, jpaVendorAdapter, jsonComponentModule, jsonMapperBuilder, lbRestClientPostProcessor, lbRestTemplateBuilderPostProcessor, lifecycleProcessor, loadBalancedRestTemplateInitializerDeprecated, loadBalancerChildContextInitializer, loadBalancerClientFactory, loadBalancerClientsDefaultsMappingsProvider, loadBalancerEagerContextInitializer, loadBalancerInterceptor, loadBalancerRequestFactory, loadBalancerRestClientHttpServiceGroupConfigurer, loadBalancerServiceInstanceCookieTransformer, localSpringDocParameterNameDiscoverer, localeResolver, loggingRebinder, methodParameterPojoExtractor, methodValidationPostProcessor, modelConverterRegistrar, multipartConfigElement, multipartResolver, mvcApiVersionStrategy, mvcContentNegotiationManager, mvcConversionService, mvcHandlerMappingIntrospector, mvcPathMatcher, mvcPatternParser, mvcResourceUrlProvider, mvcUriComponentsContributor, mvcUrlPathHelper, mvcValidator, mvcViewResolver, namedParameterJdbcTemplate, offsetResolver, openAPIBuilder, openApiResource, openEntityManagerInViewInterceptor, openEntityManagerInViewInterceptorConfigurer, operationBuilder, org.springdoc.core.configuration.SpringDocConfiguration, org.springdoc.core.configuration.SpringDocConfiguration$OpenApiResourceAdvice, org.springdoc.core.configuration.SpringDocConfiguration$QuerydslProvider, org.springdoc.core.configuration.SpringDocConfiguration$SpringDocSpringDataWebPropertiesProvider, org.springdoc.core.configuration.SpringDocConfiguration$SpringDocWebFluxSupportConfiguration, org.springdoc.core.configuration.SpringDocConfiguration$WebConversionServiceConfiguration, org.springdoc.core.configuration.SpringDocPageableConfiguration, org.springdoc.core.configuration.SpringDocSortConfiguration, org.springdoc.core.configuration.SpringDocWebServerConfiguration$EmbeddedWebServerConfiguration, org.springdoc.core.properties.SpringDocConfigProperties, org.springdoc.core.properties.SwaggerUiConfigProperties, org.springdoc.core.properties.SwaggerUiOAuthProperties, org.springdoc.webmvc.core.configuration.SpringDocWebMvcConfiguration, org.springdoc.webmvc.core.configuration.SpringDocWebMvcConfiguration$SpringDocWebMvcActuatorConfiguration, org.springdoc.webmvc.core.configuration.SpringDocWebMvcConfiguration$SpringDocWebMvcRouterConfiguration, org.springdoc.webmvc.ui.SwaggerConfig, org.springframework.aop.config.internalAutoProxyCreator, org.springframework.aop.framework.autoproxy.defaultProxyConfig, org.springframework.boot.autoconfigure.AutoConfigurationPackages, org.springframework.boot.autoconfigure.aop.AopAutoConfiguration, org.springframework.boot.autoconfigure.aop.AopAutoConfiguration$AspectJAutoProxyingConfiguration, org.springframework.boot.autoconfigure.aop.AopAutoConfiguration$AspectJAutoProxyingConfiguration$CglibAutoProxyConfiguration, org.springframework.boot.autoconfigure.availability.ApplicationAvailabilityAutoConfiguration, org.springframework.boot.autoconfigure.context.ConfigurationPropertiesAutoConfiguration, org.springframework.boot.autoconfigure.context.LifecycleAutoConfiguration, org.springframework.boot.autoconfigure.context.PropertyPlaceholderAutoConfiguration, org.springframework.boot.autoconfigure.info.ProjectInfoAutoConfiguration, org.springframework.boot.autoconfigure.internalCachingMetadataReaderFactory, org.springframework.boot.autoconfigure.ssl.SslAutoConfiguration, org.springframework.boot.autoconfigure.task.TaskExecutionAutoConfiguration, org.springframework.boot.autoconfigure.task.TaskExecutorConfigurations$AsyncConfigurerConfiguration, org.springframework.boot.autoconfigure.task.TaskExecutorConfigurations$BootstrapExecutorConfiguration, org.springframework.boot.autoconfigure.task.TaskExecutorConfigurations$SimpleAsyncTaskExecutorBuilderConfiguration, org.springframework.boot.autoconfigure.task.TaskExecutorConfigurations$TaskExecutorConfiguration, org.springframework.boot.autoconfigure.task.TaskExecutorConfigurations$ThreadPoolTaskExecutorBuilderConfiguration, org.springframework.boot.autoconfigure.task.TaskSchedulingAutoConfiguration, org.springframework.boot.autoconfigure.task.TaskSchedulingConfigurations$SimpleAsyncTaskSchedulerBuilderConfiguration, org.springframework.boot.autoconfigure.task.TaskSchedulingConfigurations$ThreadPoolTaskSchedulerBuilderConfiguration, org.springframework.boot.context.internalConfigurationPropertiesBinder, org.springframework.boot.context.properties.BoundConfigurationProperties, org.springframework.boot.context.properties.ConfigurationPropertiesBindingPostProcessor, org.springframework.boot.context.properties.EnableConfigurationPropertiesRegistrar.methodValidationExcludeFilter, org.springframework.boot.data.autoconfigure.web.DataWebAutoConfiguration, org.springframework.boot.data.jpa.autoconfigure.DataJpaRepositoriesAutoConfiguration, org.springframework.boot.hibernate.autoconfigure.HibernateJpaAutoConfiguration, org.springframework.boot.hibernate.autoconfigure.HibernateJpaConfiguration, org.springframework.boot.http.client.autoconfigure.HttpClientAutoConfiguration, org.springframework.boot.http.client.autoconfigure.imperative.ImperativeHttpClientAutoConfiguration, org.springframework.boot.http.client.autoconfigure.reactive.ReactiveHttpClientAutoConfiguration, org.springframework.boot.http.client.autoconfigure.service.HttpServiceClientPropertiesAutoConfiguration, org.springframework.boot.http.converter.autoconfigure.GsonHttpMessageConvertersConfiguration, org.springframework.boot.http.converter.autoconfigure.HttpMessageConvertersAutoConfiguration, org.springframework.boot.http.converter.autoconfigure.HttpMessageConvertersAutoConfiguration$StringHttpMessageConverterConfiguration, org.springframework.boot.http.converter.autoconfigure.Jackson2HttpMessageConvertersConfiguration, org.springframework.boot.http.converter.autoconfigure.JacksonHttpMessageConvertersConfiguration, org.springframework.boot.http.converter.autoconfigure.JacksonHttpMessageConvertersConfiguration$JacksonJsonHttpMessageConverterConfiguration, org.springframework.boot.jackson.autoconfigure.JacksonAutoConfiguration, org.springframework.boot.jackson.autoconfigure.JacksonAutoConfiguration$JacksonJsonMapperBuilderCustomizerConfiguration, org.springframework.boot.jackson.autoconfigure.JacksonAutoConfiguration$JacksonMixinConfiguration, org.springframework.boot.jackson.autoconfigure.JacksonAutoConfiguration$JsonProblemDetailsConfiguration, org.springframework.boot.jackson2.autoconfigure.Jackson2AutoConfiguration, org.springframework.boot.jackson2.autoconfigure.Jackson2AutoConfiguration$Jackson2ObjectMapperBuilderCustomizerConfiguration, org.springframework.boot.jackson2.autoconfigure.Jackson2AutoConfiguration$JacksonMixinConfiguration, org.springframework.boot.jackson2.autoconfigure.Jackson2AutoConfiguration$JacksonObjectMapperBuilderConfiguration, org.springframework.boot.jackson2.autoconfigure.Jackson2AutoConfiguration$JacksonObjectMapperConfiguration, org.springframework.boot.jackson2.autoconfigure.Jackson2AutoConfiguration$ParameterNamesModuleConfiguration, org.springframework.boot.jdbc.autoconfigure.DataSourceAutoConfiguration, org.springframework.boot.jdbc.autoconfigure.DataSourceAutoConfiguration$PooledDataSourceConfiguration, org.springframework.boot.jdbc.autoconfigure.DataSourceConfiguration$Hikari, org.springframework.boot.jdbc.autoconfigure.DataSourceInitializationAutoConfiguration, org.springframework.boot.jdbc.autoconfigure.DataSourcePoolMetadataProvidersConfiguration, org.springframework.boot.jdbc.autoconfigure.DataSourcePoolMetadataProvidersConfiguration$HikariPoolDataSourceMetadataProviderConfiguration, org.springframework.boot.jdbc.autoconfigure.DataSourceTransactionManagerAutoConfiguration, org.springframework.boot.jdbc.autoconfigure.DataSourceTransactionManagerAutoConfiguration$JdbcTransactionManagerConfiguration, org.springframework.boot.jdbc.autoconfigure.JdbcClientAutoConfiguration, org.springframework.boot.jdbc.autoconfigure.JdbcTemplateAutoConfiguration, org.springframework.boot.jdbc.autoconfigure.JdbcTemplateConfiguration, org.springframework.boot.jdbc.autoconfigure.NamedParameterJdbcTemplateConfiguration, org.springframework.boot.jpa.autoconfigure.JpaBaseConfiguration$JpaWebConfiguration, org.springframework.boot.jpa.autoconfigure.JpaBaseConfiguration$PersistenceManagedTypesConfiguration, org.springframework.boot.persistence.autoconfigure.PersistenceExceptionTranslationAutoConfiguration, org.springframework.boot.restclient.autoconfigure.RestClientAutoConfiguration, org.springframework.boot.restclient.autoconfigure.RestClientAutoConfiguration$HttpMessageConvertersConfiguration, org.springframework.boot.restclient.autoconfigure.RestTemplateAutoConfiguration, org.springframework.boot.servlet.autoconfigure.HttpEncodingAutoConfiguration, org.springframework.boot.servlet.autoconfigure.MultipartAutoConfiguration, org.springframework.boot.sql.init.dependency.DatabaseInitializationDependencyConfigurer$DependsOnDatabaseInitializationPostProcessor, org.springframework.boot.tomcat.autoconfigure.servlet.TomcatServletWebServerAutoConfiguration, org.springframework.boot.transaction.autoconfigure.TransactionAutoConfiguration, org.springframework.boot.transaction.autoconfigure.TransactionAutoConfiguration$EnableTransactionManagementConfiguration, org.springframework.boot.transaction.autoconfigure.TransactionAutoConfiguration$EnableTransactionManagementConfiguration$CglibAutoProxyConfiguration, org.springframework.boot.transaction.autoconfigure.TransactionAutoConfiguration$TransactionTemplateConfiguration, org.springframework.boot.transaction.autoconfigure.TransactionManagerCustomizationAutoConfiguration, org.springframework.boot.transaction.jta.autoconfigure.JtaAutoConfiguration, org.springframework.boot.validation.autoconfigure.ValidationAutoConfiguration, org.springframework.boot.web.server.autoconfigure.servlet.ServletWebServerConfiguration, org.springframework.boot.webmvc.autoconfigure.DispatcherServletAutoConfiguration, org.springframework.boot.webmvc.autoconfigure.DispatcherServletAutoConfiguration$DispatcherServletConfiguration, org.springframework.boot.webmvc.autoconfigure.DispatcherServletAutoConfiguration$DispatcherServletRegistrationConfiguration, org.springframework.boot.webmvc.autoconfigure.WebMvcAutoConfiguration, org.springframework.boot.webmvc.autoconfigure.WebMvcAutoConfiguration$EnableWebMvcConfiguration, org.springframework.boot.webmvc.autoconfigure.WebMvcAutoConfiguration$ResourceChainCustomizerConfiguration, org.springframework.boot.webmvc.autoconfigure.WebMvcAutoConfiguration$WebMvcAutoConfigurationAdapter, org.springframework.boot.webmvc.autoconfigure.error.ErrorMvcAutoConfiguration, org.springframework.boot.webmvc.autoconfigure.error.ErrorMvcAutoConfiguration$DefaultErrorViewResolverConfiguration, org.springframework.boot.webmvc.autoconfigure.error.ErrorMvcAutoConfiguration$WhitelabelErrorViewConfiguration, org.springframework.cloud.autoconfigure.ConfigurationPropertiesRebinderAutoConfiguration, org.springframework.cloud.autoconfigure.LifecycleMvcEndpointAutoConfiguration, org.springframework.cloud.autoconfigure.RefreshAutoConfiguration, org.springframework.cloud.autoconfigure.RefreshAutoConfiguration$RefreshScopeBeanDefinitionEnhancer, org.springframework.cloud.client.CommonsClientAutoConfiguration, org.springframework.cloud.client.ReactiveCommonsClientAutoConfiguration, org.springframework.cloud.client.discovery.composite.CompositeDiscoveryClientAutoConfiguration, org.springframework.cloud.client.discovery.simple.SimpleDiscoveryClientAutoConfiguration, org.springframework.cloud.client.discovery.simple.SimpleDiscoveryClientConfigurations$WebApplicationSimpleDiscoveryClientConfiguration, org.springframework.cloud.client.loadbalancer.LoadBalancerAutoConfiguration, org.springframework.cloud.client.loadbalancer.LoadBalancerAutoConfiguration$DeferringLoadBalancerInterceptorConfig, org.springframework.cloud.client.loadbalancer.LoadBalancerAutoConfiguration$DeferringLoadBalancerInterceptorHttpClientConfig, org.springframework.cloud.client.loadbalancer.LoadBalancerAutoConfiguration$DeferringLoadBalancerInterceptorRestTemplateBuilderConfig, org.springframework.cloud.client.loadbalancer.LoadBalancerAutoConfiguration$LoadBalancerInterceptorConfig, org.springframework.cloud.client.loadbalancer.LoadBalancerDefaultMappingsProviderAutoConfiguration, org.springframework.cloud.client.serviceregistry.AutoServiceRegistrationAutoConfiguration, org.springframework.cloud.client.serviceregistry.AutoServiceRegistrationConfiguration, org.springframework.cloud.client.serviceregistry.ServiceRegistryAutoConfiguration, org.springframework.cloud.commons.config.CommonsConfigAutoConfiguration, org.springframework.cloud.commons.security.ResourceServerTokenRelayAutoConfiguration, org.springframework.cloud.commons.security.ResourceServerTokenRelayAutoConfiguration$ResourceServerTokenRelayRegistrationAutoConfiguration, org.springframework.cloud.commons.util.UtilAutoConfiguration, org.springframework.cloud.configuration.CompatibilityVerifierAutoConfiguration, org.springframework.cloud.loadbalancer.config.BlockingLoadBalancerClientAutoConfiguration, org.springframework.cloud.loadbalancer.config.LoadBalancerAutoConfiguration, org.springframework.cloud.loadbalancer.config.LoadBalancerCacheAutoConfiguration, org.springframework.cloud.loadbalancer.config.LoadBalancerCacheAutoConfiguration$DefaultLoadBalancerCacheManagerConfiguration, org.springframework.cloud.netflix.eureka.EurekaClientAutoConfiguration, org.springframework.cloud.netflix.eureka.EurekaClientAutoConfiguration$RefreshableEurekaClientConfiguration, org.springframework.cloud.netflix.eureka.EurekaDiscoveryClientConfiguration, org.springframework.cloud.netflix.eureka.EurekaDiscoveryClientConfiguration$EurekaClientConfigurationRefresher, org.springframework.cloud.netflix.eureka.config.DiscoveryClientOptionalArgsConfiguration, org.springframework.cloud.netflix.eureka.config.DiscoveryClientOptionalArgsConfiguration$RestClientConfiguration, org.springframework.cloud.netflix.eureka.loadbalancer.LoadBalancerEurekaAutoConfiguration, org.springframework.cloud.openfeign.FeignAutoConfiguration, org.springframework.cloud.openfeign.FeignAutoConfiguration$DefaultFeignTargeterConfiguration, org.springframework.cloud.openfeign.FeignAutoConfiguration$FeignJacksonConfiguration, org.springframework.cloud.openfeign.loadbalancer.DefaultFeignLoadBalancerConfiguration, org.springframework.cloud.openfeign.loadbalancer.FeignLoadBalancerAutoConfiguration, org.springframework.context.annotation.internalAutowiredAnnotationProcessor, org.springframework.context.annotation.internalCommonAnnotationProcessor, org.springframework.context.annotation.internalConfigurationAnnotationProcessor, org.springframework.context.annotation.internalPersistenceAnnotationProcessor, org.springframework.context.event.internalEventListenerFactory, org.springframework.context.event.internalEventListenerProcessor, org.springframework.data.jpa.repository.support.JpaEvaluationContextExtension, org.springframework.data.jpa.util.JpaMetamodelCacheCleanup, org.springframework.data.web.config.ProjectingArgumentResolverRegistrar, org.springframework.data.web.config.SpringDataJackson3Configuration, org.springframework.data.web.config.SpringDataJacksonConfiguration, org.springframework.data.web.config.SpringDataWebConfiguration, org.springframework.test.context.support.internalDynamicPropertyRegistrarBeanInitializer, org.springframework.transaction.annotation.ProxyTransactionManagementConfiguration, org.springframework.transaction.config.internalTransactionAdvisor, org.springframework.transaction.config.internalTransactionalEventListenerFactory, pageJacksonModule, pageModule, pageOpenAPIConverter, pageableCustomizer, pageableOpenAPIConverter, pageableResolver, parameterBuilder, parameterObjectNamingStrategyCustomizer, persistenceExceptionTranslationPostProcessor, persistenceManagedTypes, platformTransactionManagerCustomizers, polymorphicModelConverter, preserveErrorControllerTargetClassPostProcessor, problemDetailJsonMapperBuilderCustomizer, producto-service.FeignClientSpecification, projectingArgumentResolverBeanPostProcessor, propertyResolverUtils, propertySourcesPlaceholderConfigurer, queryDslQuerydslPredicateOperationCustomizer, refreshEventListener, refreshScope, refreshScopeLifecycle, requestBodyBuilder, requestBuilder, requestContextFilter, requestMappingHandlerAdapter, requestMappingHandlerMapping, resourceHandlerMapping, resourceHandlerRegistrationCustomizer, responseBuilder, responseSupportConverter, restClientBuilder, restClientBuilderConfigurer, restClientDiscoveryClientOptionalArgs, restClientSsl, restClientTransportClientFactories, restTemplateBuilder, restTemplateBuilderConfigurer, restTemplateCustomizer, routerFunctionMapping, routerFunctionProvider, schemaPropertyDeprecatingConverter, schemaUtils, scopedTarget.eurekaApplicationInfoManager, scopedTarget.eurekaClient, scopedTarget.eurekaRegistration, securityParser, server-org.springframework.boot.web.server.autoconfigure.ServerProperties, server.tomcat-org.springframework.boot.tomcat.autoconfigure.TomcatServerProperties, serverConvertersCustomizer, serviceManagementMetadataProvider, servletWebServerFactoryCustomizer, simpleAsyncTaskExecutorBuilder, simpleAsyncTaskSchedulerBuilder, simpleControllerHandlerAdapter, simpleDiscoveryClient, simpleDiscoveryProperties, sleuthPresentVerifier, sortCustomizer, sortModule, sortOpenAPIConverter, sortResolver, spring.cloud.compatibility-verifier-org.springframework.cloud.configuration.CompatibilityVerifierProperties, spring.cloud.loadbalancer-org.springframework.cloud.client.loadbalancer.LoadBalancerClientsProperties, spring.cloud.loadbalancer.cache-org.springframework.cloud.loadbalancer.cache.LoadBalancerCacheProperties, spring.cloud.loadbalancer.eager-load-org.springframework.cloud.client.loadbalancer.LoadBalancerEagerLoadProperties, spring.cloud.openfeign.client-org.springframework.cloud.openfeign.FeignClientProperties, spring.cloud.openfeign.encoder-org.springframework.cloud.openfeign.support.FeignEncoderProperties, spring.cloud.openfeign.httpclient-org.springframework.cloud.openfeign.support.FeignHttpClientProperties, spring.cloud.openfeign.oauth2-org.springframework.cloud.openfeign.FeignOAuth2Properties, spring.cloud.refresh-org.springframework.cloud.autoconfigure.RefreshAutoConfiguration$RefreshProperties, spring.cloud.service-registry.auto-registration-org.springframework.cloud.client.serviceregistry.AutoServiceRegistrationProperties, spring.data.web-org.springframework.boot.data.autoconfigure.web.DataWebProperties, spring.datasource-org.springframework.boot.jdbc.autoconfigure.DataSourceProperties, spring.http.clients-org.springframework.boot.http.client.autoconfigure.HttpClientsProperties, spring.http.clients.imperative-org.springframework.boot.http.client.autoconfigure.imperative.ImperativeHttpClientsProperties, spring.http.clients.reactive-org.springframework.boot.http.client.autoconfigure.reactive.ReactiveHttpClientsProperties, spring.http.converters-org.springframework.boot.http.converter.autoconfigure.HttpMessageConvertersProperties, spring.info-org.springframework.boot.autoconfigure.info.ProjectInfoProperties, spring.jackson-org.springframework.boot.jackson.autoconfigure.JacksonProperties, spring.jackson2-org.springframework.boot.jackson2.autoconfigure.Jackson2Properties, spring.jdbc-org.springframework.boot.jdbc.autoconfigure.JdbcProperties, spring.jpa-org.springframework.boot.jpa.autoconfigure.JpaProperties, spring.jpa.hibernate-org.springframework.boot.hibernate.autoconfigure.HibernateProperties, spring.lifecycle-org.springframework.boot.autoconfigure.context.LifecycleProperties, spring.mvc-org.springframework.boot.webmvc.autoconfigure.WebMvcProperties, spring.servlet.encoding-org.springframework.boot.servlet.autoconfigure.ServletEncodingProperties, spring.servlet.multipart-org.springframework.boot.servlet.autoconfigure.MultipartProperties, spring.sql.init-org.springframework.boot.sql.autoconfigure.init.SqlInitializationProperties, spring.ssl-org.springframework.boot.autoconfigure.ssl.SslProperties, spring.task.execution-org.springframework.boot.autoconfigure.task.TaskExecutionProperties, spring.task.scheduling-org.springframework.boot.autoconfigure.task.TaskSchedulingProperties, spring.transaction-org.springframework.boot.transaction.autoconfigure.TransactionProperties, spring.web-org.springframework.boot.autoconfigure.web.WebProperties, springBootVersionVerifier, springDataWebPropertiesProvider, springDataWebSettings, springDocApiVersionCustomizer, springDocAppInitializer, springDocCustomizers, springDocProviders, springDocSwaggerInitializer, springWebProvider, springdocObjectMapperProvider, sslBundleRegistry, sslPropertiesSslBundleRegistrar, standardJackson2ObjectMapperBuilderCustomizer, standardJsonMapperBuilderCustomizer, stringHttpMessageConvertersCustomizer, swaggerConfigResource, swaggerResourceResolver, swaggerWebMvcConfigurer, swaggerWelcome, threadPoolTaskExecutorBuilder, threadPoolTaskSchedulerBuilder, tlsProperties, tomcatServletWebServerFactory, tomcatServletWebServerFactoryCustomizer, transactionAttributeSource, transactionExecutionListeners, transactionInterceptor, transactionManager, transactionTemplate, usuario-service.FeignClientSpecification, ventaController, ventaRepository, ventaService, ventaServiceApplication, viewControllerHandlerMapping, viewNameTranslator, viewResolver, webConversionServiceProvider, webFluxSupportConverter, webServerFactoryCustomizerBeanPostProcessor, webServerPortProvider, welcomePageHandlerMapping, welcomePageNotAcceptableHandlerMapping, xForwarderHeadersFeignTransformer, xForwarderHeadersTransformer, zoneConfig]
2026-07-16T14:57:51.035-04:00  INFO 10320 --- [ms-venta] [main] o.s.cloud.context.scope.GenericScope     : BeanFactory id=5f1d368c-2c95-3513-8458-1dba28982da3
2026-07-16T14:57:51.035-04:00 DEBUG 10320 --- [ms-venta] [main] o.s.b.f.s.DefaultListableBeanFactory     : Creating shared instance of singleton bean 'propertySourcesPlaceholderConfigurer'
2026-07-16T14:57:51.035-04:00 DEBUG 10320 --- [ms-venta] [main] o.s.b.f.s.DefaultListableBeanFactory     : Creating shared instance of singleton bean 'org.springframework.boot.sql.init.dependency.DatabaseInitializationDependencyConfigurer$DependsOnDatabaseInitializationPostProcessor'
2026-07-16T14:57:51.083-04:00 DEBUG 10320 --- [ms-venta] [main] o.s.b.f.s.DefaultListableBeanFactory     : Creating shared instance of singleton bean 'org.springframework.context.event.internalEventListenerProcessor'
2026-07-16T14:57:51.083-04:00 DEBUG 10320 --- [ms-venta] [main] o.s.b.f.s.DefaultListableBeanFactory     : Creating shared instance of singleton bean 'bootstrapExecutorAliasPostProcessor'
2026-07-16T14:57:51.083-04:00 DEBUG 10320 --- [ms-venta] [main] o.s.b.f.s.DefaultListableBeanFactory     : Creating shared instance of singleton bean 'preserveErrorControllerTargetClassPostProcessor'
2026-07-16T14:57:51.083-04:00 DEBUG 10320 --- [ms-venta] [main] o.s.b.f.s.DefaultListableBeanFactory     : Creating shared instance of singleton bean 'org.springframework.context.event.internalEventListenerFactory'
2026-07-16T14:57:51.083-04:00 DEBUG 10320 --- [ms-venta] [main] o.s.b.f.s.DefaultListableBeanFactory     : Creating shared instance of singleton bean 'org.springframework.transaction.config.internalTransactionalEventListenerFactory'
2026-07-16T14:57:51.100-04:00 DEBUG 10320 --- [ms-venta] [main] o.s.b.f.s.DefaultListableBeanFactory     : Creating shared instance of singleton bean 'org.springframework.context.annotation.internalAutowiredAnnotationProcessor'
2026-07-16T14:57:51.101-04:00 DEBUG 10320 --- [ms-venta] [main] o.s.b.f.s.DefaultListableBeanFactory     : Creating shared instance of singleton bean 'org.springframework.context.annotation.internalCommonAnnotationProcessor'
2026-07-16T14:57:51.101-04:00 DEBUG 10320 --- [ms-venta] [main] o.s.b.f.s.DefaultListableBeanFactory     : Creating shared instance of singleton bean 'org.springframework.context.annotation.internalPersistenceAnnotationProcessor'
2026-07-16T14:57:51.101-04:00 DEBUG 10320 --- [ms-venta] [main] o.s.b.f.s.DefaultListableBeanFactory     : Creating shared instance of singleton bean 'org.springframework.boot.context.properties.ConfigurationPropertiesBindingPostProcessor'
2026-07-16T14:57:51.101-04:00 DEBUG 10320 --- [ms-venta] [main] o.s.b.f.s.DefaultListableBeanFactory     : Creating shared instance of singleton bean 'org.springframework.boot.context.internalConfigurationPropertiesBinder'
2026-07-16T14:57:51.102-04:00 DEBUG 10320 --- [ms-venta] [main] o.s.b.f.s.DefaultListableBeanFactory     : Creating shared instance of singleton bean 'jdbcConnectionDetailsHikariBeanPostProcessor'
2026-07-16T14:57:51.103-04:00 DEBUG 10320 --- [ms-venta] [main] o.s.b.f.s.DefaultListableBeanFactory     : Creating shared instance of singleton bean 'methodValidationPostProcessor'
2026-07-16T14:57:51.104-04:00 DEBUG 10320 --- [ms-venta] [main] o.s.b.f.s.DefaultListableBeanFactory     : Autowiring by type from bean name 'methodValidationPostProcessor' via factory method to bean named 'environment'
2026-07-16T14:57:51.126-04:00 DEBUG 10320 --- [ms-venta] [main] o.s.b.f.s.DefaultListableBeanFactory     : Creating shared instance of singleton bean 'org.springframework.boot.context.properties.EnableConfigurationPropertiesRegistrar.methodValidationExcludeFilter'
2026-07-16T14:57:51.129-04:00 DEBUG 10320 --- [ms-venta] [main] o.s.b.f.s.DefaultListableBeanFactory     : Creating shared instance of singleton bean 'org.springframework.aop.framework.autoproxy.defaultProxyConfig'
2026-07-16T14:57:51.130-04:00 DEBUG 10320 --- [ms-venta] [main] o.s.b.f.s.DefaultListableBeanFactory     : Creating shared instance of singleton bean 'org.springframework.aop.config.internalAutoProxyCreator'
2026-07-16T14:57:51.171-04:00 DEBUG 10320 --- [ms-venta] [main] o.s.b.f.s.DefaultListableBeanFactory     : Creating shared instance of singleton bean 'persistenceExceptionTranslationPostProcessor'
2026-07-16T14:57:51.171-04:00 DEBUG 10320 --- [ms-venta] [main] o.s.b.f.s.DefaultListableBeanFactory     : Autowiring by type from bean name 'persistenceExceptionTranslationPostProcessor' via factory method to bean named 'environment'
2026-07-16T14:57:51.173-04:00 DEBUG 10320 --- [ms-venta] [main] o.s.b.f.s.DefaultListableBeanFactory     : Creating shared instance of singleton bean 'projectingArgumentResolverBeanPostProcessor'
2026-07-16T14:57:51.178-04:00 DEBUG 10320 --- [ms-venta] [main] o.s.b.f.s.DefaultListableBeanFactory     : Creating shared instance of singleton bean 'org.springframework.transaction.config.internalTransactionAdvisor'
2026-07-16T14:57:51.178-04:00 DEBUG 10320 --- [ms-venta] [main] o.s.b.f.s.DefaultListableBeanFactory     : Creating shared instance of singleton bean 'org.springframework.transaction.annotation.ProxyTransactionManagementConfiguration'
2026-07-16T14:57:51.192-04:00 DEBUG 10320 --- [ms-venta] [main] o.s.b.f.s.DefaultListableBeanFactory     : Creating shared instance of singleton bean 'transactionAttributeSource'
2026-07-16T14:57:51.194-04:00 DEBUG 10320 --- [ms-venta] [main] o.s.b.f.s.DefaultListableBeanFactory     : Creating shared instance of singleton bean 'transactionInterceptor'
2026-07-16T14:57:51.196-04:00 DEBUG 10320 --- [ms-venta] [main] o.s.b.f.s.DefaultListableBeanFactory     : Autowiring by type from bean name 'transactionInterceptor' via factory method to bean named 'transactionAttributeSource'
2026-07-16T14:57:51.203-04:00 DEBUG 10320 --- [ms-venta] [main] o.s.b.f.s.DefaultListableBeanFactory     : Autowiring by type from bean name 'org.springframework.transaction.config.internalTransactionAdvisor' via factory method to bean named 'transactionAttributeSource'
2026-07-16T14:57:51.203-04:00 DEBUG 10320 --- [ms-venta] [main] o.s.b.f.s.DefaultListableBeanFactory     : Autowiring by type from bean name 'org.springframework.transaction.config.internalTransactionAdvisor' via factory method to bean named 'transactionInterceptor'
2026-07-16T14:57:51.214-04:00 DEBUG 10320 --- [ms-venta] [main] o.s.b.f.s.DefaultListableBeanFactory     : Creating shared instance of singleton bean 'webServerFactoryCustomizerBeanPostProcessor'
2026-07-16T14:57:51.217-04:00 DEBUG 10320 --- [ms-venta] [main] o.s.b.f.s.DefaultListableBeanFactory     : Creating shared instance of singleton bean 'errorPageRegistrarBeanPostProcessor'
2026-07-16T14:57:51.217-04:00 DEBUG 10320 --- [ms-venta] [main] o.s.b.f.s.DefaultListableBeanFactory     : Creating shared instance of singleton bean 'configurationPropertiesBeans'
2026-07-16T14:57:51.217-04:00 DEBUG 10320 --- [ms-venta] [main] o.s.b.f.s.DefaultListableBeanFactory     : Creating shared instance of singleton bean 'lbRestTemplateBuilderPostProcessor'
2026-07-16T14:57:51.220-04:00 DEBUG 10320 --- [ms-venta] [main] o.s.b.f.s.DefaultListableBeanFactory     : Autowiring by type from bean name 'lbRestTemplateBuilderPostProcessor' via factory method to bean named 'org.springframework.web.context.support.GenericWebApplicationContext@24e95bd4'
2026-07-16T14:57:51.220-04:00 DEBUG 10320 --- [ms-venta] [main] o.s.b.f.s.DefaultListableBeanFactory     : Creating shared instance of singleton bean 'lbRestClientPostProcessor'
2026-07-16T14:57:51.220-04:00 DEBUG 10320 --- [ms-venta] [main] o.s.b.f.s.DefaultListableBeanFactory     : Autowiring by type from bean name 'lbRestClientPostProcessor' via factory method to bean named 'org.springframework.web.context.support.GenericWebApplicationContext@24e95bd4'
2026-07-16T14:57:51.226-04:00 DEBUG 10320 --- [ms-venta] [main] o.s.b.f.s.DefaultListableBeanFactory     : Creating shared instance of singleton bean 'applicationTaskExecutor'
2026-07-16T14:57:51.226-04:00 DEBUG 10320 --- [ms-venta] [main] o.s.b.f.s.DefaultListableBeanFactory     : Creating shared instance of singleton bean 'org.springframework.boot.autoconfigure.task.TaskExecutorConfigurations$TaskExecutorConfiguration'
2026-07-16T14:57:51.228-04:00 DEBUG 10320 --- [ms-venta] [main] o.s.b.f.s.DefaultListableBeanFactory     : Creating shared instance of singleton bean 'threadPoolTaskExecutorBuilder'
2026-07-16T14:57:51.228-04:00 DEBUG 10320 --- [ms-venta] [main] o.s.b.f.s.DefaultListableBeanFactory     : Creating shared instance of singleton bean 'org.springframework.boot.autoconfigure.task.TaskExecutorConfigurations$ThreadPoolTaskExecutorBuilderConfiguration'
2026-07-16T14:57:51.228-04:00 DEBUG 10320 --- [ms-venta] [main] o.s.b.f.s.DefaultListableBeanFactory     : Creating shared instance of singleton bean 'spring.task.execution-org.springframework.boot.autoconfigure.task.TaskExecutionProperties'
2026-07-16T14:57:51.228-04:00 DEBUG 10320 --- [ms-venta] [main] o.s.b.f.s.DefaultListableBeanFactory     : Creating shared instance of singleton bean 'org.springframework.boot.context.properties.BoundConfigurationProperties'
2026-07-16T14:57:51.231-04:00 DEBUG 10320 --- [ms-venta] [main] o.s.b.f.s.DefaultListableBeanFactory     : Creating shared instance of singleton bean 'defaultsBindHandlerAdvisor'
2026-07-16T14:57:51.231-04:00 DEBUG 10320 --- [ms-venta] [main] o.s.b.f.s.DefaultListableBeanFactory     : Creating shared instance of singleton bean 'org.springframework.cloud.commons.config.CommonsConfigAutoConfiguration'
2026-07-16T14:57:51.235-04:00 DEBUG 10320 --- [ms-venta] [main] o.s.b.f.s.DefaultListableBeanFactory     : Creating shared instance of singleton bean 'loadBalancerClientsDefaultsMappingsProvider'
2026-07-16T14:57:51.235-04:00 DEBUG 10320 --- [ms-venta] [main] o.s.b.f.s.DefaultListableBeanFactory     : Creating shared instance of singleton bean 'org.springframework.cloud.client.loadbalancer.LoadBalancerDefaultMappingsProviderAutoConfiguration'
2026-07-16T14:57:51.236-04:00 DEBUG 10320 --- [ms-venta] [main] o.s.b.f.s.DefaultListableBeanFactory     : Autowiring by type from bean name 'defaultsBindHandlerAdvisor' via factory method to bean named 'loadBalancerClientsDefaultsMappingsProvider'
2026-07-16T14:57:51.256-04:00 DEBUG 10320 --- [ms-venta] [main] o.s.b.f.s.DefaultListableBeanFactory     : Autowiring by type from bean name 'threadPoolTaskExecutorBuilder' via factory method to bean named 'spring.task.execution-org.springframework.boot.autoconfigure.task.TaskExecutionProperties'
2026-07-16T14:57:51.262-04:00 DEBUG 10320 --- [ms-venta] [main] o.s.b.f.s.DefaultListableBeanFactory     : Autowiring by type from bean name 'applicationTaskExecutor' via factory method to bean named 'threadPoolTaskExecutorBuilder'
2026-07-16T14:57:51.263-04:00 DEBUG 10320 --- [ms-venta] [main] o.s.s.concurrent.ThreadPoolTaskExecutor  : Initializing ExecutorService 'applicationTaskExecutor'
2026-07-16T14:57:51.268-04:00 DEBUG 10320 --- [ms-venta] [main] o.s.b.f.s.DefaultListableBeanFactory     : Creating shared instance of singleton bean 'org.springframework.test.context.support.internalDynamicPropertyRegistrarBeanInitializer'
2026-07-16T14:57:51.269-04:00 DEBUG 10320 --- [ms-venta] [main] o.s.b.f.s.DefaultListableBeanFactory     : Creating shared instance of singleton bean 'dataSourceScriptDatabaseInitializer'
2026-07-16T14:57:51.269-04:00 DEBUG 10320 --- [ms-venta] [main] o.s.b.f.s.DefaultListableBeanFactory     : Creating shared instance of singleton bean 'org.springframework.boot.jdbc.autoconfigure.DataSourceInitializationAutoConfiguration'
2026-07-16T14:57:51.272-04:00 DEBUG 10320 --- [ms-venta] [main] o.s.b.f.s.DefaultListableBeanFactory     : Creating shared instance of singleton bean 'dataSource'
2026-07-16T14:57:51.272-04:00 DEBUG 10320 --- [ms-venta] [main] o.s.b.f.s.DefaultListableBeanFactory     : Creating shared instance of singleton bean 'org.springframework.boot.jdbc.autoconfigure.DataSourceConfiguration$Hikari'
2026-07-16T14:57:51.273-04:00 DEBUG 10320 --- [ms-venta] [main] o.s.b.f.s.DefaultListableBeanFactory     : Creating shared instance of singleton bean 'spring.datasource-org.springframework.boot.jdbc.autoconfigure.DataSourceProperties'
2026-07-16T14:57:51.289-04:00 DEBUG 10320 --- [ms-venta] [main] o.s.b.f.s.DefaultListableBeanFactory     : Creating shared instance of singleton bean 'jdbcConnectionDetails'
2026-07-16T14:57:51.289-04:00 DEBUG 10320 --- [ms-venta] [main] o.s.b.f.s.DefaultListableBeanFactory     : Creating shared instance of singleton bean 'org.springframework.boot.jdbc.autoconfigure.DataSourceAutoConfiguration$PooledDataSourceConfiguration'
2026-07-16T14:57:51.289-04:00 DEBUG 10320 --- [ms-venta] [main] o.s.b.f.s.DefaultListableBeanFactory     : Autowiring by type from bean name 'jdbcConnectionDetails' via factory method to bean named 'spring.datasource-org.springframework.boot.jdbc.autoconfigure.DataSourceProperties'
2026-07-16T14:57:51.289-04:00 DEBUG 10320 --- [ms-venta] [main] o.s.b.f.s.DefaultListableBeanFactory     : Autowiring by type from bean name 'dataSource' via factory method to bean named 'spring.datasource-org.springframework.boot.jdbc.autoconfigure.DataSourceProperties'
2026-07-16T14:57:51.289-04:00 DEBUG 10320 --- [ms-venta] [main] o.s.b.f.s.DefaultListableBeanFactory     : Autowiring by type from bean name 'dataSource' via factory method to bean named 'jdbcConnectionDetails'
2026-07-16T14:57:51.289-04:00 DEBUG 10320 --- [ms-venta] [main] o.s.b.f.s.DefaultListableBeanFactory     : Autowiring by type from bean name 'dataSource' via factory method to bean named 'environment'
2026-07-16T14:57:51.300-04:00 DEBUG 10320 --- [ms-venta] [main] com.zaxxer.hikari.util.UtilityElf        : Class org.h2.Driver found in Thread context class loader jdk.internal.loader.ClassLoaders$AppClassLoader@5a07e868
2026-07-16T14:57:51.323-04:00 DEBUG 10320 --- [ms-venta] [main] o.s.b.f.s.DefaultListableBeanFactory     : Creating shared instance of singleton bean 'spring.sql.init-org.springframework.boot.sql.autoconfigure.init.SqlInitializationProperties'
2026-07-16T14:57:51.326-04:00 DEBUG 10320 --- [ms-venta] [main] o.s.b.f.s.DefaultListableBeanFactory     : Autowiring by type from bean name 'dataSourceScriptDatabaseInitializer' via factory method to bean named 'dataSource'
2026-07-16T14:57:51.326-04:00 DEBUG 10320 --- [ms-venta] [main] o.s.b.f.s.DefaultListableBeanFactory     : Autowiring by type from bean name 'dataSourceScriptDatabaseInitializer' via factory method to bean named 'spring.sql.init-org.springframework.boot.sql.autoconfigure.init.SqlInitializationProperties'
2026-07-16T14:57:51.331-04:00 DEBUG 10320 --- [ms-venta] [main] o.s.b.f.s.DefaultListableBeanFactory     : Creating shared instance of singleton bean 'entityManagerFactory'
2026-07-16T14:57:51.331-04:00 DEBUG 10320 --- [ms-venta] [main] o.s.b.f.s.DefaultListableBeanFactory     : Creating shared instance of singleton bean 'org.springframework.boot.hibernate.autoconfigure.HibernateJpaConfiguration'
2026-07-16T14:57:51.338-04:00 DEBUG 10320 --- [ms-venta] [main] o.s.b.f.s.DefaultListableBeanFactory     : Creating shared instance of singleton bean 'spring.jpa-org.springframework.boot.jpa.autoconfigure.JpaProperties'
2026-07-16T14:57:51.342-04:00 DEBUG 10320 --- [ms-venta] [main] o.s.b.f.s.DefaultListableBeanFactory     : Creating shared instance of singleton bean 'spring.jpa.hibernate-org.springframework.boot.hibernate.autoconfigure.HibernateProperties'
2026-07-16T14:57:51.342-04:00 DEBUG 10320 --- [ms-venta] [main] o.s.b.f.s.DefaultListableBeanFactory     : Autowiring by type from bean name 'org.springframework.boot.hibernate.autoconfigure.HibernateJpaConfiguration' via constructor to bean named 'dataSource'
2026-07-16T14:57:51.342-04:00 DEBUG 10320 --- [ms-venta] [main] o.s.b.f.s.DefaultListableBeanFactory     : Autowiring by type from bean name 'org.springframework.boot.hibernate.autoconfigure.HibernateJpaConfiguration' via constructor to bean named 'spring.jpa-org.springframework.boot.jpa.autoconfigure.JpaProperties'
2026-07-16T14:57:51.342-04:00 DEBUG 10320 --- [ms-venta] [main] o.s.b.f.s.DefaultListableBeanFactory     : Autowiring by type from bean name 'org.springframework.boot.hibernate.autoconfigure.HibernateJpaConfiguration' via constructor to bean named 'org.springframework.beans.factory.support.DefaultListableBeanFactory@4f3b5c60'
2026-07-16T14:57:51.342-04:00 DEBUG 10320 --- [ms-venta] [main] o.s.b.f.s.DefaultListableBeanFactory     : Autowiring by type from bean name 'org.springframework.boot.hibernate.autoconfigure.HibernateJpaConfiguration' via constructor to bean named 'spring.jpa.hibernate-org.springframework.boot.hibernate.autoconfigure.HibernateProperties'
2026-07-16T14:57:51.354-04:00 DEBUG 10320 --- [ms-venta] [main] o.s.b.f.s.DefaultListableBeanFactory     : Creating shared instance of singleton bean 'hikariPoolDataSourceMetadataProvider'
2026-07-16T14:57:51.354-04:00 DEBUG 10320 --- [ms-venta] [main] o.s.b.f.s.DefaultListableBeanFactory     : Creating shared instance of singleton bean 'org.springframework.boot.jdbc.autoconfigure.DataSourcePoolMetadataProvidersConfiguration$HikariPoolDataSourceMetadataProviderConfiguration'
2026-07-16T14:57:51.362-04:00 DEBUG 10320 --- [ms-venta] [main] o.s.b.f.s.DefaultListableBeanFactory     : Creating shared instance of singleton bean 'entityManagerFactoryBuilder'
2026-07-16T14:57:51.365-04:00 DEBUG 10320 --- [ms-venta] [main] o.s.b.f.s.DefaultListableBeanFactory     : Creating shared instance of singleton bean 'jpaVendorAdapter'
2026-07-16T14:57:51.423-04:00 DEBUG 10320 --- [ms-venta] [main] o.s.b.f.s.DefaultListableBeanFactory     : Autowiring by type from bean name 'entityManagerFactoryBuilder' via factory method to bean named 'jpaVendorAdapter'
2026-07-16T14:57:51.423-04:00 DEBUG 10320 --- [ms-venta] [main] o.s.b.f.s.DefaultListableBeanFactory     : Creating shared instance of singleton bean 'persistenceManagedTypes'
2026-07-16T14:57:51.429-04:00 DEBUG 10320 --- [ms-venta] [main] o.s.b.f.s.DefaultListableBeanFactory     : Autowiring by type from bean name 'persistenceManagedTypes' via factory method to bean named 'org.springframework.beans.factory.support.DefaultListableBeanFactory@4f3b5c60'
2026-07-16T14:57:51.429-04:00 DEBUG 10320 --- [ms-venta] [main] o.s.b.f.s.DefaultListableBeanFactory     : Autowiring by type from bean name 'persistenceManagedTypes' via factory method to bean named 'org.springframework.web.context.support.GenericWebApplicationContext@24e95bd4'
2026-07-16T14:57:51.441-04:00 DEBUG 10320 --- [ms-venta] [main] o.s.b.f.s.DefaultListableBeanFactory     : Autowiring by type from bean name 'entityManagerFactory' via factory method to bean named 'entityManagerFactoryBuilder'
2026-07-16T14:57:51.441-04:00 DEBUG 10320 --- [ms-venta] [main] o.s.b.f.s.DefaultListableBeanFactory     : Autowiring by type from bean name 'entityManagerFactory' via factory method to bean named 'persistenceManagedTypes'
2026-07-16T14:57:51.491-04:00 DEBUG 10320 --- [ms-venta] [main] j.LocalContainerEntityManagerFactoryBean : Building JPA container EntityManagerFactory for persistence unit 'default'
2026-07-16T14:57:51.509-04:00 DEBUG 10320 --- [ms-venta] [main] org.hibernate.orm.jpa                    : HHH008541: PersistenceUnitInfo [
	name: default
	persistence provider classname: null
	classloader: jdk.internal.loader.ClassLoaders$AppClassLoader@5a07e868
	excludeUnlistedClasses: true
	JTA datasource: null
	Non JTA datasource: HikariDataSource (null)
	Transaction type: RESOURCE_LOCAL
	PU root URL: file:/C:/Users/tiare/Proyectos/inventario-farmacia/ms_venta/target/test-classes/
	Shared Cache Mode: UNSPECIFIED
	Validation Mode: AUTO
	Jar files URLs []
	Managed classes names [
		com.pharmanet.venta_service.entity.DetalleVenta
		com.pharmanet.venta_service.entity.Venta]
	Mapping files names []
	Properties []
2026-07-16T14:57:51.570-04:00 DEBUG 10320 --- [ms-venta] [main] org.hibernate.orm.service                : HHH010455: Adding integrator: org.hibernate.boot.beanvalidation.BeanValidationIntegrator
2026-07-16T14:57:51.588-04:00 DEBUG 10320 --- [ms-venta] [main] org.hibernate.orm.service                : HHH010455: Adding integrator: org.hibernate.cache.internal.CollectionCacheInvalidator
2026-07-16T14:57:51.663-04:00  INFO 10320 --- [ms-venta] [main] org.hibernate.orm.core                   : HHH000001: Hibernate ORM core version 7.2.19.Final
2026-07-16T14:57:51.663-04:00 DEBUG 10320 --- [ms-venta] [main] org.hibernate.orm.core                   : HHH000206: 'hibernate.properties' not found
2026-07-16T14:57:51.701-04:00 DEBUG 10320 --- [ms-venta] [main] o.s.o.jpa.hibernate.SpringBeanContainer  : Falling back to Hibernate's default producer after bean creation failure for interface org.hibernate.engine.jdbc.connections.spi.MultiTenantConnectionProvider: org.springframework.beans.factory.BeanCreationException: Error creating bean with name 'org.hibernate.engine.jdbc.connections.spi.MultiTenantConnectionProvider': Failed to instantiate [org.hibernate.engine.jdbc.connections.spi.MultiTenantConnectionProvider]: Specified class is an interface
2026-07-16T14:57:51.709-04:00 DEBUG 10320 --- [ms-venta] [main] org.hibernate.orm.cache                  : HHH90001031: Cannot default RegionFactory since no RegionFactory strategies were registered
2026-07-16T14:57:51.709-04:00 DEBUG 10320 --- [ms-venta] [main] org.hibernate.orm.cache                  : HHH90001029: Second-level cache disabled
2026-07-16T14:57:52.302-04:00  INFO 10320 --- [ms-venta] [main] o.s.o.j.p.SpringPersistenceUnitInfo      : No LoadTimeWeaver setup: ignoring JPA class transformer
2026-07-16T14:57:52.380-04:00 DEBUG 10320 --- [ms-venta] [main] com.zaxxer.hikari.HikariConfig           : HikariPool-1 - configuration:
2026-07-16T14:57:52.388-04:00 DEBUG 10320 --- [ms-venta] [main] com.zaxxer.hikari.HikariConfig           : allowPoolSuspension.............false
2026-07-16T14:57:52.388-04:00 DEBUG 10320 --- [ms-venta] [main] com.zaxxer.hikari.HikariConfig           : autoCommit......................true
2026-07-16T14:57:52.388-04:00 DEBUG 10320 --- [ms-venta] [main] com.zaxxer.hikari.HikariConfig           : catalog.........................none
2026-07-16T14:57:52.388-04:00 DEBUG 10320 --- [ms-venta] [main] com.zaxxer.hikari.HikariConfig           : connectionInitSql...............none
2026-07-16T14:57:52.388-04:00 DEBUG 10320 --- [ms-venta] [main] com.zaxxer.hikari.HikariConfig           : connectionTestQuery.............none
2026-07-16T14:57:52.388-04:00 DEBUG 10320 --- [ms-venta] [main] com.zaxxer.hikari.HikariConfig           : connectionTimeout...............30000
2026-07-16T14:57:52.388-04:00 DEBUG 10320 --- [ms-venta] [main] com.zaxxer.hikari.HikariConfig           : credentials.....................com.zaxxer.hikari.util.Credentials@13d2a198
2026-07-16T14:57:52.388-04:00 DEBUG 10320 --- [ms-venta] [main] com.zaxxer.hikari.HikariConfig           : credentialsProvider.............none
2026-07-16T14:57:52.388-04:00 DEBUG 10320 --- [ms-venta] [main] com.zaxxer.hikari.HikariConfig           : credentialsProviderClassName....none
2026-07-16T14:57:52.388-04:00 DEBUG 10320 --- [ms-venta] [main] com.zaxxer.hikari.HikariConfig           : dataSource......................none
2026-07-16T14:57:52.388-04:00 DEBUG 10320 --- [ms-venta] [main] com.zaxxer.hikari.HikariConfig           : dataSourceClassName.............none
2026-07-16T14:57:52.388-04:00 DEBUG 10320 --- [ms-venta] [main] com.zaxxer.hikari.HikariConfig           : dataSourceJNDI..................none
2026-07-16T14:57:52.388-04:00 DEBUG 10320 --- [ms-venta] [main] com.zaxxer.hikari.HikariConfig           : dataSourceProperties............{password=<masked>}
2026-07-16T14:57:52.388-04:00 DEBUG 10320 --- [ms-venta] [main] com.zaxxer.hikari.HikariConfig           : driverClassName................."org.h2.Driver"
2026-07-16T14:57:52.388-04:00 DEBUG 10320 --- [ms-venta] [main] com.zaxxer.hikari.HikariConfig           : exceptionOverride...............none
2026-07-16T14:57:52.388-04:00 DEBUG 10320 --- [ms-venta] [main] com.zaxxer.hikari.HikariConfig           : exceptionOverrideClassName......none
2026-07-16T14:57:52.388-04:00 DEBUG 10320 --- [ms-venta] [main] com.zaxxer.hikari.HikariConfig           : healthCheckProperties...........{}
2026-07-16T14:57:52.388-04:00 DEBUG 10320 --- [ms-venta] [main] com.zaxxer.hikari.HikariConfig           : healthCheckRegistry.............none
2026-07-16T14:57:52.388-04:00 DEBUG 10320 --- [ms-venta] [main] com.zaxxer.hikari.HikariConfig           : idleTimeout.....................600000
2026-07-16T14:57:52.388-04:00 DEBUG 10320 --- [ms-venta] [main] com.zaxxer.hikari.HikariConfig           : initializationFailTimeout.......1
2026-07-16T14:57:52.388-04:00 DEBUG 10320 --- [ms-venta] [main] com.zaxxer.hikari.HikariConfig           : isolateInternalQueries..........false
2026-07-16T14:57:52.388-04:00 DEBUG 10320 --- [ms-venta] [main] com.zaxxer.hikari.HikariConfig           : jdbcUrl.........................jdbc:h2:mem:testdb;DB_CLOSE_DELAY=-1;MODE=PostgreSQL
2026-07-16T14:57:52.388-04:00 DEBUG 10320 --- [ms-venta] [main] com.zaxxer.hikari.HikariConfig           : keepaliveTime...................120000
2026-07-16T14:57:52.388-04:00 DEBUG 10320 --- [ms-venta] [main] com.zaxxer.hikari.HikariConfig           : leakDetectionThreshold..........0
2026-07-16T14:57:52.388-04:00 DEBUG 10320 --- [ms-venta] [main] com.zaxxer.hikari.HikariConfig           : maxLifetime.....................1800000
2026-07-16T14:57:52.388-04:00 DEBUG 10320 --- [ms-venta] [main] com.zaxxer.hikari.HikariConfig           : maximumPoolSize.................10
2026-07-16T14:57:52.388-04:00 DEBUG 10320 --- [ms-venta] [main] com.zaxxer.hikari.HikariConfig           : metricRegistry..................none
2026-07-16T14:57:52.388-04:00 DEBUG 10320 --- [ms-venta] [main] com.zaxxer.hikari.HikariConfig           : metricsTrackerFactory...........none
2026-07-16T14:57:52.388-04:00 DEBUG 10320 --- [ms-venta] [main] com.zaxxer.hikari.HikariConfig           : minimumIdle.....................10
2026-07-16T14:57:52.388-04:00 DEBUG 10320 --- [ms-venta] [main] com.zaxxer.hikari.HikariConfig           : password........................<masked>
2026-07-16T14:57:52.388-04:00 DEBUG 10320 --- [ms-venta] [main] com.zaxxer.hikari.HikariConfig           : poolName........................"HikariPool-1"
2026-07-16T14:57:52.388-04:00 DEBUG 10320 --- [ms-venta] [main] com.zaxxer.hikari.HikariConfig           : readOnly........................false
2026-07-16T14:57:52.388-04:00 DEBUG 10320 --- [ms-venta] [main] com.zaxxer.hikari.HikariConfig           : registerMbeans..................false
2026-07-16T14:57:52.388-04:00 DEBUG 10320 --- [ms-venta] [main] com.zaxxer.hikari.HikariConfig           : scheduledExecutor...............none
2026-07-16T14:57:52.388-04:00 DEBUG 10320 --- [ms-venta] [main] com.zaxxer.hikari.HikariConfig           : schema..........................none
2026-07-16T14:57:52.388-04:00 DEBUG 10320 --- [ms-venta] [main] com.zaxxer.hikari.HikariConfig           : threadFactory...................internal
2026-07-16T14:57:52.388-04:00 DEBUG 10320 --- [ms-venta] [main] com.zaxxer.hikari.HikariConfig           : transactionIsolation............default
2026-07-16T14:57:52.388-04:00 DEBUG 10320 --- [ms-venta] [main] com.zaxxer.hikari.HikariConfig           : username........................"sa"
2026-07-16T14:57:52.388-04:00 DEBUG 10320 --- [ms-venta] [main] com.zaxxer.hikari.HikariConfig           : validationTimeout...............5000
2026-07-16T14:57:52.388-04:00  INFO 10320 --- [ms-venta] [main] com.zaxxer.hikari.HikariDataSource       : HikariPool-1 - Starting...
2026-07-16T14:57:52.412-04:00 DEBUG 10320 --- [ms-venta] [main] com.zaxxer.hikari.pool.PoolBase          : HikariPool-1 - Attempting to create/setup new connection (ab791fa4-1bec-445a-839d-d3f3475bcf74)
2026-07-16T14:57:52.860-04:00 DEBUG 10320 --- [ms-venta] [main] com.zaxxer.hikari.pool.PoolBase          : HikariPool-1 - Established new connection (ab791fa4-1bec-445a-839d-d3f3475bcf74)
2026-07-16T14:57:52.860-04:00  INFO 10320 --- [ms-venta] [main] com.zaxxer.hikari.pool.HikariPool        : HikariPool-1 - Added connection conn0: url=jdbc:h2:mem:testdb user=SA
2026-07-16T14:57:52.860-04:00  INFO 10320 --- [ms-venta] [main] com.zaxxer.hikari.HikariDataSource       : HikariPool-1 - Start completed.
2026-07-16T14:57:52.876-04:00 DEBUG 10320 --- [ms-venta] [main] org.hibernate.orm.jdbc                   : HHH100017: Database:
	name: H2
	version: 2.4.240 (2025-09-22)
	major: 2
	minor: 4
2026-07-16T14:57:52.876-04:00 DEBUG 10320 --- [ms-venta] [main] org.hibernate.orm.jdbc                   : HHH100018: Driver:
	name: H2 JDBC Driver
	version: 2.4.240 (2025-09-22)
	major: 2
	minor: 4
	JDBC version: 4.3
2026-07-16T14:57:52.938-04:00  WARN 10320 --- [ms-venta] [main] org.hibernate.orm.deprecation            : HHH90000025: H2Dialect does not need to be specified explicitly using 'hibernate.dialect' (remove the property setting and it will be selected by default)
2026-07-16T14:57:52.938-04:00 DEBUG 10320 --- [ms-venta] [main] org.hibernate.orm.dialect                : HHH035001: Using dialect: org.hibernate.dialect.H2Dialect, version: 2.4.240
2026-07-16T14:57:52.977-04:00 DEBUG 10320 --- [ms-venta] [HikariPool-1:housekeeper] com.zaxxer.hikari.pool.HikariPool        : HikariPool-1 - Pool stats (total=1/10, idle=0/10, active=1, waiting=0)
2026-07-16T14:57:52.977-04:00 DEBUG 10320 --- [ms-venta] [HikariPool-1:connection-adder] com.zaxxer.hikari.pool.PoolBase          : HikariPool-1 - Attempting to create/setup new connection (c3f17e68-4a4c-41f1-a909-8db0dc3b154c)
2026-07-16T14:57:52.977-04:00 DEBUG 10320 --- [ms-venta] [HikariPool-1:connection-adder] com.zaxxer.hikari.pool.PoolBase          : HikariPool-1 - Established new connection (c3f17e68-4a4c-41f1-a909-8db0dc3b154c)
2026-07-16T14:57:52.977-04:00 DEBUG 10320 --- [ms-venta] [HikariPool-1:connection-adder] com.zaxxer.hikari.pool.HikariPool        : HikariPool-1 - Added connection conn1: url=jdbc:h2:mem:testdb user=SA
2026-07-16T14:57:52.977-04:00 DEBUG 10320 --- [ms-venta] [main] org.hibernate.orm.jdbc                   : HHH100122: Using default JDBC fetch size: 100
2026-07-16T14:57:52.997-04:00  INFO 10320 --- [ms-venta] [main] org.hibernate.orm.connections.pooling    : HHH10001005: Database info:
	Database JDBC URL [jdbc:h2:mem:testdb]
	Database driver: H2 JDBC Driver
	Database dialect: H2Dialect
	Database version: 2.4.240
	Default catalog/schema: TESTDB/PUBLIC
	Autocommit mode: undefined/unknown
	Isolation level: READ_COMMITTED [default READ_COMMITTED]
	JDBC fetch size: 100
	Pool: DataSourceConnectionProvider
	Minimum pool size: undefined/unknown
	Maximum pool size: undefined/unknown
2026-07-16T14:57:53.021-04:00 DEBUG 10320 --- [ms-venta] [HikariPool-1:connection-adder] com.zaxxer.hikari.pool.HikariPool        : HikariPool-1 - After adding stats (total=2/10, idle=2/10, active=0, waiting=0)
2026-07-16T14:57:53.021-04:00 DEBUG 10320 --- [ms-venta] [HikariPool-1:connection-adder] com.zaxxer.hikari.pool.PoolBase          : HikariPool-1 - Attempting to create/setup new connection (eb34bb17-e238-4c42-ae91-0741ca155e06)
2026-07-16T14:57:53.021-04:00 DEBUG 10320 --- [ms-venta] [HikariPool-1:connection-adder] com.zaxxer.hikari.pool.PoolBase          : HikariPool-1 - Established new connection (eb34bb17-e238-4c42-ae91-0741ca155e06)
2026-07-16T14:57:53.023-04:00 DEBUG 10320 --- [ms-venta] [HikariPool-1:connection-adder] com.zaxxer.hikari.pool.HikariPool        : HikariPool-1 - Added connection conn2: url=jdbc:h2:mem:testdb user=SA
2026-07-16T14:57:53.053-04:00 DEBUG 10320 --- [ms-venta] [HikariPool-1:connection-adder] com.zaxxer.hikari.pool.HikariPool        : HikariPool-1 - After adding stats (total=3/10, idle=3/10, active=0, waiting=0)
2026-07-16T14:57:53.053-04:00 DEBUG 10320 --- [ms-venta] [HikariPool-1:connection-adder] com.zaxxer.hikari.pool.PoolBase          : HikariPool-1 - Attempting to create/setup new connection (144168d6-f4bf-46b6-aae8-341eae83041f)
2026-07-16T14:57:53.053-04:00 DEBUG 10320 --- [ms-venta] [HikariPool-1:connection-adder] com.zaxxer.hikari.pool.PoolBase          : HikariPool-1 - Established new connection (144168d6-f4bf-46b6-aae8-341eae83041f)
2026-07-16T14:57:53.055-04:00 DEBUG 10320 --- [ms-venta] [HikariPool-1:connection-adder] com.zaxxer.hikari.pool.HikariPool        : HikariPool-1 - Added connection conn3: url=jdbc:h2:mem:testdb user=SA
2026-07-16T14:57:53.093-04:00 DEBUG 10320 --- [ms-venta] [HikariPool-1:connection-adder] com.zaxxer.hikari.pool.HikariPool        : HikariPool-1 - After adding stats (total=4/10, idle=4/10, active=0, waiting=0)
2026-07-16T14:57:53.094-04:00 DEBUG 10320 --- [ms-venta] [HikariPool-1:connection-adder] com.zaxxer.hikari.pool.PoolBase          : HikariPool-1 - Attempting to create/setup new connection (da023366-3217-49a6-8a51-b37b69a421dd)
2026-07-16T14:57:53.094-04:00 DEBUG 10320 --- [ms-venta] [HikariPool-1:connection-adder] com.zaxxer.hikari.pool.PoolBase          : HikariPool-1 - Established new connection (da023366-3217-49a6-8a51-b37b69a421dd)
2026-07-16T14:57:53.094-04:00 DEBUG 10320 --- [ms-venta] [HikariPool-1:connection-adder] com.zaxxer.hikari.pool.HikariPool        : HikariPool-1 - Added connection conn4: url=jdbc:h2:mem:testdb user=SA
2026-07-16T14:57:53.137-04:00 DEBUG 10320 --- [ms-venta] [HikariPool-1:connection-adder] com.zaxxer.hikari.pool.HikariPool        : HikariPool-1 - After adding stats (total=5/10, idle=5/10, active=0, waiting=0)
2026-07-16T14:57:53.137-04:00 DEBUG 10320 --- [ms-venta] [HikariPool-1:connection-adder] com.zaxxer.hikari.pool.PoolBase          : HikariPool-1 - Attempting to create/setup new connection (114c55bc-b852-42ce-ba86-7d8a4f8ee8a8)
2026-07-16T14:57:53.137-04:00 DEBUG 10320 --- [ms-venta] [HikariPool-1:connection-adder] com.zaxxer.hikari.pool.PoolBase          : HikariPool-1 - Established new connection (114c55bc-b852-42ce-ba86-7d8a4f8ee8a8)
2026-07-16T14:57:53.137-04:00 DEBUG 10320 --- [ms-venta] [HikariPool-1:connection-adder] com.zaxxer.hikari.pool.HikariPool        : HikariPool-1 - Added connection conn5: url=jdbc:h2:mem:testdb user=SA
2026-07-16T14:57:53.169-04:00 DEBUG 10320 --- [ms-venta] [HikariPool-1:connection-adder] com.zaxxer.hikari.pool.HikariPool        : HikariPool-1 - After adding stats (total=6/10, idle=6/10, active=0, waiting=0)
2026-07-16T14:57:53.169-04:00 DEBUG 10320 --- [ms-venta] [HikariPool-1:connection-adder] com.zaxxer.hikari.pool.PoolBase          : HikariPool-1 - Attempting to create/setup new connection (045d91a6-c183-4593-a349-0cc3d9715caf)
2026-07-16T14:57:53.169-04:00 DEBUG 10320 --- [ms-venta] [HikariPool-1:connection-adder] com.zaxxer.hikari.pool.PoolBase          : HikariPool-1 - Established new connection (045d91a6-c183-4593-a349-0cc3d9715caf)
2026-07-16T14:57:53.169-04:00 DEBUG 10320 --- [ms-venta] [HikariPool-1:connection-adder] com.zaxxer.hikari.pool.HikariPool        : HikariPool-1 - Added connection conn6: url=jdbc:h2:mem:testdb user=SA
2026-07-16T14:57:53.205-04:00 DEBUG 10320 --- [ms-venta] [HikariPool-1:connection-adder] com.zaxxer.hikari.pool.HikariPool        : HikariPool-1 - After adding stats (total=7/10, idle=7/10, active=0, waiting=0)
2026-07-16T14:57:53.207-04:00 DEBUG 10320 --- [ms-venta] [HikariPool-1:connection-adder] com.zaxxer.hikari.pool.PoolBase          : HikariPool-1 - Attempting to create/setup new connection (c1686d48-e14d-4ea5-9700-787a907a141b)
2026-07-16T14:57:53.207-04:00 DEBUG 10320 --- [ms-venta] [HikariPool-1:connection-adder] com.zaxxer.hikari.pool.PoolBase          : HikariPool-1 - Established new connection (c1686d48-e14d-4ea5-9700-787a907a141b)
2026-07-16T14:57:53.207-04:00 DEBUG 10320 --- [ms-venta] [HikariPool-1:connection-adder] com.zaxxer.hikari.pool.HikariPool        : HikariPool-1 - Added connection conn7: url=jdbc:h2:mem:testdb user=SA
2026-07-16T14:57:53.249-04:00 DEBUG 10320 --- [ms-venta] [HikariPool-1:connection-adder] com.zaxxer.hikari.pool.HikariPool        : HikariPool-1 - After adding stats (total=8/10, idle=8/10, active=0, waiting=0)
2026-07-16T14:57:53.249-04:00 DEBUG 10320 --- [ms-venta] [HikariPool-1:connection-adder] com.zaxxer.hikari.pool.PoolBase          : HikariPool-1 - Attempting to create/setup new connection (faa5c960-34b3-4083-9358-66aefee96dbd)
2026-07-16T14:57:53.249-04:00 DEBUG 10320 --- [ms-venta] [HikariPool-1:connection-adder] com.zaxxer.hikari.pool.PoolBase          : HikariPool-1 - Established new connection (faa5c960-34b3-4083-9358-66aefee96dbd)
2026-07-16T14:57:53.249-04:00 DEBUG 10320 --- [ms-venta] [HikariPool-1:connection-adder] com.zaxxer.hikari.pool.HikariPool        : HikariPool-1 - Added connection conn8: url=jdbc:h2:mem:testdb user=SA
2026-07-16T14:57:53.281-04:00 DEBUG 10320 --- [ms-venta] [HikariPool-1:connection-adder] com.zaxxer.hikari.pool.HikariPool        : HikariPool-1 - After adding stats (total=9/10, idle=9/10, active=0, waiting=0)
2026-07-16T14:57:53.281-04:00 DEBUG 10320 --- [ms-venta] [HikariPool-1:connection-adder] com.zaxxer.hikari.pool.PoolBase          : HikariPool-1 - Attempting to create/setup new connection (e8915e30-0bbc-440f-86d9-b8d0ce788508)
2026-07-16T14:57:53.281-04:00 DEBUG 10320 --- [ms-venta] [HikariPool-1:connection-adder] com.zaxxer.hikari.pool.PoolBase          : HikariPool-1 - Established new connection (e8915e30-0bbc-440f-86d9-b8d0ce788508)
2026-07-16T14:57:53.281-04:00 DEBUG 10320 --- [ms-venta] [HikariPool-1:connection-adder] com.zaxxer.hikari.pool.HikariPool        : HikariPool-1 - Added connection conn9: url=jdbc:h2:mem:testdb user=SA
2026-07-16T14:57:53.314-04:00 DEBUG 10320 --- [ms-venta] [HikariPool-1:connection-adder] com.zaxxer.hikari.pool.HikariPool        : HikariPool-1 - After adding stats (total=10/10, idle=10/10, active=0, waiting=0)
2026-07-16T14:57:53.314-04:00 DEBUG 10320 --- [ms-venta] [HikariPool-1:connection-adder] com.zaxxer.hikari.pool.HikariPool        : HikariPool-1 - Connection not added, stats (total=10/10, idle=10/10, active=0, waiting=0)
2026-07-16T14:57:53.427-04:00 DEBUG 10320 --- [ms-venta] [main] o.s.o.jpa.hibernate.SpringBeanContainer  : Falling back to Hibernate's default producer after bean creation failure for interface org.hibernate.context.spi.CurrentTenantIdentifierResolver: org.springframework.beans.factory.NoSuchBeanDefinitionException: No qualifying bean of type 'org.hibernate.context.spi.CurrentTenantIdentifierResolver<?>' available
2026-07-16T14:57:53.427-04:00 DEBUG 10320 --- [ms-venta] [main] o.s.o.jpa.hibernate.SpringBeanContainer  : Falling back to Hibernate's default producer after bean creation failure for interface org.hibernate.context.spi.TenantSchemaMapper: org.springframework.beans.factory.NoSuchBeanDefinitionException: No qualifying bean of type 'org.hibernate.context.spi.TenantSchemaMapper<?>' available
2026-07-16T14:57:53.544-04:00 DEBUG 10320 --- [ms-venta] [main] org.hibernate.orm.factory                : HHH90020001: Instantiating factory [275f7cf9-66ff-42db-a809-a88fdaafeaef] with settings: {java.specification.version=21, sun.cpu.isalist=amd64, hibernate.resource.beans.container=org.springframework.orm.jpa.hibernate.SpringBeanContainer@5d7adc2c, hibernate.connection.handling_mode=DELAYED_ACQUISITION_AND_HOLD, sun.jnu.encoding=Cp1252, hibernate.dialect=org.hibernate.dialect.H2Dialect, hibernate.implicit_naming_strategy=org.springframework.boot.hibernate.SpringImplicitNamingStrategy, java.class.path=C:\Users\tiare\Proyectos\inventario-farmacia\ms_venta\target\test-classes;C:\Users\tiare\Proyectos\inventario-farmacia\ms_venta\target\classes;C:\Users\tiare\.m2\repository\org\springframework\boot\spring-boot-starter-data-jpa\4.0.7\spring-boot-starter-data-jpa-4.0.7.jar;C:\Users\tiare\.m2\repository\org\springframework\boot\spring-boot-starter\4.0.7\spring-boot-starter-4.0.7.jar;C:\Users\tiare\.m2\repository\org\springframework\boot\spring-boot-starter-logging\4.0.7\spring-boot-starter-logging-4.0.7.jar;C:\Users\tiare\.m2\repository\ch\qos\logback\logback-classic\1.5.34\logback-classic-1.5.34.jar;C:\Users\tiare\.m2\repository\ch\qos\logback\logback-core\1.5.34\logback-core-1.5.34.jar;C:\Users\tiare\.m2\repository\org\apache\logging\log4j\log4j-to-slf4j\2.25.4\log4j-to-slf4j-2.25.4.jar;C:\Users\tiare\.m2\repository\org\apache\logging\log4j\log4j-api\2.25.4\log4j-api-2.25.4.jar;C:\Users\tiare\.m2\repository\org\slf4j\jul-to-slf4j\2.0.18\jul-to-slf4j-2.0.18.jar;C:\Users\tiare\.m2\repository\jakarta\annotation\jakarta.annotation-api\3.0.0\jakarta.annotation-api-3.0.0.jar;C:\Users\tiare\.m2\repository\org\yaml\snakeyaml\2.5\snakeyaml-2.5.jar;C:\Users\tiare\.m2\repository\org\springframework\boot\spring-boot-starter-jdbc\4.0.7\spring-boot-starter-jdbc-4.0.7.jar;C:\Users\tiare\.m2\repository\com\zaxxer\HikariCP\7.0.2\HikariCP-7.0.2.jar;C:\Users\tiare\.m2\repository\org\springframework\boot\spring-boot-data-jpa\4.0.7\spring-boot-data-jpa-4.0.7.jar;C:\Users\tiare\.m2\repository\org\springframework\boot\spring-boot-data-commons\4.0.7\spring-boot-data-commons-4.0.7.jar;C:\Users\tiare\.m2\repository\org\springframework\boot\spring-boot-persistence\4.0.7\spring-boot-persistence-4.0.7.jar;C:\Users\tiare\.m2\repository\org\springframework\data\spring-data-commons\4.0.6\spring-data-commons-4.0.6.jar;C:\Users\tiare\.m2\repository\org\springframework\boot\spring-boot-hibernate\4.0.7\spring-boot-hibernate-4.0.7.jar;C:\Users\tiare\.m2\repository\org\springframework\boot\spring-boot-jpa\4.0.7\spring-boot-jpa-4.0.7.jar;C:\Users\tiare\.m2\repository\jakarta\persistence\jakarta.persistence-api\3.2.0\jakarta.persistence-api-3.2.0.jar;C:\Users\tiare\.m2\repository\org\hibernate\orm\hibernate-core\7.2.19.Final\hibernate-core-7.2.19.Final.jar;C:\Users\tiare\.m2\repository\jakarta\transaction\jakarta.transaction-api\2.0.1\jakarta.transaction-api-2.0.1.jar;C:\Users\tiare\.m2\repository\org\hibernate\models\hibernate-models\1.0.1\hibernate-models-1.0.1.jar;C:\Users\tiare\.m2\repository\org\glassfish\jaxb\jaxb-runtime\4.0.9\jaxb-runtime-4.0.9.jar;C:\Users\tiare\.m2\repository\org\glassfish\jaxb\jaxb-core\4.0.9\jaxb-core-4.0.9.jar;C:\Users\tiare\.m2\repository\org\eclipse\angus\angus-activation\2.0.3\angus-activation-2.0.3.jar;C:\Users\tiare\.m2\repository\org\glassfish\jaxb\txw2\4.0.9\txw2-4.0.9.jar;C:\Users\tiare\.m2\repository\com\sun\istack\istack-commons-runtime\4.1.2\istack-commons-runtime-4.1.2.jar;C:\Users\tiare\.m2\repository\org\springframework\spring-orm\7.0.8\spring-orm-7.0.8.jar;C:\Users\tiare\.m2\repository\org\springframework\data\spring-data-jpa\4.0.6\spring-data-jpa-4.0.6.jar;C:\Users\tiare\.m2\repository\org\springframework\spring-aop\7.0.8\spring-aop-7.0.8.jar;C:\Users\tiare\.m2\repository\org\springframework\spring-tx\7.0.8\spring-tx-7.0.8.jar;C:\Users\tiare\.m2\repository\org\antlr\antlr4-runtime\4.13.2\antlr4-runtime-4.13.2.jar;C:\Users\tiare\.m2\repository\org\springframework\spring-aspects\7.0.8\spring-aspects-7.0.8.jar;C:\Users\tiare\.m2\repository\org\aspectj\aspectjweaver\1.9.25.1\aspectjweaver-1.9.25.1.jar;C:\Users\tiare\.m2\repository\org\springframework\boot\spring-boot-jdbc\4.0.7\spring-boot-jdbc-4.0.7.jar;C:\Users\tiare\.m2\repository\org\springframework\boot\spring-boot-sql\4.0.7\spring-boot-sql-4.0.7.jar;C:\Users\tiare\.m2\repository\org\springframework\boot\spring-boot-transaction\4.0.7\spring-boot-transaction-4.0.7.jar;C:\Users\tiare\.m2\repository\org\springframework\spring-jdbc\7.0.8\spring-jdbc-7.0.8.jar;C:\Users\tiare\.m2\repository\org\springframework\boot\spring-boot-starter-flyway\4.0.7\spring-boot-starter-flyway-4.0.7.jar;C:\Users\tiare\.m2\repository\org\springframework\boot\spring-boot-flyway\4.0.7\spring-boot-flyway-4.0.7.jar;C:\Users\tiare\.m2\repository\org\springframework\boot\spring-boot-starter-validation\4.0.7\spring-boot-starter-validation-4.0.7.jar;C:\Users\tiare\.m2\repository\org\springframework\boot\spring-boot-validation\4.0.7\spring-boot-validation-4.0.7.jar;C:\Users\tiare\.m2\repository\org\apache\tomcat\embed\tomcat-embed-el\11.0.22\tomcat-embed-el-11.0.22.jar;C:\Users\tiare\.m2\repository\org\hibernate\validator\hibernate-validator\9.0.1.Final\hibernate-validator-9.0.1.Final.jar;C:\Users\tiare\.m2\repository\jakarta\validation\jakarta.validation-api\3.1.1\jakarta.validation-api-3.1.1.jar;C:\Users\tiare\.m2\repository\org\jboss\logging\jboss-logging\3.6.3.Final\jboss-logging-3.6.3.Final.jar;C:\Users\tiare\.m2\repository\com\fasterxml\classmate\1.7.3\classmate-1.7.3.jar;C:\Users\tiare\.m2\repository\org\springframework\boot\spring-boot-starter-web\4.0.7\spring-boot-starter-web-4.0.7.jar;C:\Users\tiare\.m2\repository\org\springframework\boot\spring-boot-starter-jackson\4.0.7\spring-boot-starter-jackson-4.0.7.jar;C:\Users\tiare\.m2\repository\org\springframework\boot\spring-boot-jackson\4.0.7\spring-boot-jackson-4.0.7.jar;C:\Users\tiare\.m2\repository\tools\jackson\core\jackson-databind\3.1.4\jackson-databind-3.1.4.jar;C:\Users\tiare\.m2\repository\tools\jackson\core\jackson-core\3.1.4\jackson-core-3.1.4.jar;C:\Users\tiare\.m2\repository\org\springframework\boot\spring-boot-starter-tomcat\4.0.7\spring-boot-starter-tomcat-4.0.7.jar;C:\Users\tiare\.m2\repository\org\springframework\boot\spring-boot-starter-tomcat-runtime\4.0.7\spring-boot-starter-tomcat-runtime-4.0.7.jar;C:\Users\tiare\.m2\repository\org\apache\tomcat\embed\tomcat-embed-core\11.0.22\tomcat-embed-core-11.0.22.jar;C:\Users\tiare\.m2\repository\org\apache\tomcat\embed\tomcat-embed-websocket\11.0.22\tomcat-embed-websocket-11.0.22.jar;C:\Users\tiare\.m2\repository\org\springframework\boot\spring-boot-tomcat\4.0.7\spring-boot-tomcat-4.0.7.jar;C:\Users\tiare\.m2\repository\org\springframework\boot\spring-boot-http-converter\4.0.7\spring-boot-http-converter-4.0.7.jar;C:\Users\tiare\.m2\repository\org\springframework\boot\spring-boot-webmvc\4.0.7\spring-boot-webmvc-4.0.7.jar;C:\Users\tiare\.m2\repository\org\springframework\boot\spring-boot-servlet\4.0.7\spring-boot-servlet-4.0.7.jar;C:\Users\tiare\.m2\repository\org\springframework\spring-webmvc\7.0.8\spring-webmvc-7.0.8.jar;C:\Users\tiare\.m2\repository\org\springframework\spring-expression\7.0.8\spring-expression-7.0.8.jar;C:\Users\tiare\.m2\repository\org\flywaydb\flyway-mysql\11.14.1\flyway-mysql-11.14.1.jar;C:\Users\tiare\.m2\repository\org\flywaydb\flyway-core\11.14.1\flyway-core-11.14.1.jar;C:\Users\tiare\.m2\repository\com\fasterxml\jackson\core\jackson-databind\2.21.4\jackson-databind-2.21.4.jar;C:\Users\tiare\.m2\repository\org\springframework\cloud\spring-cloud-starter-openfeign\5.0.1\spring-cloud-starter-openfeign-5.0.1.jar;C:\Users\tiare\.m2\repository\org\springframework\cloud\spring-cloud-starter\5.0.1\spring-cloud-starter-5.0.1.jar;C:\Users\tiare\.m2\repository\org\springframework\cloud\spring-cloud-context\5.0.1\spring-cloud-context-5.0.1.jar;C:\Users\tiare\.m2\repository\org\springframework\boot\spring-boot-restclient\4.0.7\spring-boot-restclient-4.0.7.jar;C:\Users\tiare\.m2\repository\org\springframework\boot\spring-boot-http-client\4.0.7\spring-boot-http-client-4.0.7.jar;C:\Users\tiare\.m2\repository\org\bouncycastle\bcprov-jdk18on\1.81\bcprov-jdk18on-1.81.jar;C:\Users\tiare\.m2\repository\org\springframework\cloud\spring-cloud-openfeign-core\5.0.1\spring-cloud-openfeign-core-5.0.1.jar;C:\Users\tiare\.m2\repository\io\github\openfeign\feign-form-spring\13.6\feign-form-spring-13.6.jar;C:\Users\tiare\.m2\repository\org\apache\commons\commons-text\1.13.0\commons-text-1.13.0.jar;C:\Users\tiare\.m2\repository\org\apache\commons\commons-lang3\3.19.0\commons-lang3-3.19.0.jar;C:\Users\tiare\.m2\repository\io\github\openfeign\feign-form\13.6\feign-form-13.6.jar;C:\Users\tiare\.m2\repository\commons-fileupload\commons-fileupload\1.5\commons-fileupload-1.5.jar;C:\Users\tiare\.m2\repository\org\springframework\spring-web\7.0.8\spring-web-7.0.8.jar;C:\Users\tiare\.m2\repository\org\springframework\spring-beans\7.0.8\spring-beans-7.0.8.jar;C:\Users\tiare\.m2\repository\io\micrometer\micrometer-observation\1.16.6\micrometer-observation-1.16.6.jar;C:\Users\tiare\.m2\repository\io\micrometer\micrometer-commons\1.16.6\micrometer-commons-1.16.6.jar;C:\Users\tiare\.m2\repository\org\springframework\cloud\spring-cloud-commons\5.0.1\spring-cloud-commons-5.0.1.jar;C:\Users\tiare\.m2\repository\org\springframework\security\spring-security-crypto\7.0.6\spring-security-crypto-7.0.6.jar;C:\Users\tiare\.m2\repository\io\github\openfeign\feign-core\13.6\feign-core-13.6.jar;C:\Users\tiare\.m2\repository\io\github\openfeign\feign-slf4j\13.6\feign-slf4j-13.6.jar;C:\Users\tiare\.m2\repository\org\slf4j\slf4j-api\2.0.18\slf4j-api-2.0.18.jar;C:\Users\tiare\.m2\repository\org\springframework\boot\spring-boot-devtools\4.0.7\spring-boot-devtools-4.0.7.jar;C:\Users\tiare\.m2\repository\org\springframework\boot\spring-boot\4.0.7\spring-boot-4.0.7.jar;C:\Users\tiare\.m2\repository\org\springframework\spring-context\7.0.8\spring-context-7.0.8.jar;C:\Users\tiare\.m2\repository\org\springframework\boot\spring-boot-autoconfigure\4.0.7\spring-boot-autoconfigure-4.0.7.jar;C:\Users\tiare\.m2\repository\com\mysql\mysql-connector-j\9.7.0\mysql-connector-j-9.7.0.jar;C:\Users\tiare\.m2\repository\org\projectlombok\lombok\1.18.46\lombok-1.18.46.jar;C:\Users\tiare\.m2\repository\org\springframework\boot\spring-boot-starter-data-jpa-test\4.0.7\spring-boot-starter-data-jpa-test-4.0.7.jar;C:\Users\tiare\.m2\repository\org\springframework\boot\spring-boot-starter-jdbc-test\4.0.7\spring-boot-starter-jdbc-test-4.0.7.jar;C:\Users\tiare\.m2\repository\org\springframework\boot\spring-boot-jdbc-test\4.0.7\spring-boot-jdbc-test-4.0.7.jar;C:\Users\tiare\.m2\repository\org\springframework\boot\spring-boot-data-jpa-test\4.0.7\spring-boot-data-jpa-test-4.0.7.jar;C:\Users\tiare\.m2\repository\org\springframework\boot\spring-boot-jpa-test\4.0.7\spring-boot-jpa-test-4.0.7.jar;C:\Users\tiare\.m2\repository\org\springframework\boot\spring-boot-starter-flyway-test\4.0.7\spring-boot-starter-flyway-test-4.0.7.jar;C:\Users\tiare\.m2\repository\org\springframework\boot\spring-boot-starter-validation-test\4.0.7\spring-boot-starter-validation-test-4.0.7.jar;C:\Users\tiare\.m2\repository\org\springframework\boot\spring-boot-starter-webmvc-test\4.0.7\spring-boot-starter-webmvc-test-4.0.7.jar;C:\Users\tiare\.m2\repository\org\springframework\boot\spring-boot-starter-jackson-test\4.0.7\spring-boot-starter-jackson-test-4.0.7.jar;C:\Users\tiare\.m2\repository\org\springframework\boot\spring-boot-starter-webmvc\4.0.7\spring-boot-starter-webmvc-4.0.7.jar;C:\Users\tiare\.m2\repository\org\springframework\boot\spring-boot-webmvc-test\4.0.7\spring-boot-webmvc-test-4.0.7.jar;C:\Users\tiare\.m2\repository\org\springframework\boot\spring-boot-web-server\4.0.7\spring-boot-web-server-4.0.7.jar;C:\Users\tiare\.m2\repository\org\springframework\boot\spring-boot-resttestclient\4.0.7\spring-boot-resttestclient-4.0.7.jar;C:\Users\tiare\.m2\repository\org\springframework\boot\spring-boot-starter-test\4.0.7\spring-boot-starter-test-4.0.7.jar;C:\Users\tiare\.m2\repository\org\springframework\boot\spring-boot-test\4.0.7\spring-boot-test-4.0.7.jar;C:\Users\tiare\.m2\repository\org\springframework\boot\spring-boot-test-autoconfigure\4.0.7\spring-boot-test-autoconfigure-4.0.7.jar;C:\Users\tiare\.m2\repository\com\jayway\jsonpath\json-path\2.10.0\json-path-2.10.0.jar;C:\Users\tiare\.m2\repository\jakarta\xml\bind\jakarta.xml.bind-api\4.0.5\jakarta.xml.bind-api-4.0.5.jar;C:\Users\tiare\.m2\repository\jakarta\activation\jakarta.activation-api\2.1.4\jakarta.activation-api-2.1.4.jar;C:\Users\tiare\.m2\repository\net\minidev\json-smart\2.6.0\json-smart-2.6.0.jar;C:\Users\tiare\.m2\repository\net\minidev\accessors-smart\2.6.0\accessors-smart-2.6.0.jar;C:\Users\tiare\.m2\repository\org\ow2\asm\asm\9.7.1\asm-9.7.1.jar;C:\Users\tiare\.m2\repository\org\assertj\assertj-core\3.27.7\assertj-core-3.27.7.jar;C:\Users\tiare\.m2\repository\org\awaitility\awaitility\4.3.0\awaitility-4.3.0.jar;C:\Users\tiare\.m2\repository\org\hamcrest\hamcrest\3.0\hamcrest-3.0.jar;C:\Users\tiare\.m2\repository\org\junit\jupiter\junit-jupiter\6.0.3\junit-jupiter-6.0.3.jar;C:\Users\tiare\.m2\repository\org\junit\jupiter\junit-jupiter-params\6.0.3\junit-jupiter-params-6.0.3.jar;C:\Users\tiare\.m2\repository\org\mockito\mockito-junit-jupiter\5.20.0\mockito-junit-jupiter-5.20.0.jar;C:\Users\tiare\.m2\repository\org\skyscreamer\jsonassert\1.5.3\jsonassert-1.5.3.jar;C:\Users\tiare\.m2\repository\com\vaadin\external\google\android-json\0.0.20131108.vaadin1\android-json-0.0.20131108.vaadin1.jar;C:\Users\tiare\.m2\repository\org\springframework\spring-core\7.0.8\spring-core-7.0.8.jar;C:\Users\tiare\.m2\repository\commons-logging\commons-logging\1.3.6\commons-logging-1.3.6.jar;C:\Users\tiare\.m2\repository\org\springframework\spring-test\7.0.8\spring-test-7.0.8.jar;C:\Users\tiare\.m2\repository\org\xmlunit\xmlunit-core\2.10.4\xmlunit-core-2.10.4.jar;C:\Users\tiare\.m2\repository\org\mockito\mockito-core\5.20.0\mockito-core-5.20.0.jar;C:\Users\tiare\.m2\repository\net\bytebuddy\byte-buddy\1.17.8\byte-buddy-1.17.8.jar;C:\Users\tiare\.m2\repository\net\bytebuddy\byte-buddy-agent\1.17.8\byte-buddy-agent-1.17.8.jar;C:\Users\tiare\.m2\repository\org\objenesis\objenesis\3.3\objenesis-3.3.jar;C:\Users\tiare\.m2\repository\org\junit\jupiter\junit-jupiter-engine\6.0.3\junit-jupiter-engine-6.0.3.jar;C:\Users\tiare\.m2\repository\org\junit\platform\junit-platform-engine\6.0.3\junit-platform-engine-6.0.3.jar;C:\Users\tiare\.m2\repository\org\opentest4j\opentest4j\1.3.0\opentest4j-1.3.0.jar;C:\Users\tiare\.m2\repository\org\junit\platform\junit-platform-commons\6.0.3\junit-platform-commons-6.0.3.jar;C:\Users\tiare\.m2\repository\org\junit\jupiter\junit-jupiter-api\6.0.3\junit-jupiter-api-6.0.3.jar;C:\Users\tiare\.m2\repository\org\apiguardian\apiguardian-api\1.1.2\apiguardian-api-1.1.2.jar;C:\Users\tiare\.m2\repository\org\jspecify\jspecify\1.0.0\jspecify-1.0.0.jar;C:\Users\tiare\.m2\repository\org\springframework\cloud\spring-cloud-starter-netflix-eureka-client\5.0.1\spring-cloud-starter-netflix-eureka-client-5.0.1.jar;C:\Users\tiare\.m2\repository\org\springframework\cloud\spring-cloud-netflix-eureka-client\5.0.1\spring-cloud-netflix-eureka-client-5.0.1.jar;C:\Users\tiare\.m2\repository\org\springframework\boot\spring-boot-jackson2\4.0.7\spring-boot-jackson2-4.0.7.jar;C:\Users\tiare\.m2\repository\com\fasterxml\jackson\datatype\jackson-datatype-jdk8\2.21.4\jackson-datatype-jdk8-2.21.4.jar;C:\Users\tiare\.m2\repository\com\fasterxml\jackson\datatype\jackson-datatype-jsr310\2.21.4\jackson-datatype-jsr310-2.21.4.jar;C:\Users\tiare\.m2\repository\com\fasterxml\jackson\module\jackson-module-parameter-names\2.21.4\jackson-module-parameter-names-2.21.4.jar;C:\Users\tiare\.m2\repository\org\apache\httpcomponents\client5\httpclient5\5.5.2\httpclient5-5.5.2.jar;C:\Users\tiare\.m2\repository\org\apache\httpcomponents\core5\httpcore5\5.3.6\httpcore5-5.3.6.jar;C:\Users\tiare\.m2\repository\org\apache\httpcomponents\core5\httpcore5-h2\5.3.6\httpcore5-h2-5.3.6.jar;C:\Users\tiare\.m2\repository\com\netflix\eureka\eureka-client\2.0.5\eureka-client-2.0.5.jar;C:\Users\tiare\.m2\repository\com\thoughtworks\xstream\xstream\1.4.21\xstream-1.4.21.jar;C:\Users\tiare\.m2\repository\io\github\x-stream\mxparser\1.2.2\mxparser-1.2.2.jar;C:\Users\tiare\.m2\repository\xmlpull\xmlpull\1.1.3.1\xmlpull-1.1.3.1.jar;C:\Users\tiare\.m2\repository\jakarta\ws\rs\jakarta.ws.rs-api\4.0.0\jakarta.ws.rs-api-4.0.0.jar;C:\Users\tiare\.m2\repository\jakarta\inject\jakarta.inject-api\2.0.1\jakarta.inject-api-2.0.1.jar;C:\Users\tiare\.m2\repository\com\netflix\spectator\spectator-api\1.7.3\spectator-api-1.7.3.jar;C:\Users\tiare\.m2\repository\org\apache\httpcomponents\httpclient\4.5.3\httpclient-4.5.3.jar;C:\Users\tiare\.m2\repository\org\apache\httpcomponents\httpcore\4.4.16\httpcore-4.4.16.jar;C:\Users\tiare\.m2\repository\commons-codec\commons-codec\1.19.0\commons-codec-1.19.0.jar;C:\Users\tiare\.m2\repository\commons-configuration\commons-configuration\1.10\commons-configuration-1.10.jar;C:\Users\tiare\.m2\repository\commons-lang\commons-lang\2.6\commons-lang-2.6.jar;C:\Users\tiare\.m2\repository\com\fasterxml\jackson\core\jackson-annotations\2.21\jackson-annotations-2.21.jar;C:\Users\tiare\.m2\repository\com\fasterxml\jackson\core\jackson-core\2.21.4\jackson-core-2.21.4.jar;C:\Users\tiare\.m2\repository\com\netflix\netflix-commons\netflix-eventbus\0.3.0\netflix-eventbus-0.3.0.jar;C:\Users\tiare\.m2\repository\com\netflix\netflix-commons\netflix-infix\0.3.0\netflix-infix-0.3.0.jar;C:\Users\tiare\.m2\repository\commons-jxpath\commons-jxpath\1.3\commons-jxpath-1.3.jar;C:\Users\tiare\.m2\repository\joda-time\joda-time\2.3\joda-time-2.3.jar;C:\Users\tiare\.m2\repository\org\antlr\antlr-runtime\3.4\antlr-runtime-3.4.jar;C:\Users\tiare\.m2\repository\org\antlr\stringtemplate\3.2.1\stringtemplate-3.2.1.jar;C:\Users\tiare\.m2\repository\antlr\antlr\2.7.7\antlr-2.7.7.jar;C:\Users\tiare\.m2\repository\com\google\code\gson\gson\2.13.2\gson-2.13.2.jar;C:\Users\tiare\.m2\repository\com\google\errorprone\error_prone_annotations\2.41.0\error_prone_annotations-2.41.0.jar;C:\Users\tiare\.m2\repository\com\netflix\servo\servo-core\0.5.3\servo-core-0.5.3.jar;C:\Users\tiare\.m2\repository\org\apache\commons\commons-math\2.2\commons-math-2.2.jar;C:\Users\tiare\.m2\repository\javax\annotation\javax.annotation-api\1.2\javax.annotation-api-1.2.jar;C:\Users\tiare\.m2\repository\org\codehaus\jettison\jettison\1.5.4\jettison-1.5.4.jar;C:\Users\tiare\.m2\repository\org\springframework\cloud\spring-cloud-starter-loadbalancer\5.0.1\spring-cloud-starter-loadbalancer-5.0.1.jar;C:\Users\tiare\.m2\repository\org\springframework\cloud\spring-cloud-loadbalancer\5.0.1\spring-cloud-loadbalancer-5.0.1.jar;C:\Users\tiare\.m2\repository\io\projectreactor\reactor-core\3.8.6\reactor-core-3.8.6.jar;C:\Users\tiare\.m2\repository\org\reactivestreams\reactive-streams\1.0.4\reactive-streams-1.0.4.jar;C:\Users\tiare\.m2\repository\io\projectreactor\addons\reactor-extra\3.6.0\reactor-extra-3.6.0.jar;C:\Users\tiare\.m2\repository\org\springframework\boot\spring-boot-starter-cache\4.0.7\spring-boot-starter-cache-4.0.7.jar;C:\Users\tiare\.m2\repository\org\springframework\boot\spring-boot-cache\4.0.7\spring-boot-cache-4.0.7.jar;C:\Users\tiare\.m2\repository\org\springframework\spring-context-support\7.0.8\spring-context-support-7.0.8.jar;C:\Users\tiare\.m2\repository\com\stoyanr\evictor\1.0.0\evictor-1.0.0.jar;C:\Users\tiare\.m2\repository\org\springdoc\springdoc-openapi-starter-webmvc-ui\3.0.2\springdoc-openapi-starter-webmvc-ui-3.0.2.jar;C:\Users\tiare\.m2\repository\org\springdoc\springdoc-openapi-starter-webmvc-api\3.0.2\springdoc-openapi-starter-webmvc-api-3.0.2.jar;C:\Users\tiare\.m2\repository\org\springdoc\springdoc-openapi-starter-common\3.0.2\springdoc-openapi-starter-common-3.0.2.jar;C:\Users\tiare\.m2\repository\io\swagger\core\v3\swagger-core-jakarta\2.2.43\swagger-core-jakarta-2.2.43.jar;C:\Users\tiare\.m2\repository\io\swagger\core\v3\swagger-annotations-jakarta\2.2.43\swagger-annotations-jakarta-2.2.43.jar;C:\Users\tiare\.m2\repository\io\swagger\core\v3\swagger-models-jakarta\2.2.43\swagger-models-jakarta-2.2.43.jar;C:\Users\tiare\.m2\repository\com\fasterxml\jackson\dataformat\jackson-dataformat-yaml\2.21.4\jackson-dataformat-yaml-2.21.4.jar;C:\Users\tiare\.m2\repository\org\webjars\swagger-ui\5.32.0\swagger-ui-5.32.0.jar;C:\Users\tiare\.m2\repository\org\webjars\webjars-locator-lite\1.1.3\webjars-locator-lite-1.1.3.jar;C:\Users\tiare\.m2\repository\com\h2database\h2\2.4.240\h2-2.4.240.jar;, LOGBACK_ROLLINGPOLICY_MAX_FILE_SIZE=10485760, java.vm.vendor=Oracle Corporation, LOG_PATH=logs, sun.arch.data.model=64, user.variant=, java.vendor.url=https://java.oracle.com/, user.timezone=America/Santiago, jakarta.persistence.sharedCache.mode=UNSPECIFIED, org.jboss.logging.provider=slf4j, java.vm.specification.version=21, os.name=Windows 11, APPLICATION_NAME=ms-venta, jakarta.persistence.nonJtaDataSource=HikariDataSource (HikariPool-1), sun.java.launcher=SUN_STANDARD, user.country=CL, sun.boot.library.path=C:\Program Files\Java\jdk-21.0.11\bin, sun.java.command=C:\Users\tiare\AppData\Local\Temp\surefire1805653376582941441\surefirebooter-20260716145737470_3.jar C:\Users\tiare\AppData\Local\Temp\surefire1805653376582941441 2026-07-16T14-57-37_286-jvmRun1 surefire-20260716145737470_1tmp surefire_0-20260716145737470_2tmp, javax.persistence.nonJtaDataSource=HikariDataSource (HikariPool-1), hibernate.transaction.jta.platform=org.hibernate.engine.transaction.jta.platform.internal.NoJtaPlatform@2ab53df6, jdk.debug=release, surefire.test.class.path=C:\Users\tiare\Proyectos\inventario-farmacia\ms_venta\target\test-classes;C:\Users\tiare\Proyectos\inventario-farmacia\ms_venta\target\classes;C:\Users\tiare\.m2\repository\org\springframework\boot\spring-boot-starter-data-jpa\4.0.7\spring-boot-starter-data-jpa-4.0.7.jar;C:\Users\tiare\.m2\repository\org\springframework\boot\spring-boot-starter\4.0.7\spring-boot-starter-4.0.7.jar;C:\Users\tiare\.m2\repository\org\springframework\boot\spring-boot-starter-logging\4.0.7\spring-boot-starter-logging-4.0.7.jar;C:\Users\tiare\.m2\repository\ch\qos\logback\logback-classic\1.5.34\logback-classic-1.5.34.jar;C:\Users\tiare\.m2\repository\ch\qos\logback\logback-core\1.5.34\logback-core-1.5.34.jar;C:\Users\tiare\.m2\repository\org\apache\logging\log4j\log4j-to-slf4j\2.25.4\log4j-to-slf4j-2.25.4.jar;C:\Users\tiare\.m2\repository\org\apache\logging\log4j\log4j-api\2.25.4\log4j-api-2.25.4.jar;C:\Users\tiare\.m2\repository\org\slf4j\jul-to-slf4j\2.0.18\jul-to-slf4j-2.0.18.jar;C:\Users\tiare\.m2\repository\jakarta\annotation\jakarta.annotation-api\3.0.0\jakarta.annotation-api-3.0.0.jar;C:\Users\tiare\.m2\repository\org\yaml\snakeyaml\2.5\snakeyaml-2.5.jar;C:\Users\tiare\.m2\repository\org\springframework\boot\spring-boot-starter-jdbc\4.0.7\spring-boot-starter-jdbc-4.0.7.jar;C:\Users\tiare\.m2\repository\com\zaxxer\HikariCP\7.0.2\HikariCP-7.0.2.jar;C:\Users\tiare\.m2\repository\org\springframework\boot\spring-boot-data-jpa\4.0.7\spring-boot-data-jpa-4.0.7.jar;C:\Users\tiare\.m2\repository\org\springframework\boot\spring-boot-data-commons\4.0.7\spring-boot-data-commons-4.0.7.jar;C:\Users\tiare\.m2\repository\org\springframework\boot\spring-boot-persistence\4.0.7\spring-boot-persistence-4.0.7.jar;C:\Users\tiare\.m2\repository\org\springframework\data\spring-data-commons\4.0.6\spring-data-commons-4.0.6.jar;C:\Users\tiare\.m2\repository\org\springframework\boot\spring-boot-hibernate\4.0.7\spring-boot-hibernate-4.0.7.jar;C:\Users\tiare\.m2\repository\org\springframework\boot\spring-boot-jpa\4.0.7\spring-boot-jpa-4.0.7.jar;C:\Users\tiare\.m2\repository\jakarta\persistence\jakarta.persistence-api\3.2.0\jakarta.persistence-api-3.2.0.jar;C:\Users\tiare\.m2\repository\org\hibernate\orm\hibernate-core\7.2.19.Final\hibernate-core-7.2.19.Final.jar;C:\Users\tiare\.m2\repository\jakarta\transaction\jakarta.transaction-api\2.0.1\jakarta.transaction-api-2.0.1.jar;C:\Users\tiare\.m2\repository\org\hibernate\models\hibernate-models\1.0.1\hibernate-models-1.0.1.jar;C:\Users\tiare\.m2\repository\org\glassfish\jaxb\jaxb-runtime\4.0.9\jaxb-runtime-4.0.9.jar;C:\Users\tiare\.m2\repository\org\glassfish\jaxb\jaxb-core\4.0.9\jaxb-core-4.0.9.jar;C:\Users\tiare\.m2\repository\org\eclipse\angus\angus-activation\2.0.3\angus-activation-2.0.3.jar;C:\Users\tiare\.m2\repository\org\glassfish\jaxb\txw2\4.0.9\txw2-4.0.9.jar;C:\Users\tiare\.m2\repository\com\sun\istack\istack-commons-runtime\4.1.2\istack-commons-runtime-4.1.2.jar;C:\Users\tiare\.m2\repository\org\springframework\spring-orm\7.0.8\spring-orm-7.0.8.jar;C:\Users\tiare\.m2\repository\org\springframework\data\spring-data-jpa\4.0.6\spring-data-jpa-4.0.6.jar;C:\Users\tiare\.m2\repository\org\springframework\spring-aop\7.0.8\spring-aop-7.0.8.jar;C:\Users\tiare\.m2\repository\org\springframework\spring-tx\7.0.8\spring-tx-7.0.8.jar;C:\Users\tiare\.m2\repository\org\antlr\antlr4-runtime\4.13.2\antlr4-runtime-4.13.2.jar;C:\Users\tiare\.m2\repository\org\springframework\spring-aspects\7.0.8\spring-aspects-7.0.8.jar;C:\Users\tiare\.m2\repository\org\aspectj\aspectjweaver\1.9.25.1\aspectjweaver-1.9.25.1.jar;C:\Users\tiare\.m2\repository\org\springframework\boot\spring-boot-jdbc\4.0.7\spring-boot-jdbc-4.0.7.jar;C:\Users\tiare\.m2\repository\org\springframework\boot\spring-boot-sql\4.0.7\spring-boot-sql-4.0.7.jar;C:\Users\tiare\.m2\repository\org\springframework\boot\spring-boot-transaction\4.0.7\spring-boot-transaction-4.0.7.jar;C:\Users\tiare\.m2\repository\org\springframework\spring-jdbc\7.0.8\spring-jdbc-7.0.8.jar;C:\Users\tiare\.m2\repository\org\springframework\boot\spring-boot-starter-flyway\4.0.7\spring-boot-starter-flyway-4.0.7.jar;C:\Users\tiare\.m2\repository\org\springframework\boot\spring-boot-flyway\4.0.7\spring-boot-flyway-4.0.7.jar;C:\Users\tiare\.m2\repository\org\springframework\boot\spring-boot-starter-validation\4.0.7\spring-boot-starter-validation-4.0.7.jar;C:\Users\tiare\.m2\repository\org\springframework\boot\spring-boot-validation\4.0.7\spring-boot-validation-4.0.7.jar;C:\Users\tiare\.m2\repository\org\apache\tomcat\embed\tomcat-embed-el\11.0.22\tomcat-embed-el-11.0.22.jar;C:\Users\tiare\.m2\repository\org\hibernate\validator\hibernate-validator\9.0.1.Final\hibernate-validator-9.0.1.Final.jar;C:\Users\tiare\.m2\repository\jakarta\validation\jakarta.validation-api\3.1.1\jakarta.validation-api-3.1.1.jar;C:\Users\tiare\.m2\repository\org\jboss\logging\jboss-logging\3.6.3.Final\jboss-logging-3.6.3.Final.jar;C:\Users\tiare\.m2\repository\com\fasterxml\classmate\1.7.3\classmate-1.7.3.jar;C:\Users\tiare\.m2\repository\org\springframework\boot\spring-boot-starter-web\4.0.7\spring-boot-starter-web-4.0.7.jar;C:\Users\tiare\.m2\repository\org\springframework\boot\spring-boot-starter-jackson\4.0.7\spring-boot-starter-jackson-4.0.7.jar;C:\Users\tiare\.m2\repository\org\springframework\boot\spring-boot-jackson\4.0.7\spring-boot-jackson-4.0.7.jar;C:\Users\tiare\.m2\repository\tools\jackson\core\jackson-databind\3.1.4\jackson-databind-3.1.4.jar;C:\Users\tiare\.m2\repository\tools\jackson\core\jackson-core\3.1.4\jackson-core-3.1.4.jar;C:\Users\tiare\.m2\repository\org\springframework\boot\spring-boot-starter-tomcat\4.0.7\spring-boot-starter-tomcat-4.0.7.jar;C:\Users\tiare\.m2\repository\org\springframework\boot\spring-boot-starter-tomcat-runtime\4.0.7\spring-boot-starter-tomcat-runtime-4.0.7.jar;C:\Users\tiare\.m2\repository\org\apache\tomcat\embed\tomcat-embed-core\11.0.22\tomcat-embed-core-11.0.22.jar;C:\Users\tiare\.m2\repository\org\apache\tomcat\embed\tomcat-embed-websocket\11.0.22\tomcat-embed-websocket-11.0.22.jar;C:\Users\tiare\.m2\repository\org\springframework\boot\spring-boot-tomcat\4.0.7\spring-boot-tomcat-4.0.7.jar;C:\Users\tiare\.m2\repository\org\springframework\boot\spring-boot-http-converter\4.0.7\spring-boot-http-converter-4.0.7.jar;C:\Users\tiare\.m2\repository\org\springframework\boot\spring-boot-webmvc\4.0.7\spring-boot-webmvc-4.0.7.jar;C:\Users\tiare\.m2\repository\org\springframework\boot\spring-boot-servlet\4.0.7\spring-boot-servlet-4.0.7.jar;C:\Users\tiare\.m2\repository\org\springframework\spring-webmvc\7.0.8\spring-webmvc-7.0.8.jar;C:\Users\tiare\.m2\repository\org\springframework\spring-expression\7.0.8\spring-expression-7.0.8.jar;C:\Users\tiare\.m2\repository\org\flywaydb\flyway-mysql\11.14.1\flyway-mysql-11.14.1.jar;C:\Users\tiare\.m2\repository\org\flywaydb\flyway-core\11.14.1\flyway-core-11.14.1.jar;C:\Users\tiare\.m2\repository\com\fasterxml\jackson\core\jackson-databind\2.21.4\jackson-databind-2.21.4.jar;C:\Users\tiare\.m2\repository\org\springframework\cloud\spring-cloud-starter-openfeign\5.0.1\spring-cloud-starter-openfeign-5.0.1.jar;C:\Users\tiare\.m2\repository\org\springframework\cloud\spring-cloud-starter\5.0.1\spring-cloud-starter-5.0.1.jar;C:\Users\tiare\.m2\repository\org\springframework\cloud\spring-cloud-context\5.0.1\spring-cloud-context-5.0.1.jar;C:\Users\tiare\.m2\repository\org\springframework\boot\spring-boot-restclient\4.0.7\spring-boot-restclient-4.0.7.jar;C:\Users\tiare\.m2\repository\org\springframework\boot\spring-boot-http-client\4.0.7\spring-boot-http-client-4.0.7.jar;C:\Users\tiare\.m2\repository\org\bouncycastle\bcprov-jdk18on\1.81\bcprov-jdk18on-1.81.jar;C:\Users\tiare\.m2\repository\org\springframework\cloud\spring-cloud-openfeign-core\5.0.1\spring-cloud-openfeign-core-5.0.1.jar;C:\Users\tiare\.m2\repository\io\github\openfeign\feign-form-spring\13.6\feign-form-spring-13.6.jar;C:\Users\tiare\.m2\repository\org\apache\commons\commons-text\1.13.0\commons-text-1.13.0.jar;C:\Users\tiare\.m2\repository\org\apache\commons\commons-lang3\3.19.0\commons-lang3-3.19.0.jar;C:\Users\tiare\.m2\repository\io\github\openfeign\feign-form\13.6\feign-form-13.6.jar;C:\Users\tiare\.m2\repository\commons-fileupload\commons-fileupload\1.5\commons-fileupload-1.5.jar;C:\Users\tiare\.m2\repository\org\springframework\spring-web\7.0.8\spring-web-7.0.8.jar;C:\Users\tiare\.m2\repository\org\springframework\spring-beans\7.0.8\spring-beans-7.0.8.jar;C:\Users\tiare\.m2\repository\io\micrometer\micrometer-observation\1.16.6\micrometer-observation-1.16.6.jar;C:\Users\tiare\.m2\repository\io\micrometer\micrometer-commons\1.16.6\micrometer-commons-1.16.6.jar;C:\Users\tiare\.m2\repository\org\springframework\cloud\spring-cloud-commons\5.0.1\spring-cloud-commons-5.0.1.jar;C:\Users\tiare\.m2\repository\org\springframework\security\spring-security-crypto\7.0.6\spring-security-crypto-7.0.6.jar;C:\Users\tiare\.m2\repository\io\github\openfeign\feign-core\13.6\feign-core-13.6.jar;C:\Users\tiare\.m2\repository\io\github\openfeign\feign-slf4j\13.6\feign-slf4j-13.6.jar;C:\Users\tiare\.m2\repository\org\slf4j\slf4j-api\2.0.18\slf4j-api-2.0.18.jar;C:\Users\tiare\.m2\repository\org\springframework\boot\spring-boot-devtools\4.0.7\spring-boot-devtools-4.0.7.jar;C:\Users\tiare\.m2\repository\org\springframework\boot\spring-boot\4.0.7\spring-boot-4.0.7.jar;C:\Users\tiare\.m2\repository\org\springframework\spring-context\7.0.8\spring-context-7.0.8.jar;C:\Users\tiare\.m2\repository\org\springframework\boot\spring-boot-autoconfigure\4.0.7\spring-boot-autoconfigure-4.0.7.jar;C:\Users\tiare\.m2\repository\com\mysql\mysql-connector-j\9.7.0\mysql-connector-j-9.7.0.jar;C:\Users\tiare\.m2\repository\org\projectlombok\lombok\1.18.46\lombok-1.18.46.jar;C:\Users\tiare\.m2\repository\org\springframework\boot\spring-boot-starter-data-jpa-test\4.0.7\spring-boot-starter-data-jpa-test-4.0.7.jar;C:\Users\tiare\.m2\repository\org\springframework\boot\spring-boot-starter-jdbc-test\4.0.7\spring-boot-starter-jdbc-test-4.0.7.jar;C:\Users\tiare\.m2\repository\org\springframework\boot\spring-boot-jdbc-test\4.0.7\spring-boot-jdbc-test-4.0.7.jar;C:\Users\tiare\.m2\repository\org\springframework\boot\spring-boot-data-jpa-test\4.0.7\spring-boot-data-jpa-test-4.0.7.jar;C:\Users\tiare\.m2\repository\org\springframework\boot\spring-boot-jpa-test\4.0.7\spring-boot-jpa-test-4.0.7.jar;C:\Users\tiare\.m2\repository\org\springframework\boot\spring-boot-starter-flyway-test\4.0.7\spring-boot-starter-flyway-test-4.0.7.jar;C:\Users\tiare\.m2\repository\org\springframework\boot\spring-boot-starter-validation-test\4.0.7\spring-boot-starter-validation-test-4.0.7.jar;C:\Users\tiare\.m2\repository\org\springframework\boot\spring-boot-starter-webmvc-test\4.0.7\spring-boot-starter-webmvc-test-4.0.7.jar;C:\Users\tiare\.m2\repository\org\springframework\boot\spring-boot-starter-jackson-test\4.0.7\spring-boot-starter-jackson-test-4.0.7.jar;C:\Users\tiare\.m2\repository\org\springframework\boot\spring-boot-starter-webmvc\4.0.7\spring-boot-starter-webmvc-4.0.7.jar;C:\Users\tiare\.m2\repository\org\springframework\boot\spring-boot-webmvc-test\4.0.7\spring-boot-webmvc-test-4.0.7.jar;C:\Users\tiare\.m2\repository\org\springframework\boot\spring-boot-web-server\4.0.7\spring-boot-web-server-4.0.7.jar;C:\Users\tiare\.m2\repository\org\springframework\boot\spring-boot-resttestclient\4.0.7\spring-boot-resttestclient-4.0.7.jar;C:\Users\tiare\.m2\repository\org\springframework\boot\spring-boot-starter-test\4.0.7\spring-boot-starter-test-4.0.7.jar;C:\Users\tiare\.m2\repository\org\springframework\boot\spring-boot-test\4.0.7\spring-boot-test-4.0.7.jar;C:\Users\tiare\.m2\repository\org\springframework\boot\spring-boot-test-autoconfigure\4.0.7\spring-boot-test-autoconfigure-4.0.7.jar;C:\Users\tiare\.m2\repository\com\jayway\jsonpath\json-path\2.10.0\json-path-2.10.0.jar;C:\Users\tiare\.m2\repository\jakarta\xml\bind\jakarta.xml.bind-api\4.0.5\jakarta.xml.bind-api-4.0.5.jar;C:\Users\tiare\.m2\repository\jakarta\activation\jakarta.activation-api\2.1.4\jakarta.activation-api-2.1.4.jar;C:\Users\tiare\.m2\repository\net\minidev\json-smart\2.6.0\json-smart-2.6.0.jar;C:\Users\tiare\.m2\repository\net\minidev\accessors-smart\2.6.0\accessors-smart-2.6.0.jar;C:\Users\tiare\.m2\repository\org\ow2\asm\asm\9.7.1\asm-9.7.1.jar;C:\Users\tiare\.m2\repository\org\assertj\assertj-core\3.27.7\assertj-core-3.27.7.jar;C:\Users\tiare\.m2\repository\org\awaitility\awaitility\4.3.0\awaitility-4.3.0.jar;C:\Users\tiare\.m2\repository\org\hamcrest\hamcrest\3.0\hamcrest-3.0.jar;C:\Users\tiare\.m2\repository\org\junit\jupiter\junit-jupiter\6.0.3\junit-jupiter-6.0.3.jar;C:\Users\tiare\.m2\repository\org\junit\jupiter\junit-jupiter-params\6.0.3\junit-jupiter-params-6.0.3.jar;C:\Users\tiare\.m2\repository\org\mockito\mockito-junit-jupiter\5.20.0\mockito-junit-jupiter-5.20.0.jar;C:\Users\tiare\.m2\repository\org\skyscreamer\jsonassert\1.5.3\jsonassert-1.5.3.jar;C:\Users\tiare\.m2\repository\com\vaadin\external\google\android-json\0.0.20131108.vaadin1\android-json-0.0.20131108.vaadin1.jar;C:\Users\tiare\.m2\repository\org\springframework\spring-core\7.0.8\spring-core-7.0.8.jar;C:\Users\tiare\.m2\repository\commons-logging\commons-logging\1.3.6\commons-logging-1.3.6.jar;C:\Users\tiare\.m2\repository\org\springframework\spring-test\7.0.8\spring-test-7.0.8.jar;C:\Users\tiare\.m2\repository\org\xmlunit\xmlunit-core\2.10.4\xmlunit-core-2.10.4.jar;C:\Users\tiare\.m2\repository\org\mockito\mockito-core\5.20.0\mockito-core-5.20.0.jar;C:\Users\tiare\.m2\repository\net\bytebuddy\byte-buddy\1.17.8\byte-buddy-1.17.8.jar;C:\Users\tiare\.m2\repository\net\bytebuddy\byte-buddy-agent\1.17.8\byte-buddy-agent-1.17.8.jar;C:\Users\tiare\.m2\repository\org\objenesis\objenesis\3.3\objenesis-3.3.jar;C:\Users\tiare\.m2\repository\org\junit\jupiter\junit-jupiter-engine\6.0.3\junit-jupiter-engine-6.0.3.jar;C:\Users\tiare\.m2\repository\org\junit\platform\junit-platform-engine\6.0.3\junit-platform-engine-6.0.3.jar;C:\Users\tiare\.m2\repository\org\opentest4j\opentest4j\1.3.0\opentest4j-1.3.0.jar;C:\Users\tiare\.m2\repository\org\junit\platform\junit-platform-commons\6.0.3\junit-platform-commons-6.0.3.jar;C:\Users\tiare\.m2\repository\org\junit\jupiter\junit-jupiter-api\6.0.3\junit-jupiter-api-6.0.3.jar;C:\Users\tiare\.m2\repository\org\apiguardian\apiguardian-api\1.1.2\apiguardian-api-1.1.2.jar;C:\Users\tiare\.m2\repository\org\jspecify\jspecify\1.0.0\jspecify-1.0.0.jar;C:\Users\tiare\.m2\repository\org\springframework\cloud\spring-cloud-starter-netflix-eureka-client\5.0.1\spring-cloud-starter-netflix-eureka-client-5.0.1.jar;C:\Users\tiare\.m2\repository\org\springframework\cloud\spring-cloud-netflix-eureka-client\5.0.1\spring-cloud-netflix-eureka-client-5.0.1.jar;C:\Users\tiare\.m2\repository\org\springframework\boot\spring-boot-jackson2\4.0.7\spring-boot-jackson2-4.0.7.jar;C:\Users\tiare\.m2\repository\com\fasterxml\jackson\datatype\jackson-datatype-jdk8\2.21.4\jackson-datatype-jdk8-2.21.4.jar;C:\Users\tiare\.m2\repository\com\fasterxml\jackson\datatype\jackson-datatype-jsr310\2.21.4\jackson-datatype-jsr310-2.21.4.jar;C:\Users\tiare\.m2\repository\com\fasterxml\jackson\module\jackson-module-parameter-names\2.21.4\jackson-module-parameter-names-2.21.4.jar;C:\Users\tiare\.m2\repository\org\apache\httpcomponents\client5\httpclient5\5.5.2\httpclient5-5.5.2.jar;C:\Users\tiare\.m2\repository\org\apache\httpcomponents\core5\httpcore5\5.3.6\httpcore5-5.3.6.jar;C:\Users\tiare\.m2\repository\org\apache\httpcomponents\core5\httpcore5-h2\5.3.6\httpcore5-h2-5.3.6.jar;C:\Users\tiare\.m2\repository\com\netflix\eureka\eureka-client\2.0.5\eureka-client-2.0.5.jar;C:\Users\tiare\.m2\repository\com\thoughtworks\xstream\xstream\1.4.21\xstream-1.4.21.jar;C:\Users\tiare\.m2\repository\io\github\x-stream\mxparser\1.2.2\mxparser-1.2.2.jar;C:\Users\tiare\.m2\repository\xmlpull\xmlpull\1.1.3.1\xmlpull-1.1.3.1.jar;C:\Users\tiare\.m2\repository\jakarta\ws\rs\jakarta.ws.rs-api\4.0.0\jakarta.ws.rs-api-4.0.0.jar;C:\Users\tiare\.m2\repository\jakarta\inject\jakarta.inject-api\2.0.1\jakarta.inject-api-2.0.1.jar;C:\Users\tiare\.m2\repository\com\netflix\spectator\spectator-api\1.7.3\spectator-api-1.7.3.jar;C:\Users\tiare\.m2\repository\org\apache\httpcomponents\httpclient\4.5.3\httpclient-4.5.3.jar;C:\Users\tiare\.m2\repository\org\apache\httpcomponents\httpcore\4.4.16\httpcore-4.4.16.jar;C:\Users\tiare\.m2\repository\commons-codec\commons-codec\1.19.0\commons-codec-1.19.0.jar;C:\Users\tiare\.m2\repository\commons-configuration\commons-configuration\1.10\commons-configuration-1.10.jar;C:\Users\tiare\.m2\repository\commons-lang\commons-lang\2.6\commons-lang-2.6.jar;C:\Users\tiare\.m2\repository\com\fasterxml\jackson\core\jackson-annotations\2.21\jackson-annotations-2.21.jar;C:\Users\tiare\.m2\repository\com\fasterxml\jackson\core\jackson-core\2.21.4\jackson-core-2.21.4.jar;C:\Users\tiare\.m2\repository\com\netflix\netflix-commons\netflix-eventbus\0.3.0\netflix-eventbus-0.3.0.jar;C:\Users\tiare\.m2\repository\com\netflix\netflix-commons\netflix-infix\0.3.0\netflix-infix-0.3.0.jar;C:\Users\tiare\.m2\repository\commons-jxpath\commons-jxpath\1.3\commons-jxpath-1.3.jar;C:\Users\tiare\.m2\repository\joda-time\joda-time\2.3\joda-time-2.3.jar;C:\Users\tiare\.m2\repository\org\antlr\antlr-runtime\3.4\antlr-runtime-3.4.jar;C:\Users\tiare\.m2\repository\org\antlr\stringtemplate\3.2.1\stringtemplate-3.2.1.jar;C:\Users\tiare\.m2\repository\antlr\antlr\2.7.7\antlr-2.7.7.jar;C:\Users\tiare\.m2\repository\com\google\code\gson\gson\2.13.2\gson-2.13.2.jar;C:\Users\tiare\.m2\repository\com\google\errorprone\error_prone_annotations\2.41.0\error_prone_annotations-2.41.0.jar;C:\Users\tiare\.m2\repository\com\netflix\servo\servo-core\0.5.3\servo-core-0.5.3.jar;C:\Users\tiare\.m2\repository\org\apache\commons\commons-math\2.2\commons-math-2.2.jar;C:\Users\tiare\.m2\repository\javax\annotation\javax.annotation-api\1.2\javax.annotation-api-1.2.jar;C:\Users\tiare\.m2\repository\org\codehaus\jettison\jettison\1.5.4\jettison-1.5.4.jar;C:\Users\tiare\.m2\repository\org\springframework\cloud\spring-cloud-starter-loadbalancer\5.0.1\spring-cloud-starter-loadbalancer-5.0.1.jar;C:\Users\tiare\.m2\repository\org\springframework\cloud\spring-cloud-loadbalancer\5.0.1\spring-cloud-loadbalancer-5.0.1.jar;C:\Users\tiare\.m2\repository\io\projectreactor\reactor-core\3.8.6\reactor-core-3.8.6.jar;C:\Users\tiare\.m2\repository\org\reactivestreams\reactive-streams\1.0.4\reactive-streams-1.0.4.jar;C:\Users\tiare\.m2\repository\io\projectreactor\addons\reactor-extra\3.6.0\reactor-extra-3.6.0.jar;C:\Users\tiare\.m2\repository\org\springframework\boot\spring-boot-starter-cache\4.0.7\spring-boot-starter-cache-4.0.7.jar;C:\Users\tiare\.m2\repository\org\springframework\boot\spring-boot-cache\4.0.7\spring-boot-cache-4.0.7.jar;C:\Users\tiare\.m2\repository\org\springframework\spring-context-support\7.0.8\spring-context-support-7.0.8.jar;C:\Users\tiare\.m2\repository\com\stoyanr\evictor\1.0.0\evictor-1.0.0.jar;C:\Users\tiare\.m2\repository\org\springdoc\springdoc-openapi-starter-webmvc-ui\3.0.2\springdoc-openapi-starter-webmvc-ui-3.0.2.jar;C:\Users\tiare\.m2\repository\org\springdoc\springdoc-openapi-starter-webmvc-api\3.0.2\springdoc-openapi-starter-webmvc-api-3.0.2.jar;C:\Users\tiare\.m2\repository\org\springdoc\springdoc-openapi-starter-common\3.0.2\springdoc-openapi-starter-common-3.0.2.jar;C:\Users\tiare\.m2\repository\io\swagger\core\v3\swagger-core-jakarta\2.2.43\swagger-core-jakarta-2.2.43.jar;C:\Users\tiare\.m2\repository\io\swagger\core\v3\swagger-annotations-jakarta\2.2.43\swagger-annotations-jakarta-2.2.43.jar;C:\Users\tiare\.m2\repository\io\swagger\core\v3\swagger-models-jakarta\2.2.43\swagger-models-jakarta-2.2.43.jar;C:\Users\tiare\.m2\repository\com\fasterxml\jackson\dataformat\jackson-dataformat-yaml\2.21.4\jackson-dataformat-yaml-2.21.4.jar;C:\Users\tiare\.m2\repository\org\webjars\swagger-ui\5.32.0\swagger-ui-5.32.0.jar;C:\Users\tiare\.m2\repository\org\webjars\webjars-locator-lite\1.1.3\webjars-locator-lite-1.1.3.jar;C:\Users\tiare\.m2\repository\com\h2database\h2\2.4.240\h2-2.4.240.jar;, sun.cpu.endian=little, hibernate.cdi.extensions=true, user.home=C:\Users\tiare, user.language=es, java.specification.vendor=Oracle Corporation, java.version.date=2026-04-21, java.home=C:\Program Files\Java\jdk-21.0.11, file.separator=\, basedir=C:\Users\tiare\Proyectos\inventario-farmacia\ms_venta, java.vm.compressedOopsMode=Zero based, line.separator=
, hibernate.persistenceUnitName=default, java.vm.specification.vendor=Oracle Corporation, java.specification.name=Java Platform API Specification, FILE_LOG_CHARSET=UTF-8, hibernate.transaction.coordinator_class=class org.hibernate.resource.transaction.backend.jdbc.internal.JdbcResourceLocalTransactionCoordinatorBuilderImpl, java.awt.headless=true, surefire.real.class.path=C:\Users\tiare\AppData\Local\Temp\surefire1805653376582941441\surefirebooter-20260716145737470_3.jar, jakarta.persistence.validation.mode=AUTO, hibernate.hbm2ddl.auto=update, user.script=, sun.management.compiler=HotSpot 64-Bit Tiered Compilers, java.runtime.version=21.0.11+9-LTS-211, user.name=tiare, stdout.encoding=Cp1252, path.separator=;, os.version=10.0, java.runtime.name=Java(TM) SE Runtime Environment, file.encoding=UTF-8, java.vm.name=Java HotSpot(TM) 64-Bit Server VM, LOG_FILE=logs/venta.log, localRepository=C:\Users\tiare\.m2\repository, java.vendor.url.bug=https://bugreport.java.com/bugreport/, java.io.tmpdir=C:\Users\tiare\AppData\Local\Temp\, java.version=21.0.11, hibernate.physical_naming_strategy=org.hibernate.boot.model.naming.PhysicalNamingStrategySnakeCaseImpl, user.dir=C:\Users\tiare\Proyectos\inventario-farmacia\ms_venta, os.arch=amd64, java.vm.specification.name=Java Virtual Machine Specification, PID=10320, sun.os.patch.level=, CONSOLE_LOG_CHARSET=UTF-8, LOGBACK_ROLLINGPOLICY_MAX_HISTORY=30, hibernate.boot.CfgXmlAccessService.key=org.hibernate.boot.registry.StandardServiceRegistryBuilder$1@2571821a, native.encoding=Cp1252, java.library.path=C:\Program Files\Java\jdk-21.0.11\bin;C:\Windows\Sun\Java\bin;C:\Windows\system32;C:\Windows;C:\Program Files\Common Files\Oracle\Java\javapath;C:\Windows\system32;C:\Windows;C:\Windows\System32\Wbem;C:\Windows\System32\WindowsPowerShell\v1.0\;C:\Windows\System32\OpenSSH\;C:\Program Files\Git\cmd;C:\Program Files\Docker\Docker\resources\bin;C:\Program Files\apache-maven-3.9.16\bin;C:\Users\tiare\AppData\Local\Programs\Python\Python312\Scripts\;C:\Users\tiare\AppData\Local\Programs\Python\Python312\;C:\Users\tiare\AppData\Local\Microsoft\WindowsApps;C:\Users\tiare\AppData\Local\Programs\Microsoft VS Code\bin;., stderr.encoding=Cp1252, java.vendor=Oracle Corporation, java.vm.info=mixed mode, sharing, java.vm.version=21.0.11+9-LTS-211, sun.io.unicode.encoding=UnicodeLittle, hibernate.archive.scanner=org.hibernate.boot.archive.scan.internal.DisabledScanner, hibernate.connection.datasource=HikariDataSource (HikariPool-1), java.class.version=65.0, LOGGED_APPLICATION_NAME=[ms-venta] }
2026-07-16T14:57:53.569-04:00 DEBUG 10320 --- [ms-venta] [main] o.h.v.i.xml.config.ValidationXmlParser   : Trying to load META-INF/validation.xml for XML based Validator configuration.
2026-07-16T14:57:53.569-04:00 DEBUG 10320 --- [ms-venta] [main] o.h.v.i.xml.config.ResourceLoaderHelper  : Trying to load META-INF/validation.xml via TCCL
2026-07-16T14:57:53.569-04:00 DEBUG 10320 --- [ms-venta] [main] o.h.v.i.xml.config.ResourceLoaderHelper  : Trying to load META-INF/validation.xml via Hibernate Validator's class loader
2026-07-16T14:57:53.569-04:00 DEBUG 10320 --- [ms-venta] [main] o.h.v.i.xml.config.ValidationXmlParser   : No META-INF/validation.xml found. Using annotation based configuration only.
2026-07-16T14:57:53.569-04:00 DEBUG 10320 --- [ms-venta] [main] o.h.v.i.e.resolver.TraversableResolvers  : Found jakarta.persistence.Persistence on classpath containing 'getPersistenceUtil'. Assuming Jakarta Persistence environment. Trying to instantiate Jakarta Persistence aware TraversableResolver
2026-07-16T14:57:53.569-04:00 DEBUG 10320 --- [ms-venta] [main] o.h.v.i.e.resolver.TraversableResolvers  : Instantiated Jakarta Persistence aware TraversableResolver of type org.hibernate.validator.internal.engine.resolver.JPATraversableResolver.
2026-07-16T14:57:53.569-04:00 DEBUG 10320 --- [ms-venta] [main] .h.v.m.ResourceBundleMessageInterpolator : Loaded expression factory via original TCCL
2026-07-16T14:57:53.572-04:00 DEBUG 10320 --- [ms-venta] [main] .i.e.ValidatorFactoryConfigurationHelper : HV000252: Using org.hibernate.validator.internal.engine.DefaultPropertyNodeNameProvider as property node name provider.
2026-07-16T14:57:53.574-04:00 DEBUG 10320 --- [ms-venta] [main] .i.e.ValidatorFactoryConfigurationHelper : HV000234: Using org.hibernate.validator.messageinterpolation.ResourceBundleMessageInterpolator as ValidatorFactory-scoped message interpolator.
2026-07-16T14:57:53.574-04:00 DEBUG 10320 --- [ms-venta] [main] .i.e.ValidatorFactoryConfigurationHelper : HV000234: Using org.hibernate.validator.internal.engine.resolver.JPATraversableResolver as ValidatorFactory-scoped traversable resolver.
2026-07-16T14:57:53.574-04:00 DEBUG 10320 --- [ms-venta] [main] .i.e.ValidatorFactoryConfigurationHelper : HV000234: Using org.hibernate.validator.internal.util.ExecutableParameterNameProvider as ValidatorFactory-scoped parameter name provider.
2026-07-16T14:57:53.574-04:00 DEBUG 10320 --- [ms-venta] [main] .i.e.ValidatorFactoryConfigurationHelper : HV000234: Using org.hibernate.validator.internal.engine.DefaultClockProvider as ValidatorFactory-scoped clock provider.
2026-07-16T14:57:53.574-04:00 DEBUG 10320 --- [ms-venta] [main] .i.e.ValidatorFactoryConfigurationHelper : HV000234: Using org.hibernate.validator.internal.engine.scripting.DefaultScriptEvaluatorFactory as ValidatorFactory-scoped script evaluator factory.
2026-07-16T14:57:53.826-04:00 DEBUG 10320 --- [ms-venta] [main] org.hibernate.HQL_FUNCTIONS              : Available HQL Functions:
	abs(NUMERIC arg)
	Double acos(NUMERIC arg)
	Boolean any(BOOLEAN predicate)
	array( ... )
	array_agg(arg)
	array_append( ... )
	array_concat( ... )
	Boolean array_contains(ARRAY haystackArray, OBJECT needleElementOrArray)
	Boolean array_contains_nullable(ARRAY haystackArray, OBJECT needleElementOrArray)
	array_fill(OBJECT element, INTEGER elementCount)
	array_fill_list(OBJECT element, INTEGER elementCount)
	array_get(ARRAY array, INTEGER index)
	Boolean array_includes(ARRAY haystackArray, OBJECT needleArray)
	Boolean array_includes_nullable(ARRAY haystackArray, OBJECT needleArray)
	Boolean array_intersects(ARRAY array0, OBJECT array1)
	Boolean array_intersects_nullable(ARRAY array0, OBJECT array1)
	Integer array_length(ARRAY array)
	array_list( ... )
	Boolean array_overlaps(ARRAY array0, OBJECT array1)
	Boolean array_overlaps_nullable(ARRAY array0, OBJECT array1)
	Integer array_position(ARRAY array, OBJECT element[, INTEGER startPosition])
	int[] array_positions(ARRAY array, OBJECT element)
	List array_positions_list(ARRAY array, OBJECT element)
	array_prepend( ... )
	array_remove( ... )
	array_remove_index( ... )
	array_replace( ... )
	array_set( ... )
	array_slice(ARRAY array, INTEGER start, INTEGER end)
	String array_to_string( ... )
	array_trim(ARRAY array, INTEGER elementsToRemove)
	Integer ascii(STRING arg)
	Double asin(NUMERIC arg)
	Double atan(NUMERIC arg)
	Double atan2(NUMERIC arg0, NUMERIC arg1)
	avg(NUMERIC arg)
	bit_and(arg)
	Integer bit_length(STRING_OR_CLOB arg)
	bit_or(arg)
	bitand(arg0, arg1)
	bitnot(arg)
	bitor(arg0, arg1)
	bitxor(arg0, arg1)
	Boolean bool_and(BOOLEAN predicate)
	Boolean bool_or(BOOLEAN predicate)
	cast(arg as Type)
	ceiling(NUMERIC arg)
	Character char(INTEGER arg)
	Integer character_length(STRING_OR_CLOB arg)
	Character chr(INTEGER arg)
	coalesce(arg0[, arg1[, ...]])
	String collate(STRING string as COLLATION collation)
	String concat(STRING string0[, STRING string1[, ...]])
	Double cos(NUMERIC arg)
	Double cosh(NUMERIC arg)
	Double cot(NUMERIC arg)
	Long count([distinct ]{arg|*})
	Double cume_dist([arg0[, ...]])
	Date curdate()
	Date current date
	Time current time
	Timestamp current timestamp
	Date current_date
	Instant current_instant
	Time current_time
	Timestamp current_timestamp
	Time curtime()
	date_trunc(STRING field, TEMPORAL datetime)
	dateadd(TEMPORAL_UNIT field, INTEGER magnitude, TEMPORAL datetime)
	Long|Double datediff(TEMPORAL_UNIT field, TEMPORAL start, TEMPORAL end)
	Integer day(DATE arg)
	Integer day_of_month(DATE arg)
	Integer day_of_week(DATE arg)
	Integer day_of_year(DATE arg)
	String dayname(DATE arg)
	Double degrees(NUMERIC arg)
	Long dense_rank([arg0[, ...]])
	Boolean every(BOOLEAN predicate)
	Double exp(NUMERIC arg)
	extract(TEMPORAL_UNIT field from TEMPORAL arg)
	first_valueANY value
	floor(NUMERIC arg)
	String format(TEMPORAL datetime as STRING pattern)
	greatest(COMPARABLE arg0, COMPARABLE arg1[, arg2[, ...]])
	String hex(arg)
	Integer hour(TIME arg)
	ifnull(arg0, arg1)
	String insert(STRING string, INTEGER start, INTEGER length, STRING replacement)
	Instant instant
	Integer instr(STRING string, STRING pattern[, INTEGER start[, INTEGER occurrence]])
	String json_array([arg0[, ...]])
	String json_arrayagg(arg0[, arg1])
	Boolean json_exists(IMPLICIT_JSON arg0, STRING arg1)
	String json_object( ... )
	String json_objectagg(arg0, arg1[, arg2, arg3])
	String json_query( ... )
	json_value( ... )
	lagANY value[, INTEGER offset[, ANY default]]
	last_valueANY value
	leadANY value[, INTEGER offset[, ANY default]]
	least(COMPARABLE arg0, COMPARABLE arg1[, arg2[, ...]])
	String left(STRING string, INTEGER length)
	length
	String listagg(STRING arg0, STRING arg1)
	Double ln(NUMERIC arg)
	LocalDate local date
	LocalDateTime local datetime
	LocalTime local time
	LocalDate local_date
	LocalDateTime local_datetime
	LocalTime local_time
	Time localtime
	Timestamp localtimestamp
	Integer locate(STRING pattern, STRING string[, INTEGER start])
	Double log(NUMERIC base, NUMERIC arg)
	Double log10(NUMERIC arg)
	String lower(STRING string)
	String lpad(STRING string, INTEGER length[, STRING padding])
	String ltrim(STRING string)
	max(COMPARABLE arg)
	byte[] md5(arg)
	Double median(NUMERIC arg)
	Integer microsecond(TIME arg)
	min(COMPARABLE arg)
	Integer minute(TIME arg)
	Integer mod(INTEGER arg0, INTEGER arg1)
	mode()
	Integer month(DATE arg)
	String monthname(DATE arg)
	Timestamp now()
	nth_valueANY value, INTEGER nth
	nullif(arg0, arg1)
	Integer octet_length(STRING_OR_CLOB arg)
	OffsetDateTime offset datetime
	OffsetDateTime offset_datetime
	Integer ordinal(ENUM arg)
	String overlay(STRING string placing STRING replacement from INTEGER start[ for INTEGER length])
	String pad(STRING string with INTEGER length {leading|trailing}[ STRING character])
	Double percent_rank([arg0[, ...]])
	percentile_cont(NUMERIC arg)
	percentile_disc(NUMERIC arg)
	Double pi
	Integer position(STRING pattern in STRING string)
	Double power(NUMERIC arg0, NUMERIC arg1)
	Integer quarter(DATE arg)
	Double radians(NUMERIC arg)
	Double rand([INTEGER seed])
	Long rank([arg0[, ...]])
	Boolean regexp_like(STRING arg0, STRING arg1[, STRING arg2])
	String repeat(STRING string, INTEGER times)
	String replace(STRING string, STRING pattern, STRING replacement)
	String right(STRING string, INTEGER length)
	round(NUMERIC number[, INTEGER places])
	Long row_number()
	Long rownum()
	String rpad(STRING string, INTEGER length[, STRING padding])
	String rtrim(STRING string)
	Integer second(TIME arg)
	byte[] sha(arg)
	Integer sign(NUMERIC arg)
	Double sin(NUMERIC arg)
	Double sinh(NUMERIC arg)
	String soundex(arg)
	String space(INTEGER arg)
	sql
	Double sqrt(NUMERIC arg)
	Double stddev_pop(NUMERIC arg)
	Double stddev_samp(NUMERIC arg)
	String str(arg)
	String string(ENUM arg)
	String substr(STRING string, INTEGER start[, INTEGER length])
	String substring(STRING string{ from|,} INTEGER start[{ for|,} INTEGER length])
	sum(arg)
	Timestamp sysdate
	Double tan(NUMERIC arg)
	Double tanh(NUMERIC arg)
	timestampadd(TEMPORAL_UNIT field, INTEGER magnitude, TEMPORAL datetime)
	Long|Double timestampdiff(TEMPORAL_UNIT field, TEMPORAL start, TEMPORAL end)
	String translate(STRING arg0, STRING arg1, STRING arg2)
	String trim([[{leading|trailing|both} ][STRING arg0 ]from] STRING arg1)
	trunc( ... )
	truncate( ... )
	String upper(STRING string)
	Double var_pop(NUMERIC arg)
	Double var_samp(NUMERIC arg)
	Integer week(DATE arg)
	String xmlcomment(STRING arg)
	String xmlconcat( ... )
	String xmlelement( ... )
	String xmlforest( ... )
	String xmlpi( ... )
	Integer year(DATE arg)

2026-07-16T14:57:54.088-04:00 DEBUG 10320 --- [ms-venta] [main] org.hibernate.orm.bytecode.interceptor   : HHH90005905: To-one property 'com.pharmanet.venta_service.entity.DetalleVenta.venta' was mapped with LAZY + NO_PROXY but the class was not enhanced
2026-07-16T14:57:54.088-04:00 DEBUG 10320 --- [ms-venta] [main] org.hibernate.orm.bytecode.interceptor   : HHH90005905: To-one property 'com.pharmanet.venta_service.entity.DetalleVenta.venta' was mapped with LAZY + NO_PROXY but the class was not enhanced
2026-07-16T14:57:54.135-04:00 DEBUG 10320 --- [ms-venta] [main] org.hibernate.orm.core                   : HHH000513: Unable to create the ReflectionOptimizer for [com.pharmanet.venta_service.entity.DetalleVenta]: private accessor [cantidad]
2026-07-16T14:57:54.159-04:00 DEBUG 10320 --- [ms-venta] [main] org.hibernate.orm.bytecode.interceptor   : HHH90005905: To-one property 'com.pharmanet.venta_service.entity.DetalleVenta.venta' was mapped with LAZY + NO_PROXY but the class was not enhanced
2026-07-16T14:57:54.183-04:00 DEBUG 10320 --- [ms-venta] [main] org.hibernate.orm.core                   : HHH000513: Unable to create the ReflectionOptimizer for [com.pharmanet.venta_service.entity.Venta]: private accessor [codSucursal]
2026-07-16T14:57:54.611-04:00  INFO 10320 --- [ms-venta] [main] org.hibernate.orm.core                   : HHH000489: No JTA platform available (set 'hibernate.transaction.jta.platform' to enable JTA platform integration)
2026-07-16T14:57:54.627-04:00 DEBUG 10320 --- [ms-venta] [main] org.hibernate.orm.service                : HHH010454: EventListenerRegistry access via ServiceRegistry is deprecated - use 'sessionFactory.getEventEngine().getListenerRegistry()' instead
2026-07-16T14:57:54.760-04:00 DEBUG 10320 --- [ms-venta] [main] org.hibernate.orm.factoryRegistry        : HHH020384: Registering SessionFactory [275f7cf9-66ff-42db-a809-a88fdaafeaef] (default)
2026-07-16T14:57:54.760-04:00  INFO 10320 --- [ms-venta] [main] j.LocalContainerEntityManagerFactoryBean : Initialized JPA EntityManagerFactory for persistence unit 'default'
2026-07-16T14:57:54.775-04:00 DEBUG 10320 --- [ms-venta] [main] o.s.b.f.s.DefaultListableBeanFactory     : Creating shared instance of singleton bean 'ventaServiceApplication'
2026-07-16T14:57:54.775-04:00 DEBUG 10320 --- [ms-venta] [main] o.s.b.f.s.DefaultListableBeanFactory     : Creating shared instance of singleton bean 'ventaController'
2026-07-16T14:57:54.775-04:00 DEBUG 10320 --- [ms-venta] [main] o.s.b.f.s.DefaultListableBeanFactory     : Creating shared instance of singleton bean 'ventaService'
2026-07-16T14:57:54.775-04:00 DEBUG 10320 --- [ms-venta] [main] o.s.b.f.s.DefaultListableBeanFactory     : Creating shared instance of singleton bean 'com.pharmanet.venta_service.client.InventarioFeignClient'
2026-07-16T14:57:54.775-04:00 DEBUG 10320 --- [ms-venta] [main] o.s.c.openfeign.FeignClientFactoryBean   : Creating a FeignClientFactoryBean.
2026-07-16T14:57:54.791-04:00 DEBUG 10320 --- [ms-venta] [main] o.s.b.f.s.DefaultListableBeanFactory     : Creating shared instance of singleton bean 'feignContext'
2026-07-16T14:57:54.791-04:00 DEBUG 10320 --- [ms-venta] [main] o.s.b.f.s.DefaultListableBeanFactory     : Creating shared instance of singleton bean 'org.springframework.cloud.openfeign.FeignAutoConfiguration'
2026-07-16T14:57:54.791-04:00 DEBUG 10320 --- [ms-venta] [main] o.s.b.f.s.DefaultListableBeanFactory     : Creating shared instance of singleton bean 'default.com.pharmanet.venta_service.VentaServiceApplication.FeignClientSpecification'
2026-07-16T14:57:54.791-04:00 DEBUG 10320 --- [ms-venta] [main] o.s.b.f.s.DefaultListableBeanFactory     : Creating shared instance of singleton bean 'inventario-service.FeignClientSpecification'
2026-07-16T14:57:54.791-04:00 DEBUG 10320 --- [ms-venta] [main] o.s.b.f.s.DefaultListableBeanFactory     : Creating shared instance of singleton bean 'producto-service.FeignClientSpecification'
2026-07-16T14:57:54.791-04:00 DEBUG 10320 --- [ms-venta] [main] o.s.b.f.s.DefaultListableBeanFactory     : Creating shared instance of singleton bean 'usuario-service.FeignClientSpecification'
2026-07-16T14:57:54.791-04:00 DEBUG 10320 --- [ms-venta] [main] s.c.a.AnnotationConfigApplicationContext : Refreshing FeignClientFactory-inventario-service
2026-07-16T14:57:54.791-04:00 DEBUG 10320 --- [ms-venta] [main] o.s.b.f.s.DefaultListableBeanFactory     : Creating shared instance of singleton bean 'org.springframework.context.annotation.internalConfigurationAnnotationProcessor'
2026-07-16T14:57:54.823-04:00 DEBUG 10320 --- [ms-venta] [main] o.s.b.f.s.DefaultListableBeanFactory     : Creating shared instance of singleton bean 'propertySourcesPlaceholderConfigurer'
2026-07-16T14:57:54.823-04:00 DEBUG 10320 --- [ms-venta] [main] o.s.b.f.s.DefaultListableBeanFactory     : Creating shared instance of singleton bean 'org.springframework.context.event.internalEventListenerProcessor'
2026-07-16T14:57:54.823-04:00 DEBUG 10320 --- [ms-venta] [main] o.s.b.f.s.DefaultListableBeanFactory     : Creating shared instance of singleton bean 'org.springframework.context.event.internalEventListenerFactory'
2026-07-16T14:57:54.823-04:00 DEBUG 10320 --- [ms-venta] [main] o.s.b.f.s.DefaultListableBeanFactory     : Creating shared instance of singleton bean 'org.springframework.context.annotation.internalAutowiredAnnotationProcessor'
2026-07-16T14:57:54.823-04:00 DEBUG 10320 --- [ms-venta] [main] o.s.b.f.s.DefaultListableBeanFactory     : Creating shared instance of singleton bean 'org.springframework.context.annotation.internalCommonAnnotationProcessor'
2026-07-16T14:57:54.823-04:00 DEBUG 10320 --- [ms-venta] [main] o.s.b.f.s.DefaultListableBeanFactory     : Creating shared instance of singleton bean 'org.springframework.context.annotation.internalPersistenceAnnotationProcessor'
2026-07-16T14:57:54.823-04:00 DEBUG 10320 --- [ms-venta] [main] o.s.b.f.s.DefaultListableBeanFactory     : Creating shared instance of singleton bean 'propertyPlaceholderAutoConfiguration'
2026-07-16T14:57:54.823-04:00 DEBUG 10320 --- [ms-venta] [main] o.s.b.f.s.DefaultListableBeanFactory     : Creating shared instance of singleton bean 'feignClientsConfiguration'
2026-07-16T14:57:54.823-04:00 DEBUG 10320 --- [ms-venta] [main] o.s.b.f.s.DefaultListableBeanFactory     : Creating shared instance of singleton bean 'spring.cloud.openfeign.client-org.springframework.cloud.openfeign.FeignClientProperties'
2026-07-16T14:57:54.839-04:00 DEBUG 10320 --- [ms-venta] [main] o.s.b.f.s.DefaultListableBeanFactory     : Creating shared instance of singleton bean 'spring.cloud.openfeign.encoder-org.springframework.cloud.openfeign.support.FeignEncoderProperties'
2026-07-16T14:57:54.839-04:00 DEBUG 10320 --- [ms-venta] [main] o.s.b.f.s.DefaultListableBeanFactory     : Creating shared instance of singleton bean 'org.springframework.cloud.openfeign.FeignClientsConfiguration$DefaultFeignBuilderConfiguration'
2026-07-16T14:57:54.839-04:00 DEBUG 10320 --- [ms-venta] [main] o.s.b.f.s.DefaultListableBeanFactory     : Creating shared instance of singleton bean 'org.springframework.cloud.openfeign.FeignClientsConfiguration$SpringDataConfiguration'
2026-07-16T14:57:54.839-04:00 DEBUG 10320 --- [ms-venta] [main] o.s.b.f.s.DefaultListableBeanFactory     : Creating shared instance of singleton bean 'spring.data.web-org.springframework.boot.data.autoconfigure.web.DataWebProperties'
2026-07-16T14:57:54.839-04:00 DEBUG 10320 --- [ms-venta] [main] o.s.b.f.s.DefaultListableBeanFactory     : Creating shared instance of singleton bean 'feignEncoderPageable'
2026-07-16T14:57:54.855-04:00 DEBUG 10320 --- [ms-venta] [main] o.s.b.f.s.DefaultListableBeanFactory     : Creating shared instance of singleton bean 'feignQueryMapEncoderPageable'
2026-07-16T14:57:54.855-04:00 DEBUG 10320 --- [ms-venta] [main] o.s.b.f.s.DefaultListableBeanFactory     : Creating shared instance of singleton bean 'feignHttpMessageConverters'
2026-07-16T14:57:54.855-04:00 DEBUG 10320 --- [ms-venta] [main] o.s.b.f.s.DefaultListableBeanFactory     : Creating shared instance of singleton bean 'feignDecoder'
2026-07-16T14:57:54.855-04:00 DEBUG 10320 --- [ms-venta] [main] o.s.b.f.s.DefaultListableBeanFactory     : Creating shared instance of singleton bean 'feignContract'
2026-07-16T14:57:54.855-04:00 DEBUG 10320 --- [ms-venta] [main] o.s.b.f.s.DefaultListableBeanFactory     : Creating shared instance of singleton bean 'feignConversionService'
2026-07-16T14:57:54.855-04:00 DEBUG 10320 --- [ms-venta] [main] o.s.b.f.s.DefaultListableBeanFactory     : Autowiring by type from bean name 'feignContract' via factory method to bean named 'feignConversionService'
2026-07-16T14:57:54.870-04:00 DEBUG 10320 --- [ms-venta] [main] o.s.b.f.s.DefaultListableBeanFactory     : Creating shared instance of singleton bean 'feignRetryer'
2026-07-16T14:57:54.870-04:00 DEBUG 10320 --- [ms-venta] [main] o.s.b.f.s.DefaultListableBeanFactory     : Creating shared instance of singleton bean 'feignLoggerFactory'
2026-07-16T14:57:54.870-04:00 DEBUG 10320 --- [ms-venta] [main] o.s.b.f.s.DefaultListableBeanFactory     : Creating shared instance of singleton bean 'feignClientConfigurer'
2026-07-16T14:57:54.870-04:00 DEBUG 10320 --- [ms-venta] [main] o.s.b.f.s.DefaultListableBeanFactory     : Creating shared instance of singleton bean 'mvcResourceUrlProvider'
2026-07-16T14:57:54.870-04:00 DEBUG 10320 --- [ms-venta] [main] o.s.b.f.s.DefaultListableBeanFactory     : Creating shared instance of singleton bean 'org.springframework.boot.webmvc.autoconfigure.WebMvcAutoConfiguration$EnableWebMvcConfiguration'
2026-07-16T14:57:54.886-04:00 DEBUG 10320 --- [ms-venta] [main] o.s.b.f.s.DefaultListableBeanFactory     : Creating shared instance of singleton bean 'spring.mvc-org.springframework.boot.webmvc.autoconfigure.WebMvcProperties'
2026-07-16T14:57:54.892-04:00 DEBUG 10320 --- [ms-venta] [main] o.s.b.f.s.DefaultListableBeanFactory     : Creating shared instance of singleton bean 'spring.web-org.springframework.boot.autoconfigure.web.WebProperties'
2026-07-16T14:57:54.892-04:00 DEBUG 10320 --- [ms-venta] [main] o.s.b.f.s.DefaultListableBeanFactory     : Autowiring by type from bean name 'org.springframework.boot.webmvc.autoconfigure.WebMvcAutoConfiguration$EnableWebMvcConfiguration' via constructor to bean named 'spring.mvc-org.springframework.boot.webmvc.autoconfigure.WebMvcProperties'
2026-07-16T14:57:54.892-04:00 DEBUG 10320 --- [ms-venta] [main] o.s.b.f.s.DefaultListableBeanFactory     : Autowiring by type from bean name 'org.springframework.boot.webmvc.autoconfigure.WebMvcAutoConfiguration$EnableWebMvcConfiguration' via constructor to bean named 'spring.web-org.springframework.boot.autoconfigure.web.WebProperties'
2026-07-16T14:57:54.892-04:00 DEBUG 10320 --- [ms-venta] [main] o.s.b.f.s.DefaultListableBeanFactory     : Autowiring by type from bean name 'org.springframework.boot.webmvc.autoconfigure.WebMvcAutoConfiguration$EnableWebMvcConfiguration' via constructor to bean named 'org.springframework.beans.factory.support.DefaultListableBeanFactory@4f3b5c60'
2026-07-16T14:57:54.892-04:00 DEBUG 10320 --- [ms-venta] [main] o.s.b.f.s.DefaultListableBeanFactory     : Creating shared instance of singleton bean 'org.springframework.boot.webmvc.autoconfigure.WebMvcAutoConfiguration$WebMvcAutoConfigurationAdapter'
2026-07-16T14:57:54.892-04:00 DEBUG 10320 --- [ms-venta] [main] o.s.b.f.s.DefaultListableBeanFactory     : Autowiring by type from bean name 'org.springframework.boot.webmvc.autoconfigure.WebMvcAutoConfiguration$WebMvcAutoConfigurationAdapter' via constructor to bean named 'spring.web-org.springframework.boot.autoconfigure.web.WebProperties'
2026-07-16T14:57:54.892-04:00 DEBUG 10320 --- [ms-venta] [main] o.s.b.f.s.DefaultListableBeanFactory     : Autowiring by type from bean name 'org.springframework.boot.webmvc.autoconfigure.WebMvcAutoConfiguration$WebMvcAutoConfigurationAdapter' via constructor to bean named 'spring.mvc-org.springframework.boot.webmvc.autoconfigure.WebMvcProperties'
2026-07-16T14:57:54.892-04:00 DEBUG 10320 --- [ms-venta] [main] o.s.b.f.s.DefaultListableBeanFactory     : Autowiring by type from bean name 'org.springframework.boot.webmvc.autoconfigure.WebMvcAutoConfiguration$WebMvcAutoConfigurationAdapter' via constructor to bean named 'org.springframework.beans.factory.support.DefaultListableBeanFactory@4f3b5c60'
2026-07-16T14:57:54.892-04:00 DEBUG 10320 --- [ms-venta] [main] o.s.b.f.s.DefaultListableBeanFactory     : Creating shared instance of singleton bean 'resourceHandlerRegistrationCustomizer'
2026-07-16T14:57:54.892-04:00 DEBUG 10320 --- [ms-venta] [main] o.s.b.f.s.DefaultListableBeanFactory     : Creating shared instance of singleton bean 'org.springframework.boot.webmvc.autoconfigure.WebMvcAutoConfiguration$ResourceChainCustomizerConfiguration'
2026-07-16T14:57:54.892-04:00 DEBUG 10320 --- [ms-venta] [main] o.s.b.f.s.DefaultListableBeanFactory     : Autowiring by type from bean name 'resourceHandlerRegistrationCustomizer' via factory method to bean named 'spring.web-org.springframework.boot.autoconfigure.web.WebProperties'
2026-07-16T14:57:54.892-04:00 DEBUG 10320 --- [ms-venta] [main] o.s.b.f.s.DefaultListableBeanFactory     : Creating shared instance of singleton bean 'swaggerWebMvcConfigurer'
2026-07-16T14:57:54.892-04:00 DEBUG 10320 --- [ms-venta] [main] o.s.b.f.s.DefaultListableBeanFactory     : Creating shared instance of singleton bean 'org.springdoc.webmvc.ui.SwaggerConfig'
2026-07-16T14:57:54.902-04:00 DEBUG 10320 --- [ms-venta] [main] o.s.b.f.s.DefaultListableBeanFactory     : Creating shared instance of singleton bean 'org.springdoc.core.properties.SwaggerUiConfigProperties'
2026-07-16T14:57:54.916-04:00 DEBUG 10320 --- [ms-venta] [main] o.s.b.f.s.DefaultListableBeanFactory     : Creating shared instance of singleton bean 'indexPageTransformer'
2026-07-16T14:57:54.918-04:00 DEBUG 10320 --- [ms-venta] [main] o.s.b.f.s.DefaultListableBeanFactory     : Creating shared instance of singleton bean 'org.springdoc.core.properties.SwaggerUiOAuthProperties'
2026-07-16T14:57:54.918-04:00 DEBUG 10320 --- [ms-venta] [main] o.s.b.f.s.DefaultListableBeanFactory     : Creating shared instance of singleton bean 'swaggerWelcome'
2026-07-16T14:57:54.921-04:00 DEBUG 10320 --- [ms-venta] [main] o.s.b.f.s.DefaultListableBeanFactory     : Creating shared instance of singleton bean 'org.springdoc.core.properties.SpringDocConfigProperties'
2026-07-16T14:57:54.926-04:00 DEBUG 10320 --- [ms-venta] [main] o.s.b.f.s.DefaultListableBeanFactory     : Autowiring by type from bean name 'swaggerWelcome' via factory method to bean named 'org.springdoc.core.properties.SwaggerUiConfigProperties'
2026-07-16T14:57:54.926-04:00 DEBUG 10320 --- [ms-venta] [main] o.s.b.f.s.DefaultListableBeanFactory     : Autowiring by type from bean name 'swaggerWelcome' via factory method to bean named 'org.springdoc.core.properties.SpringDocConfigProperties'
2026-07-16T14:57:54.934-04:00 DEBUG 10320 --- [ms-venta] [main] o.s.b.f.s.DefaultListableBeanFactory     : Creating shared instance of singleton bean 'springdocObjectMapperProvider'
2026-07-16T14:57:54.934-04:00 DEBUG 10320 --- [ms-venta] [main] o.s.b.f.s.DefaultListableBeanFactory     : Creating shared instance of singleton bean 'org.springdoc.core.configuration.SpringDocConfiguration'
2026-07-16T14:57:54.942-04:00 DEBUG 10320 --- [ms-venta] [main] o.s.b.f.s.DefaultListableBeanFactory     : Autowiring by type from bean name 'springdocObjectMapperProvider' via factory method to bean named 'org.springdoc.core.properties.SpringDocConfigProperties'
2026-07-16T14:57:54.993-04:00 DEBUG 10320 --- [ms-venta] [main] o.s.b.f.s.DefaultListableBeanFactory     : Autowiring by type from bean name 'indexPageTransformer' via factory method to bean named 'org.springdoc.core.properties.SwaggerUiConfigProperties'
2026-07-16T14:57:54.993-04:00 DEBUG 10320 --- [ms-venta] [main] o.s.b.f.s.DefaultListableBeanFactory     : Autowiring by type from bean name 'indexPageTransformer' via factory method to bean named 'org.springdoc.core.properties.SwaggerUiOAuthProperties'
2026-07-16T14:57:54.993-04:00 DEBUG 10320 --- [ms-venta] [main] o.s.b.f.s.DefaultListableBeanFactory     : Autowiring by type from bean name 'indexPageTransformer' via factory method to bean named 'swaggerWelcome'
2026-07-16T14:57:54.993-04:00 DEBUG 10320 --- [ms-venta] [main] o.s.b.f.s.DefaultListableBeanFactory     : Autowiring by type from bean name 'indexPageTransformer' via factory method to bean named 'springdocObjectMapperProvider'
2026-07-16T14:57:54.995-04:00 DEBUG 10320 --- [ms-venta] [main] o.s.b.f.s.DefaultListableBeanFactory     : Creating shared instance of singleton bean 'swaggerResourceResolver'
2026-07-16T14:57:54.995-04:00 DEBUG 10320 --- [ms-venta] [main] o.s.b.f.s.DefaultListableBeanFactory     : Autowiring by type from bean name 'swaggerResourceResolver' via factory method to bean named 'org.springdoc.core.properties.SwaggerUiConfigProperties'
2026-07-16T14:57:55.005-04:00 DEBUG 10320 --- [ms-venta] [main] o.s.b.f.s.DefaultListableBeanFactory     : Autowiring by type from bean name 'swaggerWebMvcConfigurer' via factory method to bean named 'org.springdoc.core.properties.SwaggerUiConfigProperties'
2026-07-16T14:57:55.005-04:00 DEBUG 10320 --- [ms-venta] [main] o.s.b.f.s.DefaultListableBeanFactory     : Autowiring by type from bean name 'swaggerWebMvcConfigurer' via factory method to bean named 'spring.web-org.springframework.boot.autoconfigure.web.WebProperties'
2026-07-16T14:57:55.005-04:00 DEBUG 10320 --- [ms-venta] [main] o.s.b.f.s.DefaultListableBeanFactory     : Autowiring by type from bean name 'swaggerWebMvcConfigurer' via factory method to bean named 'spring.mvc-org.springframework.boot.webmvc.autoconfigure.WebMvcProperties'
2026-07-16T14:57:55.005-04:00 DEBUG 10320 --- [ms-venta] [main] o.s.b.f.s.DefaultListableBeanFactory     : Autowiring by type from bean name 'swaggerWebMvcConfigurer' via factory method to bean named 'indexPageTransformer'
2026-07-16T14:57:55.005-04:00 DEBUG 10320 --- [ms-venta] [main] o.s.b.f.s.DefaultListableBeanFactory     : Autowiring by type from bean name 'swaggerWebMvcConfigurer' via factory method to bean named 'swaggerResourceResolver'
2026-07-16T14:57:55.005-04:00 DEBUG 10320 --- [ms-venta] [main] o.s.b.f.s.DefaultListableBeanFactory     : Autowiring by type from bean name 'swaggerWebMvcConfigurer' via factory method to bean named 'swaggerWelcome'
2026-07-16T14:57:55.007-04:00 DEBUG 10320 --- [ms-venta] [main] o.s.b.f.s.DefaultListableBeanFactory     : Creating shared instance of singleton bean 'openEntityManagerInViewInterceptorConfigurer'
2026-07-16T14:57:55.007-04:00 DEBUG 10320 --- [ms-venta] [main] o.s.b.f.s.DefaultListableBeanFactory     : Creating shared instance of singleton bean 'org.springframework.boot.jpa.autoconfigure.JpaBaseConfiguration$JpaWebConfiguration'
2026-07-16T14:57:55.007-04:00 DEBUG 10320 --- [ms-venta] [main] o.s.b.f.s.DefaultListableBeanFactory     : Autowiring by type from bean name 'org.springframework.boot.jpa.autoconfigure.JpaBaseConfiguration$JpaWebConfiguration' via constructor to bean named 'spring.jpa-org.springframework.boot.jpa.autoconfigure.JpaProperties'
2026-07-16T14:57:55.007-04:00 DEBUG 10320 --- [ms-venta] [main] o.s.b.f.s.DefaultListableBeanFactory     : Creating shared instance of singleton bean 'openEntityManagerInViewInterceptor'
2026-07-16T14:57:55.007-04:00  WARN 10320 --- [ms-venta] [main] JpaBaseConfiguration$JpaWebConfiguration : spring.jpa.open-in-view is enabled by default. Therefore, database queries may be performed during view rendering. Explicitly configure spring.jpa.open-in-view to disable this warning
2026-07-16T14:57:55.007-04:00 DEBUG 10320 --- [ms-venta] [main] o.s.b.f.s.DefaultListableBeanFactory     : Autowiring by type from bean name 'openEntityManagerInViewInterceptorConfigurer' via factory method to bean named 'openEntityManagerInViewInterceptor'
2026-07-16T14:57:55.021-04:00 DEBUG 10320 --- [ms-venta] [main] o.s.b.f.s.DefaultListableBeanFactory     : Creating shared instance of singleton bean 'org.springframework.data.web.config.SpringDataWebConfiguration'
2026-07-16T14:57:55.023-04:00 DEBUG 10320 --- [ms-venta] [main] o.s.b.f.s.DefaultListableBeanFactory     : Autowiring by type from bean name 'org.springframework.data.web.config.SpringDataWebConfiguration' via constructor to bean named 'org.springframework.web.context.support.GenericWebApplicationContext@24e95bd4'
2026-07-16T14:57:55.023-04:00 DEBUG 10320 --- [ms-venta] [main] o.s.b.f.s.DefaultListableBeanFactory     : Creating shared instance of singleton bean 'org.springframework.cloud.commons.security.ResourceServerTokenRelayAutoConfiguration$ResourceServerTokenRelayRegistrationAutoConfiguration'
2026-07-16T14:57:55.023-04:00 DEBUG 10320 --- [ms-venta] [main] o.s.b.f.s.DefaultListableBeanFactory     : Creating shared instance of singleton bean 'refreshEventListener'
2026-07-16T14:57:55.023-04:00 DEBUG 10320 --- [ms-venta] [main] o.s.b.f.s.DefaultListableBeanFactory     : Creating shared instance of singleton bean 'org.springframework.cloud.autoconfigure.RefreshAutoConfiguration'
2026-07-16T14:57:55.029-04:00 DEBUG 10320 --- [ms-venta] [main] o.s.b.f.s.DefaultListableBeanFactory     : Creating shared instance of singleton bean 'configDataContextRefresher'
2026-07-16T14:57:55.029-04:00 DEBUG 10320 --- [ms-venta] [main] o.s.b.f.s.DefaultListableBeanFactory     : Creating shared instance of singleton bean 'spring.cloud.refresh-org.springframework.cloud.autoconfigure.RefreshAutoConfiguration$RefreshProperties'
2026-07-16T14:57:55.029-04:00 DEBUG 10320 --- [ms-venta] [main] o.s.b.f.s.DefaultListableBeanFactory     : Autowiring by type from bean name 'configDataContextRefresher' via factory method to bean named 'org.springframework.web.context.support.GenericWebApplicationContext@24e95bd4'
2026-07-16T14:57:55.029-04:00 DEBUG 10320 --- [ms-venta] [main] o.s.b.f.s.DefaultListableBeanFactory     : Autowiring by type from bean name 'configDataContextRefresher' via factory method to bean named 'refreshScope'
2026-07-16T14:57:55.029-04:00 DEBUG 10320 --- [ms-venta] [main] o.s.b.f.s.DefaultListableBeanFactory     : Autowiring by type from bean name 'configDataContextRefresher' via factory method to bean named 'spring.cloud.refresh-org.springframework.cloud.autoconfigure.RefreshAutoConfiguration$RefreshProperties'
2026-07-16T14:57:55.037-04:00 DEBUG 10320 --- [ms-venta] [main] o.s.b.f.s.DefaultListableBeanFactory     : Autowiring by type from bean name 'refreshEventListener' via factory method to bean named 'configDataContextRefresher'
2026-07-16T14:57:55.038-04:00 DEBUG 10320 --- [ms-venta] [main] o.s.b.f.s.DefaultListableBeanFactory     : Creating shared instance of singleton bean 'eurekaAutoServiceRegistration'
2026-07-16T14:57:55.038-04:00 DEBUG 10320 --- [ms-venta] [main] o.s.b.f.s.DefaultListableBeanFactory     : Creating shared instance of singleton bean 'org.springframework.cloud.netflix.eureka.EurekaClientAutoConfiguration'
2026-07-16T14:57:55.038-04:00 DEBUG 10320 --- [ms-venta] [main] o.s.b.f.s.DefaultListableBeanFactory     : Autowiring by type from bean name 'org.springframework.cloud.netflix.eureka.EurekaClientAutoConfiguration' via constructor to bean named 'environment'
2026-07-16T14:57:55.038-04:00 DEBUG 10320 --- [ms-venta] [main] o.s.b.f.s.DefaultListableBeanFactory     : Creating shared instance of singleton bean 'eurekaServiceRegistry'
2026-07-16T14:57:55.038-04:00 DEBUG 10320 --- [ms-venta] [main] o.s.b.f.s.DefaultListableBeanFactory     : Creating shared instance of singleton bean 'eurekaInstanceConfigBean'
2026-07-16T14:57:55.038-04:00 DEBUG 10320 --- [ms-venta] [main] o.s.b.f.s.DefaultListableBeanFactory     : Creating shared instance of singleton bean 'inetUtils'
2026-07-16T14:57:55.038-04:00 DEBUG 10320 --- [ms-venta] [main] o.s.b.f.s.DefaultListableBeanFactory     : Creating shared instance of singleton bean 'org.springframework.cloud.commons.util.UtilAutoConfiguration'
2026-07-16T14:57:55.045-04:00 DEBUG 10320 --- [ms-venta] [main] o.s.b.f.s.DefaultListableBeanFactory     : Creating shared instance of singleton bean 'inetUtilsProperties'
2026-07-16T14:57:55.045-04:00 DEBUG 10320 --- [ms-venta] [main] o.s.b.f.s.DefaultListableBeanFactory     : Autowiring by type from bean name 'inetUtils' via factory method to bean named 'inetUtilsProperties'
2026-07-16T14:57:55.054-04:00 DEBUG 10320 --- [ms-venta] [main] o.s.b.f.s.DefaultListableBeanFactory     : Creating shared instance of singleton bean 'serviceManagementMetadataProvider'
2026-07-16T14:57:55.054-04:00 DEBUG 10320 --- [ms-venta] [main] o.s.b.f.s.DefaultListableBeanFactory     : Autowiring by type from bean name 'eurekaInstanceConfigBean' via factory method to bean named 'inetUtils'
2026-07-16T14:57:55.054-04:00 DEBUG 10320 --- [ms-venta] [main] o.s.b.f.s.DefaultListableBeanFactory     : Autowiring by type from bean name 'eurekaInstanceConfigBean' via factory method to bean named 'serviceManagementMetadataProvider'
2026-07-16T14:57:55.070-04:00 DEBUG 10320 --- [ms-venta] [main] .n.e.m.DefaultManagementMetadataProvider : Constructed eureka meta-data healthcheckUrl: http://Tititi:8086/actuator/health
2026-07-16T14:57:55.070-04:00 DEBUG 10320 --- [ms-venta] [main] .n.e.m.DefaultManagementMetadataProvider : Constructed eureka meta-data statusPageUrl: http://Tititi:8086/actuator/info
2026-07-16T14:57:55.077-04:00 DEBUG 10320 --- [ms-venta] [main] o.s.b.f.s.DefaultListableBeanFactory     : Autowiring by type from bean name 'eurekaServiceRegistry' via factory method to bean named 'eurekaInstanceConfigBean'
2026-07-16T14:57:55.088-04:00 DEBUG 10320 --- [ms-venta] [main] o.s.b.f.s.DefaultListableBeanFactory     : Creating shared instance of singleton bean 'eurekaRegistration'
2026-07-16T14:57:55.240-04:00 DEBUG 10320 --- [ms-venta] [main] o.s.b.f.s.DefaultListableBeanFactory     : Autowiring by type from bean name 'eurekaAutoServiceRegistration' via factory method to bean named 'org.springframework.web.context.support.GenericWebApplicationContext@24e95bd4'
2026-07-16T14:57:55.240-04:00 DEBUG 10320 --- [ms-venta] [main] o.s.b.f.s.DefaultListableBeanFactory     : Autowiring by type from bean name 'eurekaAutoServiceRegistration' via factory method to bean named 'eurekaServiceRegistry'
2026-07-16T14:57:55.240-04:00 DEBUG 10320 --- [ms-venta] [main] o.s.b.f.s.DefaultListableBeanFactory     : Autowiring by type from bean name 'eurekaAutoServiceRegistration' via factory method to bean named 'eurekaRegistration'
2026-07-16T14:57:55.249-04:00 DEBUG 10320 --- [ms-venta] [main] o.s.b.f.s.DefaultListableBeanFactory     : Autowiring by type from bean name 'feignBuilder' via factory method to bean named 'feignRetryer'
2026-07-16T14:57:55.269-04:00 DEBUG 10320 --- [ms-venta] [main] o.s.b.f.s.DefaultListableBeanFactory     : Creating shared instance of singleton bean 'feignClient'
2026-07-16T14:57:55.269-04:00 DEBUG 10320 --- [ms-venta] [main] o.s.b.f.s.DefaultListableBeanFactory     : Creating shared instance of singleton bean 'org.springframework.cloud.openfeign.loadbalancer.DefaultFeignLoadBalancerConfiguration'
2026-07-16T14:57:55.269-04:00 DEBUG 10320 --- [ms-venta] [main] o.s.b.f.s.DefaultListableBeanFactory     : Creating shared instance of singleton bean 'blockingLoadBalancerClient'
2026-07-16T14:57:55.269-04:00 DEBUG 10320 --- [ms-venta] [main] o.s.b.f.s.DefaultListableBeanFactory     : Creating shared instance of singleton bean 'org.springframework.cloud.loadbalancer.config.BlockingLoadBalancerClientAutoConfiguration'
2026-07-16T14:57:55.271-04:00 DEBUG 10320 --- [ms-venta] [main] o.s.b.f.s.DefaultListableBeanFactory     : Creating shared instance of singleton bean 'loadBalancerClientFactory'
2026-07-16T14:57:55.271-04:00 DEBUG 10320 --- [ms-venta] [main] o.s.b.f.s.DefaultListableBeanFactory     : Creating shared instance of singleton bean 'org.springframework.cloud.loadbalancer.config.LoadBalancerAutoConfiguration'
2026-07-16T14:57:55.271-04:00 DEBUG 10320 --- [ms-venta] [main] o.s.b.f.s.DefaultListableBeanFactory     : Creating shared instance of singleton bean 'spring.cloud.loadbalancer-org.springframework.cloud.client.loadbalancer.LoadBalancerClientsProperties'
2026-07-16T14:57:55.277-04:00 DEBUG 10320 --- [ms-venta] [main] o.s.b.f.s.DefaultListableBeanFactory     : Autowiring by type from bean name 'loadBalancerClientFactory' via factory method to bean named 'spring.cloud.loadbalancer-org.springframework.cloud.client.loadbalancer.LoadBalancerClientsProperties'
2026-07-16T14:57:55.277-04:00 DEBUG 10320 --- [ms-venta] [main] o.s.b.f.s.DefaultListableBeanFactory     : Creating shared instance of singleton bean 'default.org.springframework.cloud.loadbalancer.config.LoadBalancerAutoConfiguration.LoadBalancerClientSpecification'
2026-07-16T14:57:55.277-04:00 DEBUG 10320 --- [ms-venta] [main] o.s.b.f.s.DefaultListableBeanFactory     : Creating shared instance of singleton bean 'default.org.springframework.cloud.loadbalancer.config.BlockingLoadBalancerClientAutoConfiguration.LoadBalancerClientSpecification'
2026-07-16T14:57:55.285-04:00 DEBUG 10320 --- [ms-venta] [main] o.s.b.f.s.DefaultListableBeanFactory     : Creating shared instance of singleton bean 'default.org.springframework.cloud.netflix.eureka.loadbalancer.LoadBalancerEurekaAutoConfiguration.LoadBalancerClientSpecification'
2026-07-16T14:57:55.286-04:00 DEBUG 10320 --- [ms-venta] [main] o.s.b.f.s.DefaultListableBeanFactory     : Autowiring by type from bean name 'blockingLoadBalancerClient' via factory method to bean named 'loadBalancerClientFactory'
2026-07-16T14:57:55.293-04:00 DEBUG 10320 --- [ms-venta] [main] o.s.b.f.s.DefaultListableBeanFactory     : Creating shared instance of singleton bean 'xForwarderHeadersFeignTransformer'
2026-07-16T14:57:55.293-04:00 DEBUG 10320 --- [ms-venta] [main] o.s.b.f.s.DefaultListableBeanFactory     : Creating shared instance of singleton bean 'org.springframework.cloud.openfeign.loadbalancer.FeignLoadBalancerAutoConfiguration'
2026-07-16T14:57:55.293-04:00 DEBUG 10320 --- [ms-venta] [main] o.s.b.f.s.DefaultListableBeanFactory     : Autowiring by type from bean name 'xForwarderHeadersFeignTransformer' via factory method to bean named 'loadBalancerClientFactory'
2026-07-16T14:57:55.293-04:00 DEBUG 10320 --- [ms-venta] [main] o.s.b.f.s.DefaultListableBeanFactory     : Autowiring by type from bean name 'feignClient' via factory method to bean named 'blockingLoadBalancerClient'
2026-07-16T14:57:55.293-04:00 DEBUG 10320 --- [ms-venta] [main] o.s.b.f.s.DefaultListableBeanFactory     : Autowiring by type from bean name 'feignClient' via factory method to bean named 'loadBalancerClientFactory'
2026-07-16T14:57:55.293-04:00 DEBUG 10320 --- [ms-venta] [main] o.s.b.f.s.DefaultListableBeanFactory     : Autowiring by type from bean name 'feignClient' via factory method to bean named 'xForwarderHeadersFeignTransformer'
2026-07-16T14:57:55.298-04:00 DEBUG 10320 --- [ms-venta] [main] o.s.b.f.s.DefaultListableBeanFactory     : Creating shared instance of singleton bean 'feignTargeter'
2026-07-16T14:57:55.298-04:00 DEBUG 10320 --- [ms-venta] [main] o.s.b.f.s.DefaultListableBeanFactory     : Creating shared instance of singleton bean 'org.springframework.cloud.openfeign.FeignAutoConfiguration$DefaultFeignTargeterConfiguration'
2026-07-16T14:57:55.327-04:00 DEBUG 10320 --- [ms-venta] [main] o.s.b.f.s.DefaultListableBeanFactory     : Creating shared instance of singleton bean 'com.pharmanet.venta_service.client.ProductoFeignClient'
2026-07-16T14:57:55.327-04:00 DEBUG 10320 --- [ms-venta] [main] o.s.c.openfeign.FeignClientFactoryBean   : Creating a FeignClientFactoryBean.
2026-07-16T14:57:55.327-04:00 DEBUG 10320 --- [ms-venta] [main] s.c.a.AnnotationConfigApplicationContext : Refreshing FeignClientFactory-producto-service
2026-07-16T14:57:55.327-04:00 DEBUG 10320 --- [ms-venta] [main] o.s.b.f.s.DefaultListableBeanFactory     : Creating shared instance of singleton bean 'org.springframework.context.annotation.internalConfigurationAnnotationProcessor'
2026-07-16T14:57:55.340-04:00 DEBUG 10320 --- [ms-venta] [main] o.s.b.f.s.DefaultListableBeanFactory     : Creating shared instance of singleton bean 'propertySourcesPlaceholderConfigurer'
2026-07-16T14:57:55.340-04:00 DEBUG 10320 --- [ms-venta] [main] o.s.b.f.s.DefaultListableBeanFactory     : Creating shared instance of singleton bean 'org.springframework.context.event.internalEventListenerProcessor'
2026-07-16T14:57:55.340-04:00 DEBUG 10320 --- [ms-venta] [main] o.s.b.f.s.DefaultListableBeanFactory     : Creating shared instance of singleton bean 'org.springframework.context.event.internalEventListenerFactory'
2026-07-16T14:57:55.340-04:00 DEBUG 10320 --- [ms-venta] [main] o.s.b.f.s.DefaultListableBeanFactory     : Creating shared instance of singleton bean 'org.springframework.context.annotation.internalAutowiredAnnotationProcessor'
2026-07-16T14:57:55.340-04:00 DEBUG 10320 --- [ms-venta] [main] o.s.b.f.s.DefaultListableBeanFactory     : Creating shared instance of singleton bean 'org.springframework.context.annotation.internalCommonAnnotationProcessor'
2026-07-16T14:57:55.340-04:00 DEBUG 10320 --- [ms-venta] [main] o.s.b.f.s.DefaultListableBeanFactory     : Creating shared instance of singleton bean 'org.springframework.context.annotation.internalPersistenceAnnotationProcessor'
2026-07-16T14:57:55.346-04:00 DEBUG 10320 --- [ms-venta] [main] o.s.b.f.s.DefaultListableBeanFactory     : Creating shared instance of singleton bean 'propertyPlaceholderAutoConfiguration'
2026-07-16T14:57:55.346-04:00 DEBUG 10320 --- [ms-venta] [main] o.s.b.f.s.DefaultListableBeanFactory     : Creating shared instance of singleton bean 'feignClientsConfiguration'
2026-07-16T14:57:55.346-04:00 DEBUG 10320 --- [ms-venta] [main] o.s.b.f.s.DefaultListableBeanFactory     : Creating shared instance of singleton bean 'org.springframework.cloud.openfeign.FeignClientsConfiguration$DefaultFeignBuilderConfiguration'
2026-07-16T14:57:55.346-04:00 DEBUG 10320 --- [ms-venta] [main] o.s.b.f.s.DefaultListableBeanFactory     : Creating shared instance of singleton bean 'org.springframework.cloud.openfeign.FeignClientsConfiguration$SpringDataConfiguration'
2026-07-16T14:57:55.346-04:00 DEBUG 10320 --- [ms-venta] [main] o.s.b.f.s.DefaultListableBeanFactory     : Creating shared instance of singleton bean 'feignEncoderPageable'
2026-07-16T14:57:55.346-04:00 DEBUG 10320 --- [ms-venta] [main] o.s.b.f.s.DefaultListableBeanFactory     : Creating shared instance of singleton bean 'feignQueryMapEncoderPageable'
2026-07-16T14:57:55.346-04:00 DEBUG 10320 --- [ms-venta] [main] o.s.b.f.s.DefaultListableBeanFactory     : Creating shared instance of singleton bean 'feignHttpMessageConverters'
2026-07-16T14:57:55.346-04:00 DEBUG 10320 --- [ms-venta] [main] o.s.b.f.s.DefaultListableBeanFactory     : Creating shared instance of singleton bean 'feignDecoder'
2026-07-16T14:57:55.346-04:00 DEBUG 10320 --- [ms-venta] [main] o.s.b.f.s.DefaultListableBeanFactory     : Creating shared instance of singleton bean 'feignContract'
2026-07-16T14:57:55.346-04:00 DEBUG 10320 --- [ms-venta] [main] o.s.b.f.s.DefaultListableBeanFactory     : Creating shared instance of singleton bean 'feignConversionService'
2026-07-16T14:57:55.346-04:00 DEBUG 10320 --- [ms-venta] [main] o.s.b.f.s.DefaultListableBeanFactory     : Autowiring by type from bean name 'feignContract' via factory method to bean named 'feignConversionService'
2026-07-16T14:57:55.346-04:00 DEBUG 10320 --- [ms-venta] [main] o.s.b.f.s.DefaultListableBeanFactory     : Creating shared instance of singleton bean 'feignRetryer'
2026-07-16T14:57:55.346-04:00 DEBUG 10320 --- [ms-venta] [main] o.s.b.f.s.DefaultListableBeanFactory     : Creating shared instance of singleton bean 'feignLoggerFactory'
2026-07-16T14:57:55.346-04:00 DEBUG 10320 --- [ms-venta] [main] o.s.b.f.s.DefaultListableBeanFactory     : Creating shared instance of singleton bean 'feignClientConfigurer'
2026-07-16T14:57:55.346-04:00 DEBUG 10320 --- [ms-venta] [main] o.s.b.f.s.DefaultListableBeanFactory     : Autowiring by type from bean name 'feignBuilder' via factory method to bean named 'feignRetryer'
2026-07-16T14:57:55.355-04:00 DEBUG 10320 --- [ms-venta] [main] o.s.b.f.s.DefaultListableBeanFactory     : Creating shared instance of singleton bean 'com.pharmanet.venta_service.client.UsuarioFeignClient'
2026-07-16T14:57:55.355-04:00 DEBUG 10320 --- [ms-venta] [main] o.s.c.openfeign.FeignClientFactoryBean   : Creating a FeignClientFactoryBean.
2026-07-16T14:57:55.356-04:00 DEBUG 10320 --- [ms-venta] [main] s.c.a.AnnotationConfigApplicationContext : Refreshing FeignClientFactory-usuario-service
2026-07-16T14:57:55.356-04:00 DEBUG 10320 --- [ms-venta] [main] o.s.b.f.s.DefaultListableBeanFactory     : Creating shared instance of singleton bean 'org.springframework.context.annotation.internalConfigurationAnnotationProcessor'
2026-07-16T14:57:55.367-04:00 DEBUG 10320 --- [ms-venta] [main] o.s.b.f.s.DefaultListableBeanFactory     : Creating shared instance of singleton bean 'propertySourcesPlaceholderConfigurer'
2026-07-16T14:57:55.367-04:00 DEBUG 10320 --- [ms-venta] [main] o.s.b.f.s.DefaultListableBeanFactory     : Creating shared instance of singleton bean 'org.springframework.context.event.internalEventListenerProcessor'
2026-07-16T14:57:55.367-04:00 DEBUG 10320 --- [ms-venta] [main] o.s.b.f.s.DefaultListableBeanFactory     : Creating shared instance of singleton bean 'org.springframework.context.event.internalEventListenerFactory'
2026-07-16T14:57:55.367-04:00 DEBUG 10320 --- [ms-venta] [main] o.s.b.f.s.DefaultListableBeanFactory     : Creating shared instance of singleton bean 'org.springframework.context.annotation.internalAutowiredAnnotationProcessor'
2026-07-16T14:57:55.369-04:00 DEBUG 10320 --- [ms-venta] [main] o.s.b.f.s.DefaultListableBeanFactory     : Creating shared instance of singleton bean 'org.springframework.context.annotation.internalCommonAnnotationProcessor'
2026-07-16T14:57:55.369-04:00 DEBUG 10320 --- [ms-venta] [main] o.s.b.f.s.DefaultListableBeanFactory     : Creating shared instance of singleton bean 'org.springframework.context.annotation.internalPersistenceAnnotationProcessor'
2026-07-16T14:57:55.369-04:00 DEBUG 10320 --- [ms-venta] [main] o.s.b.f.s.DefaultListableBeanFactory     : Creating shared instance of singleton bean 'propertyPlaceholderAutoConfiguration'
2026-07-16T14:57:55.369-04:00 DEBUG 10320 --- [ms-venta] [main] o.s.b.f.s.DefaultListableBeanFactory     : Creating shared instance of singleton bean 'feignClientsConfiguration'
2026-07-16T14:57:55.369-04:00 DEBUG 10320 --- [ms-venta] [main] o.s.b.f.s.DefaultListableBeanFactory     : Creating shared instance of singleton bean 'org.springframework.cloud.openfeign.FeignClientsConfiguration$DefaultFeignBuilderConfiguration'
2026-07-16T14:57:55.369-04:00 DEBUG 10320 --- [ms-venta] [main] o.s.b.f.s.DefaultListableBeanFactory     : Creating shared instance of singleton bean 'org.springframework.cloud.openfeign.FeignClientsConfiguration$SpringDataConfiguration'
2026-07-16T14:57:55.369-04:00 DEBUG 10320 --- [ms-venta] [main] o.s.b.f.s.DefaultListableBeanFactory     : Creating shared instance of singleton bean 'feignEncoderPageable'
2026-07-16T14:57:55.369-04:00 DEBUG 10320 --- [ms-venta] [main] o.s.b.f.s.DefaultListableBeanFactory     : Creating shared instance of singleton bean 'feignQueryMapEncoderPageable'
2026-07-16T14:57:55.371-04:00 DEBUG 10320 --- [ms-venta] [main] o.s.b.f.s.DefaultListableBeanFactory     : Creating shared instance of singleton bean 'feignHttpMessageConverters'
2026-07-16T14:57:55.371-04:00 DEBUG 10320 --- [ms-venta] [main] o.s.b.f.s.DefaultListableBeanFactory     : Creating shared instance of singleton bean 'feignDecoder'
2026-07-16T14:57:55.372-04:00 DEBUG 10320 --- [ms-venta] [main] o.s.b.f.s.DefaultListableBeanFactory     : Creating shared instance of singleton bean 'feignContract'
2026-07-16T14:57:55.372-04:00 DEBUG 10320 --- [ms-venta] [main] o.s.b.f.s.DefaultListableBeanFactory     : Creating shared instance of singleton bean 'feignConversionService'
2026-07-16T14:57:55.372-04:00 DEBUG 10320 --- [ms-venta] [main] o.s.b.f.s.DefaultListableBeanFactory     : Autowiring by type from bean name 'feignContract' via factory method to bean named 'feignConversionService'
2026-07-16T14:57:55.373-04:00 DEBUG 10320 --- [ms-venta] [main] o.s.b.f.s.DefaultListableBeanFactory     : Creating shared instance of singleton bean 'feignRetryer'
2026-07-16T14:57:55.373-04:00 DEBUG 10320 --- [ms-venta] [main] o.s.b.f.s.DefaultListableBeanFactory     : Creating shared instance of singleton bean 'feignLoggerFactory'
2026-07-16T14:57:55.373-04:00 DEBUG 10320 --- [ms-venta] [main] o.s.b.f.s.DefaultListableBeanFactory     : Creating shared instance of singleton bean 'feignClientConfigurer'
2026-07-16T14:57:55.373-04:00 DEBUG 10320 --- [ms-venta] [main] o.s.b.f.s.DefaultListableBeanFactory     : Autowiring by type from bean name 'feignBuilder' via factory method to bean named 'feignRetryer'
2026-07-16T14:57:55.373-04:00 DEBUG 10320 --- [ms-venta] [main] o.s.b.f.s.DefaultListableBeanFactory     : Creating shared instance of singleton bean 'ventaRepository'
2026-07-16T14:57:55.379-04:00 DEBUG 10320 --- [ms-venta] [main] o.s.b.f.s.DefaultListableBeanFactory     : Creating shared instance of singleton bean 'jpa.named-queries#1'
2026-07-16T14:57:55.379-04:00 DEBUG 10320 --- [ms-venta] [main] o.s.b.f.s.DefaultListableBeanFactory     : Creating shared instance of singleton bean 'jpa.VentaRepository.fragments#0'
2026-07-16T14:57:55.390-04:00 DEBUG 10320 --- [ms-venta] [main] o.s.b.f.s.DefaultListableBeanFactory     : Creating shared instance of singleton bean 'jpaSharedEM_entityManagerFactory'
2026-07-16T14:57:55.397-04:00 DEBUG 10320 --- [ms-venta] [main] o.s.b.f.s.DefaultListableBeanFactory     : Creating shared instance of singleton bean 'jpaMappingContext'
2026-07-16T14:57:55.397-04:00 DEBUG 10320 --- [ms-venta] [main] .c.JpaMetamodelMappingContextFactoryBean : Initializing JpaMetamodelMappingContext…
2026-07-16T14:57:55.429-04:00 DEBUG 10320 --- [ms-venta] [main] .c.JpaMetamodelMappingContextFactoryBean : Finished initializing JpaMetamodelMappingContext
2026-07-16T14:57:55.460-04:00  INFO 10320 --- [ms-venta] [main] o.s.d.j.r.query.QueryEnhancerFactories   : Hibernate is in classpath; If applicable, HQL parser will be used.
2026-07-16T14:57:55.536-04:00 DEBUG 10320 --- [ms-venta] [main] o.s.d.r.c.s.RepositoryFactorySupport     : Initializing repository instance for com.pharmanet.venta_service.repository.VentaRepository…
2026-07-16T14:57:55.611-04:00 DEBUG 10320 --- [ms-venta] [main] o.s.d.jpa.repository.query.NamedQuery    : Looking up named query 'Venta.findByFechaVentaBetween'
2026-07-16T14:57:55.612-04:00 DEBUG 10320 --- [ms-venta] [main] org.hibernate.orm.core                   : HHH006588: Opening session [tenant=null]
2026-07-16T14:57:55.680-04:00 DEBUG 10320 --- [ms-venta] [main] org.hibernate.session.metrics            : HHH000401: Logging session metrics:
	0 ns acquiring 0 JDBC connections
	0 ns releasing 0 JDBC connections
	0 ns preparing 0 JDBC statements
	0 ns executing 0 JDBC statements
	0 ns executing 0 JDBC batches
	0 ns performing 0 second-level cache puts
	0 ns performing 0 second-level cache hits
	0 ns performing 0 second-level cache misses
	0 ns executing 0 flushes (flushing a total of 0 entities and 0 collections)
	0 ns executing 0 pre-partial-flushes
	0 ns executing 0 partial-flushes (flushing a total of 0 entities and 0 collections)

2026-07-16T14:57:55.680-04:00 DEBUG 10320 --- [ms-venta] [main] o.s.d.jpa.repository.query.NamedQuery    : Did not find named query Venta.findByFechaVentaBetween
2026-07-16T14:57:55.703-04:00 DEBUG 10320 --- [ms-venta] [main] o.s.d.jpa.repository.query.NamedQuery    : Looking up named query 'Venta.findByFechaVenta'
2026-07-16T14:57:55.705-04:00 DEBUG 10320 --- [ms-venta] [main] org.hibernate.orm.core                   : HHH006588: Opening session [tenant=null]
2026-07-16T14:57:55.705-04:00 DEBUG 10320 --- [ms-venta] [main] org.hibernate.session.metrics            : HHH000401: Logging session metrics:
	0 ns acquiring 0 JDBC connections
	0 ns releasing 0 JDBC connections
	0 ns preparing 0 JDBC statements
	0 ns executing 0 JDBC statements
	0 ns executing 0 JDBC batches
	0 ns performing 0 second-level cache puts
	0 ns performing 0 second-level cache hits
	0 ns performing 0 second-level cache misses
	0 ns executing 0 flushes (flushing a total of 0 entities and 0 collections)
	0 ns executing 0 pre-partial-flushes
	0 ns executing 0 partial-flushes (flushing a total of 0 entities and 0 collections)

2026-07-16T14:57:55.705-04:00 DEBUG 10320 --- [ms-venta] [main] o.s.d.jpa.repository.query.NamedQuery    : Did not find named query Venta.findByFechaVenta
2026-07-16T14:57:55.706-04:00 DEBUG 10320 --- [ms-venta] [main] o.s.d.jpa.repository.query.NamedQuery    : Looking up named query 'Venta.findByCodVenta'
2026-07-16T14:57:55.706-04:00 DEBUG 10320 --- [ms-venta] [main] org.hibernate.orm.core                   : HHH006588: Opening session [tenant=null]
2026-07-16T14:57:55.706-04:00 DEBUG 10320 --- [ms-venta] [main] org.hibernate.session.metrics            : HHH000401: Logging session metrics:
	0 ns acquiring 0 JDBC connections
	0 ns releasing 0 JDBC connections
	0 ns preparing 0 JDBC statements
	0 ns executing 0 JDBC statements
	0 ns executing 0 JDBC batches
	0 ns performing 0 second-level cache puts
	0 ns performing 0 second-level cache hits
	0 ns performing 0 second-level cache misses
	0 ns executing 0 flushes (flushing a total of 0 entities and 0 collections)
	0 ns executing 0 pre-partial-flushes
	0 ns executing 0 partial-flushes (flushing a total of 0 entities and 0 collections)

2026-07-16T14:57:55.706-04:00 DEBUG 10320 --- [ms-venta] [main] o.s.d.jpa.repository.query.NamedQuery    : Did not find named query Venta.findByCodVenta
2026-07-16T14:57:55.710-04:00 DEBUG 10320 --- [ms-venta] [main] o.s.d.r.c.s.RepositoryFactorySupport     : Finished creation of repository instance for com.pharmanet.venta_service.repository.VentaRepository.
2026-07-16T14:57:55.721-04:00 DEBUG 10320 --- [ms-venta] [main] o.s.b.f.s.DefaultListableBeanFactory     : Creating shared instance of singleton bean 'detalleVentaRepository'
2026-07-16T14:57:55.721-04:00 DEBUG 10320 --- [ms-venta] [main] o.s.b.f.s.DefaultListableBeanFactory     : Creating shared instance of singleton bean 'jpa.named-queries#0'
2026-07-16T14:57:55.721-04:00 DEBUG 10320 --- [ms-venta] [main] o.s.b.f.s.DefaultListableBeanFactory     : Creating shared instance of singleton bean 'jpa.DetalleVentaRepository.fragments#0'
2026-07-16T14:57:55.721-04:00 DEBUG 10320 --- [ms-venta] [main] o.s.d.r.c.s.RepositoryFactorySupport     : Initializing repository instance for com.pharmanet.venta_service.repository.DetalleVentaRepository…
2026-07-16T14:57:55.721-04:00 DEBUG 10320 --- [ms-venta] [main] o.s.d.jpa.repository.query.NamedQuery    : Looking up named query 'DetalleVenta.findByVenta_CodVenta'
2026-07-16T14:57:55.721-04:00 DEBUG 10320 --- [ms-venta] [main] org.hibernate.orm.core                   : HHH006588: Opening session [tenant=null]
2026-07-16T14:57:55.721-04:00 DEBUG 10320 --- [ms-venta] [main] org.hibernate.session.metrics            : HHH000401: Logging session metrics:
	0 ns acquiring 0 JDBC connections
	0 ns releasing 0 JDBC connections
	0 ns preparing 0 JDBC statements
	0 ns executing 0 JDBC statements
	0 ns executing 0 JDBC batches
	0 ns performing 0 second-level cache puts
	0 ns performing 0 second-level cache hits
	0 ns performing 0 second-level cache misses
	0 ns executing 0 flushes (flushing a total of 0 entities and 0 collections)
	0 ns executing 0 pre-partial-flushes
	0 ns executing 0 partial-flushes (flushing a total of 0 entities and 0 collections)

2026-07-16T14:57:55.721-04:00 DEBUG 10320 --- [ms-venta] [main] o.s.d.jpa.repository.query.NamedQuery    : Did not find named query DetalleVenta.findByVenta_CodVenta
2026-07-16T14:57:55.721-04:00 DEBUG 10320 --- [ms-venta] [main] o.s.d.r.c.s.RepositoryFactorySupport     : Finished creation of repository instance for com.pharmanet.venta_service.repository.DetalleVentaRepository.
2026-07-16T14:57:55.721-04:00 DEBUG 10320 --- [ms-venta] [main] o.s.b.f.s.DefaultListableBeanFactory     : Autowiring by type from bean name 'ventaService' via constructor to bean named 'com.pharmanet.venta_service.client.InventarioFeignClient'
2026-07-16T14:57:55.721-04:00 DEBUG 10320 --- [ms-venta] [main] o.s.b.f.s.DefaultListableBeanFactory     : Autowiring by type from bean name 'ventaService' via constructor to bean named 'com.pharmanet.venta_service.client.ProductoFeignClient'
2026-07-16T14:57:55.721-04:00 DEBUG 10320 --- [ms-venta] [main] o.s.b.f.s.DefaultListableBeanFactory     : Autowiring by type from bean name 'ventaService' via constructor to bean named 'com.pharmanet.venta_service.client.UsuarioFeignClient'
2026-07-16T14:57:55.721-04:00 DEBUG 10320 --- [ms-venta] [main] o.s.b.f.s.DefaultListableBeanFactory     : Autowiring by type from bean name 'ventaService' via constructor to bean named 'ventaRepository'
2026-07-16T14:57:55.721-04:00 DEBUG 10320 --- [ms-venta] [main] o.s.b.f.s.DefaultListableBeanFactory     : Autowiring by type from bean name 'ventaService' via constructor to bean named 'detalleVentaRepository'
2026-07-16T14:57:55.773-04:00 DEBUG 10320 --- [ms-venta] [main] o.s.b.f.s.DefaultListableBeanFactory     : Autowiring by type from bean name 'ventaController' via constructor to bean named 'ventaService'
2026-07-16T14:57:55.774-04:00 DEBUG 10320 --- [ms-venta] [main] o.s.b.f.s.DefaultListableBeanFactory     : Creating shared instance of singleton bean 'globalExceptionHandler'
2026-07-16T14:57:55.774-04:00 DEBUG 10320 --- [ms-venta] [main] o.s.b.f.s.DefaultListableBeanFactory     : Creating shared instance of singleton bean 'org.springframework.boot.autoconfigure.context.PropertyPlaceholderAutoConfiguration'
2026-07-16T14:57:55.774-04:00 DEBUG 10320 --- [ms-venta] [main] o.s.b.f.s.DefaultListableBeanFactory     : Creating shared instance of singleton bean 'org.springframework.boot.webmvc.autoconfigure.DispatcherServletAutoConfiguration$DispatcherServletConfiguration'
2026-07-16T14:57:55.774-04:00 DEBUG 10320 --- [ms-venta] [main] o.s.b.f.s.DefaultListableBeanFactory     : Creating shared instance of singleton bean 'dispatcherServlet'
2026-07-16T14:57:55.774-04:00 DEBUG 10320 --- [ms-venta] [main] o.s.b.f.s.DefaultListableBeanFactory     : Autowiring by type from bean name 'dispatcherServlet' via factory method to bean named 'spring.mvc-org.springframework.boot.webmvc.autoconfigure.WebMvcProperties'
2026-07-16T14:57:55.785-04:00 DEBUG 10320 --- [ms-venta] [main] o.s.b.f.s.DefaultListableBeanFactory     : Creating shared instance of singleton bean 'org.springframework.boot.webmvc.autoconfigure.DispatcherServletAutoConfiguration$DispatcherServletRegistrationConfiguration'
2026-07-16T14:57:55.788-04:00 DEBUG 10320 --- [ms-venta] [main] o.s.b.f.s.DefaultListableBeanFactory     : Creating shared instance of singleton bean 'dispatcherServletRegistration'
2026-07-16T14:57:55.788-04:00 DEBUG 10320 --- [ms-venta] [main] o.s.b.f.s.DefaultListableBeanFactory     : Autowiring by type from bean name 'dispatcherServletRegistration' via factory method to bean named 'dispatcherServlet'
2026-07-16T14:57:55.788-04:00 DEBUG 10320 --- [ms-venta] [main] o.s.b.f.s.DefaultListableBeanFactory     : Autowiring by type from bean name 'dispatcherServletRegistration' via factory method to bean named 'spring.mvc-org.springframework.boot.webmvc.autoconfigure.WebMvcProperties'
2026-07-16T14:57:55.793-04:00 DEBUG 10320 --- [ms-venta] [main] o.s.b.f.s.DefaultListableBeanFactory     : Creating shared instance of singleton bean 'multipartConfigElement'
2026-07-16T14:57:55.793-04:00 DEBUG 10320 --- [ms-venta] [main] o.s.b.f.s.DefaultListableBeanFactory     : Creating shared instance of singleton bean 'org.springframework.boot.servlet.autoconfigure.MultipartAutoConfiguration'
2026-07-16T14:57:55.793-04:00 DEBUG 10320 --- [ms-venta] [main] o.s.b.f.s.DefaultListableBeanFactory     : Creating shared instance of singleton bean 'spring.servlet.multipart-org.springframework.boot.servlet.autoconfigure.MultipartProperties'
2026-07-16T14:57:55.803-04:00 DEBUG 10320 --- [ms-venta] [main] o.s.b.f.s.DefaultListableBeanFactory     : Autowiring by type from bean name 'org.springframework.boot.servlet.autoconfigure.MultipartAutoConfiguration' via constructor to bean named 'spring.servlet.multipart-org.springframework.boot.servlet.autoconfigure.MultipartProperties'
2026-07-16T14:57:55.807-04:00 DEBUG 10320 --- [ms-venta] [main] o.s.b.f.s.DefaultListableBeanFactory     : Creating shared instance of singleton bean 'org.springframework.boot.webmvc.autoconfigure.DispatcherServletAutoConfiguration'
2026-07-16T14:57:55.807-04:00 DEBUG 10320 --- [ms-venta] [main] o.s.b.f.s.DefaultListableBeanFactory     : Creating shared instance of singleton bean 'org.springframework.boot.autoconfigure.task.TaskExecutorConfigurations$SimpleAsyncTaskExecutorBuilderConfiguration'
2026-07-16T14:57:55.809-04:00 DEBUG 10320 --- [ms-venta] [main] o.s.b.f.s.DefaultListableBeanFactory     : Autowiring by type from bean name 'org.springframework.boot.autoconfigure.task.TaskExecutorConfigurations$SimpleAsyncTaskExecutorBuilderConfiguration' via constructor to bean named 'spring.task.execution-org.springframework.boot.autoconfigure.task.TaskExecutionProperties'
2026-07-16T14:57:55.809-04:00 DEBUG 10320 --- [ms-venta] [main] o.s.b.f.s.DefaultListableBeanFactory     : Creating shared instance of singleton bean 'simpleAsyncTaskExecutorBuilder'
2026-07-16T14:57:55.810-04:00 DEBUG 10320 --- [ms-venta] [main] o.s.b.f.s.DefaultListableBeanFactory     : Creating shared instance of singleton bean 'org.springframework.boot.autoconfigure.task.TaskExecutorConfigurations$AsyncConfigurerConfiguration'
2026-07-16T14:57:55.811-04:00 DEBUG 10320 --- [ms-venta] [main] o.s.b.f.s.DefaultListableBeanFactory     : Creating shared instance of singleton bean 'applicationTaskExecutorAsyncConfigurer'
2026-07-16T14:57:55.811-04:00 DEBUG 10320 --- [ms-venta] [main] o.s.b.f.s.DefaultListableBeanFactory     : Autowiring by type from bean name 'applicationTaskExecutorAsyncConfigurer' via factory method to bean named 'org.springframework.beans.factory.support.DefaultListableBeanFactory@4f3b5c60'
2026-07-16T14:57:55.811-04:00 DEBUG 10320 --- [ms-venta] [main] o.s.b.f.s.DefaultListableBeanFactory     : Creating shared instance of singleton bean 'org.springframework.boot.autoconfigure.task.TaskExecutorConfigurations$BootstrapExecutorConfiguration'
2026-07-16T14:57:55.811-04:00 DEBUG 10320 --- [ms-venta] [main] o.s.b.f.s.DefaultListableBeanFactory     : Creating shared instance of singleton bean 'org.springframework.boot.autoconfigure.task.TaskExecutionAutoConfiguration'
2026-07-16T14:57:55.811-04:00 DEBUG 10320 --- [ms-venta] [main] o.s.b.f.s.DefaultListableBeanFactory     : Creating shared instance of singleton bean 'org.springframework.boot.validation.autoconfigure.ValidationAutoConfiguration'
2026-07-16T14:57:55.814-04:00 DEBUG 10320 --- [ms-venta] [main] o.s.b.f.s.DefaultListableBeanFactory     : Creating shared instance of singleton bean 'defaultValidator'
2026-07-16T14:57:55.814-04:00 DEBUG 10320 --- [ms-venta] [main] o.s.b.f.s.DefaultListableBeanFactory     : Autowiring by type from bean name 'defaultValidator' via factory method to bean named 'org.springframework.web.context.support.GenericWebApplicationContext@24e95bd4'
2026-07-16T14:57:55.814-04:00 DEBUG 10320 --- [ms-venta] [main] .h.v.m.ResourceBundleMessageInterpolator : Loaded expression factory via original TCCL
2026-07-16T14:57:55.814-04:00 DEBUG 10320 --- [ms-venta] [main] o.h.v.i.e.AbstractConfigurationImpl      : Setting custom MessageInterpolator of type org.springframework.validation.beanvalidation.LocaleContextMessageInterpolator
2026-07-16T14:57:55.814-04:00 DEBUG 10320 --- [ms-venta] [main] o.h.v.i.e.AbstractConfigurationImpl      : Setting custom ConstraintValidatorFactory of type org.springframework.validation.beanvalidation.SpringConstraintValidatorFactory
2026-07-16T14:57:55.814-04:00 DEBUG 10320 --- [ms-venta] [main] o.h.v.i.xml.config.ValidationXmlParser   : Trying to load META-INF/validation.xml for XML based Validator configuration.
2026-07-16T14:57:55.814-04:00 DEBUG 10320 --- [ms-venta] [main] o.h.v.i.xml.config.ResourceLoaderHelper  : Trying to load META-INF/validation.xml via user class loader
2026-07-16T14:57:55.816-04:00 DEBUG 10320 --- [ms-venta] [main] o.h.v.i.xml.config.ResourceLoaderHelper  : Trying to load META-INF/validation.xml via TCCL
2026-07-16T14:57:55.816-04:00 DEBUG 10320 --- [ms-venta] [main] o.h.v.i.xml.config.ResourceLoaderHelper  : Trying to load META-INF/validation.xml via Hibernate Validator's class loader
2026-07-16T14:57:55.816-04:00 DEBUG 10320 --- [ms-venta] [main] o.h.v.i.xml.config.ValidationXmlParser   : No META-INF/validation.xml found. Using annotation based configuration only.
2026-07-16T14:57:55.816-04:00 DEBUG 10320 --- [ms-venta] [main] o.h.v.i.e.resolver.TraversableResolvers  : Found jakarta.persistence.Persistence on classpath containing 'getPersistenceUtil'. Assuming Jakarta Persistence environment. Trying to instantiate Jakarta Persistence aware TraversableResolver
2026-07-16T14:57:55.816-04:00 DEBUG 10320 --- [ms-venta] [main] o.h.v.i.e.resolver.TraversableResolvers  : Instantiated Jakarta Persistence aware TraversableResolver of type org.hibernate.validator.internal.engine.resolver.JPATraversableResolver.
2026-07-16T14:57:55.816-04:00 DEBUG 10320 --- [ms-venta] [main] .i.e.ValidatorFactoryConfigurationHelper : HV000252: Using org.hibernate.validator.internal.engine.DefaultPropertyNodeNameProvider as property node name provider.
2026-07-16T14:57:55.816-04:00 DEBUG 10320 --- [ms-venta] [main] .i.e.ValidatorFactoryConfigurationHelper : HV000234: Using org.springframework.validation.beanvalidation.LocaleContextMessageInterpolator as ValidatorFactory-scoped message interpolator.
2026-07-16T14:57:55.816-04:00 DEBUG 10320 --- [ms-venta] [main] .i.e.ValidatorFactoryConfigurationHelper : HV000234: Using org.hibernate.validator.internal.engine.resolver.JPATraversableResolver as ValidatorFactory-scoped traversable resolver.
2026-07-16T14:57:55.816-04:00 DEBUG 10320 --- [ms-venta] [main] .i.e.ValidatorFactoryConfigurationHelper : HV000234: Using org.hibernate.validator.internal.util.ExecutableParameterNameProvider as ValidatorFactory-scoped parameter name provider.
2026-07-16T14:57:55.816-04:00 DEBUG 10320 --- [ms-venta] [main] .i.e.ValidatorFactoryConfigurationHelper : HV000234: Using org.hibernate.validator.internal.engine.DefaultClockProvider as ValidatorFactory-scoped clock provider.
2026-07-16T14:57:55.818-04:00 DEBUG 10320 --- [ms-venta] [main] .i.e.ValidatorFactoryConfigurationHelper : HV000234: Using org.hibernate.validator.internal.engine.scripting.DefaultScriptEvaluatorFactory as ValidatorFactory-scoped script evaluator factory.
2026-07-16T14:57:55.821-04:00 DEBUG 10320 --- [ms-venta] [main] o.s.b.f.s.DefaultListableBeanFactory     : Creating shared instance of singleton bean 'org.springframework.boot.webmvc.autoconfigure.error.ErrorMvcAutoConfiguration$WhitelabelErrorViewConfiguration'
2026-07-16T14:57:55.821-04:00 DEBUG 10320 --- [ms-venta] [main] o.s.b.f.s.DefaultListableBeanFactory     : Creating shared instance of singleton bean 'error'
2026-07-16T14:57:55.821-04:00 DEBUG 10320 --- [ms-venta] [main] o.s.b.f.s.DefaultListableBeanFactory     : Creating shared instance of singleton bean 'beanNameViewResolver'
2026-07-16T14:57:55.821-04:00 DEBUG 10320 --- [ms-venta] [main] o.s.b.f.s.DefaultListableBeanFactory     : Creating shared instance of singleton bean 'org.springframework.boot.webmvc.autoconfigure.error.ErrorMvcAutoConfiguration$DefaultErrorViewResolverConfiguration'
2026-07-16T14:57:55.823-04:00 DEBUG 10320 --- [ms-venta] [main] o.s.b.f.s.DefaultListableBeanFactory     : Autowiring by type from bean name 'org.springframework.boot.webmvc.autoconfigure.error.ErrorMvcAutoConfiguration$DefaultErrorViewResolverConfiguration' via constructor to bean named 'org.springframework.web.context.support.GenericWebApplicationContext@24e95bd4'
2026-07-16T14:57:55.823-04:00 DEBUG 10320 --- [ms-venta] [main] o.s.b.f.s.DefaultListableBeanFactory     : Autowiring by type from bean name 'org.springframework.boot.webmvc.autoconfigure.error.ErrorMvcAutoConfiguration$DefaultErrorViewResolverConfiguration' via constructor to bean named 'spring.web-org.springframework.boot.autoconfigure.web.WebProperties'
2026-07-16T14:57:55.823-04:00 DEBUG 10320 --- [ms-venta] [main] o.s.b.f.s.DefaultListableBeanFactory     : Creating shared instance of singleton bean 'conventionErrorViewResolver'
2026-07-16T14:57:55.823-04:00 DEBUG 10320 --- [ms-venta] [main] o.s.b.f.s.DefaultListableBeanFactory     : Creating shared instance of singleton bean 'org.springframework.boot.webmvc.autoconfigure.error.ErrorMvcAutoConfiguration'
2026-07-16T14:57:55.823-04:00 DEBUG 10320 --- [ms-venta] [main] o.s.b.f.s.DefaultListableBeanFactory     : Autowiring by type from bean name 'org.springframework.boot.webmvc.autoconfigure.error.ErrorMvcAutoConfiguration' via constructor to bean named 'spring.web-org.springframework.boot.autoconfigure.web.WebProperties'
2026-07-16T14:57:55.823-04:00 DEBUG 10320 --- [ms-venta] [main] o.s.b.f.s.DefaultListableBeanFactory     : Creating shared instance of singleton bean 'errorAttributes'
2026-07-16T14:57:55.823-04:00 DEBUG 10320 --- [ms-venta] [main] o.s.b.f.s.DefaultListableBeanFactory     : Creating shared instance of singleton bean 'basicErrorController'
2026-07-16T14:57:55.826-04:00 DEBUG 10320 --- [ms-venta] [main] o.s.b.f.s.DefaultListableBeanFactory     : Autowiring by type from bean name 'basicErrorController' via factory method to bean named 'errorAttributes'
2026-07-16T14:57:55.826-04:00 DEBUG 10320 --- [ms-venta] [main] o.s.b.f.s.DefaultListableBeanFactory     : Creating shared instance of singleton bean 'errorPageCustomizer'
2026-07-16T14:57:55.826-04:00 DEBUG 10320 --- [ms-venta] [main] o.s.b.f.s.DefaultListableBeanFactory     : Autowiring by type from bean name 'errorPageCustomizer' via factory method to bean named 'dispatcherServletRegistration'
2026-07-16T14:57:55.826-04:00 DEBUG 10320 --- [ms-venta] [main] o.s.b.f.s.DefaultListableBeanFactory     : Creating shared instance of singleton bean 'welcomePageHandlerMapping'
2026-07-16T14:57:55.826-04:00 DEBUG 10320 --- [ms-venta] [main] o.s.b.f.s.DefaultListableBeanFactory     : Creating shared instance of singleton bean 'mvcConversionService'
2026-07-16T14:57:55.830-04:00 DEBUG 10320 --- [ms-venta] [main] o.s.b.f.s.DefaultListableBeanFactory     : Autowiring by type from bean name 'welcomePageHandlerMapping' via factory method to bean named 'org.springframework.web.context.support.GenericWebApplicationContext@24e95bd4'
2026-07-16T14:57:55.830-04:00 DEBUG 10320 --- [ms-venta] [main] o.s.b.f.s.DefaultListableBeanFactory     : Autowiring by type from bean name 'welcomePageHandlerMapping' via factory method to bean named 'mvcConversionService'
2026-07-16T14:57:55.830-04:00 DEBUG 10320 --- [ms-venta] [main] o.s.b.f.s.DefaultListableBeanFactory     : Autowiring by type from bean name 'welcomePageHandlerMapping' via factory method to bean named 'mvcResourceUrlProvider'
2026-07-16T14:57:55.836-04:00 DEBUG 10320 --- [ms-venta] [main] o.s.b.f.s.DefaultListableBeanFactory     : Creating shared instance of singleton bean 'welcomePageNotAcceptableHandlerMapping'
2026-07-16T14:57:55.836-04:00 DEBUG 10320 --- [ms-venta] [main] o.s.b.f.s.DefaultListableBeanFactory     : Autowiring by type from bean name 'welcomePageNotAcceptableHandlerMapping' via factory method to bean named 'org.springframework.web.context.support.GenericWebApplicationContext@24e95bd4'
2026-07-16T14:57:55.836-04:00 DEBUG 10320 --- [ms-venta] [main] o.s.b.f.s.DefaultListableBeanFactory     : Autowiring by type from bean name 'welcomePageNotAcceptableHandlerMapping' via factory method to bean named 'mvcConversionService'
2026-07-16T14:57:55.836-04:00 DEBUG 10320 --- [ms-venta] [main] o.s.b.f.s.DefaultListableBeanFactory     : Autowiring by type from bean name 'welcomePageNotAcceptableHandlerMapping' via factory method to bean named 'mvcResourceUrlProvider'
2026-07-16T14:57:55.842-04:00 DEBUG 10320 --- [ms-venta] [main] o.s.b.f.s.DefaultListableBeanFactory     : Creating shared instance of singleton bean 'localeResolver'
2026-07-16T14:57:55.844-04:00 DEBUG 10320 --- [ms-venta] [main] o.s.b.f.s.DefaultListableBeanFactory     : Creating shared instance of singleton bean 'flashMapManager'
2026-07-16T14:57:55.844-04:00 DEBUG 10320 --- [ms-venta] [main] o.s.b.f.s.DefaultListableBeanFactory     : Creating shared instance of singleton bean 'viewNameTranslator'
2026-07-16T14:57:55.846-04:00 DEBUG 10320 --- [ms-venta] [main] o.s.b.f.s.DefaultListableBeanFactory     : Creating shared instance of singleton bean 'mvcValidator'
2026-07-16T14:57:55.846-04:00 DEBUG 10320 --- [ms-venta] [main] o.s.b.f.s.DefaultListableBeanFactory     : Creating shared instance of singleton bean 'requestMappingHandlerMapping'
2026-07-16T14:57:55.848-04:00 DEBUG 10320 --- [ms-venta] [main] o.s.b.f.s.DefaultListableBeanFactory     : Creating shared instance of singleton bean 'mvcContentNegotiationManager'
2026-07-16T14:57:55.848-04:00 DEBUG 10320 --- [ms-venta] [main] o.s.b.f.s.DefaultListableBeanFactory     : Creating shared instance of singleton bean 'stringHttpMessageConvertersCustomizer'
2026-07-16T14:57:55.848-04:00 DEBUG 10320 --- [ms-venta] [main] o.s.b.f.s.DefaultListableBeanFactory     : Creating shared instance of singleton bean 'org.springframework.boot.http.converter.autoconfigure.HttpMessageConvertersAutoConfiguration$StringHttpMessageConverterConfiguration'
2026-07-16T14:57:55.850-04:00 DEBUG 10320 --- [ms-venta] [main] o.s.b.f.s.DefaultListableBeanFactory     : Creating shared instance of singleton bean 'spring.http.converters-org.springframework.boot.http.converter.autoconfigure.HttpMessageConvertersProperties'
2026-07-16T14:57:55.850-04:00 DEBUG 10320 --- [ms-venta] [main] o.s.b.f.s.DefaultListableBeanFactory     : Autowiring by type from bean name 'stringHttpMessageConvertersCustomizer' via factory method to bean named 'spring.http.converters-org.springframework.boot.http.converter.autoconfigure.HttpMessageConvertersProperties'
2026-07-16T14:57:55.850-04:00 DEBUG 10320 --- [ms-venta] [main] o.s.b.f.s.DefaultListableBeanFactory     : Creating shared instance of singleton bean 'jacksonJsonHttpMessageConvertersCustomizer'
2026-07-16T14:57:55.852-04:00 DEBUG 10320 --- [ms-venta] [main] o.s.b.f.s.DefaultListableBeanFactory     : Creating shared instance of singleton bean 'org.springframework.boot.http.converter.autoconfigure.JacksonHttpMessageConvertersConfiguration$JacksonJsonHttpMessageConverterConfiguration'
2026-07-16T14:57:55.853-04:00 DEBUG 10320 --- [ms-venta] [main] o.s.b.f.s.DefaultListableBeanFactory     : Creating shared instance of singleton bean 'jacksonJsonMapper'
2026-07-16T14:57:55.853-04:00 DEBUG 10320 --- [ms-venta] [main] o.s.b.f.s.DefaultListableBeanFactory     : Creating shared instance of singleton bean 'org.springframework.boot.jackson.autoconfigure.JacksonAutoConfiguration'
2026-07-16T14:57:55.855-04:00 DEBUG 10320 --- [ms-venta] [main] o.s.b.f.s.DefaultListableBeanFactory     : Creating shared instance of singleton bean 'problemDetailJsonMapperBuilderCustomizer'
2026-07-16T14:57:55.855-04:00 DEBUG 10320 --- [ms-venta] [main] o.s.b.f.s.DefaultListableBeanFactory     : Creating shared instance of singleton bean 'org.springframework.boot.jackson.autoconfigure.JacksonAutoConfiguration$JsonProblemDetailsConfiguration'
2026-07-16T14:57:55.855-04:00 DEBUG 10320 --- [ms-venta] [main] o.s.b.f.s.DefaultListableBeanFactory     : Creating shared instance of singleton bean 'standardJsonMapperBuilderCustomizer'
2026-07-16T14:57:55.855-04:00 DEBUG 10320 --- [ms-venta] [main] o.s.b.f.s.DefaultListableBeanFactory     : Creating shared instance of singleton bean 'org.springframework.boot.jackson.autoconfigure.JacksonAutoConfiguration$JacksonJsonMapperBuilderCustomizerConfiguration'
2026-07-16T14:57:55.855-04:00 DEBUG 10320 --- [ms-venta] [main] o.s.b.f.s.DefaultListableBeanFactory     : Creating shared instance of singleton bean 'spring.jackson-org.springframework.boot.jackson.autoconfigure.JacksonProperties'
2026-07-16T14:57:55.861-04:00 DEBUG 10320 --- [ms-venta] [main] o.s.b.f.s.DefaultListableBeanFactory     : Autowiring by type from bean name 'standardJsonMapperBuilderCustomizer' via factory method to bean named 'spring.jackson-org.springframework.boot.jackson.autoconfigure.JacksonProperties'
2026-07-16T14:57:55.861-04:00 DEBUG 10320 --- [ms-venta] [main] o.s.b.f.s.DefaultListableBeanFactory     : Creating shared instance of singleton bean 'jackson3GeoModule'
2026-07-16T14:57:55.861-04:00 DEBUG 10320 --- [ms-venta] [main] o.s.b.f.s.DefaultListableBeanFactory     : Creating shared instance of singleton bean 'org.springframework.data.web.config.SpringDataJackson3Configuration'
2026-07-16T14:57:55.863-04:00 DEBUG 10320 --- [ms-venta] [main] o.s.b.f.s.DefaultListableBeanFactory     : Creating shared instance of singleton bean 'springDataWebSettings'
2026-07-16T14:57:55.863-04:00 DEBUG 10320 --- [ms-venta] [main] o.s.b.f.s.DefaultListableBeanFactory     : Creating shared instance of singleton bean 'org.springframework.boot.data.autoconfigure.web.DataWebAutoConfiguration'
2026-07-16T14:57:55.863-04:00 DEBUG 10320 --- [ms-venta] [main] o.s.b.f.s.DefaultListableBeanFactory     : Autowiring by type from bean name 'org.springframework.boot.data.autoconfigure.web.DataWebAutoConfiguration' via constructor to bean named 'spring.data.web-org.springframework.boot.data.autoconfigure.web.DataWebProperties'
2026-07-16T14:57:55.863-04:00 DEBUG 10320 --- [ms-venta] [main] o.s.b.f.s.DefaultListableBeanFactory     : Creating shared instance of singleton bean 'jackson3pageModule'
2026-07-16T14:57:55.865-04:00 DEBUG 10320 --- [ms-venta] [main] o.s.b.f.s.DefaultListableBeanFactory     : Creating shared instance of singleton bean 'jacksonMixinModule'
2026-07-16T14:57:55.865-04:00 DEBUG 10320 --- [ms-venta] [main] o.s.b.f.s.DefaultListableBeanFactory     : Creating shared instance of singleton bean 'org.springframework.boot.jackson.autoconfigure.JacksonAutoConfiguration$JacksonMixinConfiguration'
2026-07-16T14:57:55.866-04:00 DEBUG 10320 --- [ms-venta] [main] o.s.b.f.s.DefaultListableBeanFactory     : Creating shared instance of singleton bean 'jacksonMixinModuleEntries'
2026-07-16T14:57:55.866-04:00 DEBUG 10320 --- [ms-venta] [main] o.s.b.f.s.DefaultListableBeanFactory     : Autowiring by type from bean name 'jacksonMixinModuleEntries' via factory method to bean named 'org.springframework.web.context.support.GenericWebApplicationContext@24e95bd4'
2026-07-16T14:57:55.874-04:00 DEBUG 10320 --- [ms-venta] [main] o.s.b.f.s.DefaultListableBeanFactory     : Autowiring by type from bean name 'jacksonMixinModule' via factory method to bean named 'org.springframework.web.context.support.GenericWebApplicationContext@24e95bd4'
2026-07-16T14:57:55.874-04:00 DEBUG 10320 --- [ms-venta] [main] o.s.b.f.s.DefaultListableBeanFactory     : Autowiring by type from bean name 'jacksonMixinModule' via factory method to bean named 'jacksonMixinModuleEntries'
2026-07-16T14:57:55.877-04:00 DEBUG 10320 --- [ms-venta] [main] o.s.b.f.s.DefaultListableBeanFactory     : Creating shared instance of singleton bean 'jsonComponentModule'
2026-07-16T14:57:55.880-04:00 DEBUG 10320 --- [ms-venta] [main] o.s.b.f.s.DefaultListableBeanFactory     : Creating shared instance of singleton bean 'eurekaClient'
2026-07-16T14:57:55.893-04:00 DEBUG 10320 --- [ms-venta] [main] o.s.b.f.s.DefaultListableBeanFactory     : Creating shared instance of singleton bean 'eurekaApplicationInfoManager'
2026-07-16T14:57:55.914-04:00 DEBUG 10320 --- [ms-venta] [main] o.s.b.f.s.DefaultListableBeanFactory     : Creating shared instance of singleton bean 'pageJacksonModule'
2026-07-16T14:57:55.916-04:00 DEBUG 10320 --- [ms-venta] [main] o.s.b.f.s.DefaultListableBeanFactory     : Creating shared instance of singleton bean 'org.springframework.cloud.openfeign.FeignAutoConfiguration$FeignJacksonConfiguration'
2026-07-16T14:57:55.916-04:00 DEBUG 10320 --- [ms-venta] [main] o.s.b.f.s.DefaultListableBeanFactory     : Creating shared instance of singleton bean 'sortModule'
2026-07-16T14:57:55.919-04:00 DEBUG 10320 --- [ms-venta] [main] o.s.b.f.s.DefaultListableBeanFactory     : Autowiring by type from bean name 'jsonMapperBuilder' via factory method to bean named 'problemDetailJsonMapperBuilderCustomizer'
2026-07-16T14:57:55.919-04:00 DEBUG 10320 --- [ms-venta] [main] o.s.b.f.s.DefaultListableBeanFactory     : Autowiring by type from bean name 'jsonMapperBuilder' via factory method to bean named 'standardJsonMapperBuilderCustomizer'
2026-07-16T14:57:55.920-04:00 DEBUG 10320 --- [ms-venta] [main] o.s.b.f.s.DefaultListableBeanFactory     : Autowiring by type from bean name 'jacksonJsonMapper' via factory method to bean named 'jsonMapperBuilder'
2026-07-16T14:57:55.923-04:00 DEBUG 10320 --- [ms-venta] [main] o.s.b.f.s.DefaultListableBeanFactory     : Autowiring by type from bean name 'jacksonJsonHttpMessageConvertersCustomizer' via factory method to bean named 'jacksonJsonMapper'
2026-07-16T14:57:55.924-04:00 DEBUG 10320 --- [ms-venta] [main] o.s.b.f.s.DefaultListableBeanFactory     : Creating shared instance of singleton bean 'serverConvertersCustomizer'
2026-07-16T14:57:55.924-04:00 DEBUG 10320 --- [ms-venta] [main] o.s.b.f.s.DefaultListableBeanFactory     : Creating shared instance of singleton bean 'org.springframework.boot.http.converter.autoconfigure.HttpMessageConvertersAutoConfiguration'
2026-07-16T14:57:55.926-04:00 DEBUG 10320 --- [ms-venta] [main] o.s.b.f.s.DefaultListableBeanFactory     : Creating shared instance of singleton bean 'mvcApiVersionStrategy'
2026-07-16T14:57:55.931-04:00 DEBUG 10320 --- [ms-venta] [main] o.s.b.f.s.DefaultListableBeanFactory     : Autowiring by type from bean name 'requestMappingHandlerMapping' via factory method to bean named 'mvcContentNegotiationManager'
2026-07-16T14:57:55.931-04:00 DEBUG 10320 --- [ms-venta] [main] o.s.b.f.s.DefaultListableBeanFactory     : Autowiring by type from bean name 'requestMappingHandlerMapping' via factory method to bean named 'mvcApiVersionStrategy'
2026-07-16T14:57:55.931-04:00 DEBUG 10320 --- [ms-venta] [main] o.s.b.f.s.DefaultListableBeanFactory     : Autowiring by type from bean name 'requestMappingHandlerMapping' via factory method to bean named 'mvcConversionService'
2026-07-16T14:57:55.931-04:00 DEBUG 10320 --- [ms-venta] [main] o.s.b.f.s.DefaultListableBeanFactory     : Autowiring by type from bean name 'requestMappingHandlerMapping' via factory method to bean named 'mvcResourceUrlProvider'
2026-07-16T14:57:55.936-04:00 DEBUG 10320 --- [ms-venta] [main] _.s.web.servlet.HandlerMapping.Mappings  : 
	c.p.v.c.VentaController:
	{DELETE [/api/v1/ventas/{codVenta}]}: eliminarVenta(Long)
	{GET [/api/v1/ventas/dia/{dia}]}: buscarPorDia(LocalDate,Pageable)
	{GET [/api/v1/ventas/entre-fechas]}: buscarPorFechas(LocalDate,LocalDate,Pageable)
	{PUT [/api/v1/ventas]}: actualizarVenta(VentaDto)
	{POST [/api/v1/ventas]}: agregarVenta(RegistroVenta)
	{GET [/api/v1/ventas]}: mostrarTodos(Pageable)
	{GET [/api/v1/ventas/{codVenta}]}: buscarPorCodVenta(Long)
2026-07-16T14:57:55.939-04:00 DEBUG 10320 --- [ms-venta] [main] _.s.web.servlet.HandlerMapping.Mappings  : 
	o.s.b.w.a.e.BasicErrorController:
	{ [/error]}: error(HttpServletRequest)
	{ [/error], produces [text/html]}: errorHtml(HttpServletRequest,HttpServletResponse)
2026-07-16T14:57:55.971-04:00 DEBUG 10320 --- [ms-venta] [main] _.s.web.servlet.HandlerMapping.Mappings  : 
	o.s.w.a.OpenApiWebMvcResource:
	{GET [/v3/api-docs], produces [application/json]}: openapiJson(HttpServletRequest,String,Locale)
	{GET [/v3/api-docs.yaml], produces [application/vnd.oai.openapi]}: openapiYaml(HttpServletRequest,String,Locale)
2026-07-16T14:57:55.973-04:00 DEBUG 10320 --- [ms-venta] [main] o.s.c.e.PropertySourcesPropertyResolver  : Found key 'springdoc.swagger-ui.path' in PropertySource 'environmentProperties' with value of type String
2026-07-16T14:57:55.973-04:00 DEBUG 10320 --- [ms-venta] [main] o.s.c.e.PropertySourcesPropertyResolver  : Found key 'springdoc.swagger-ui.path' in PropertySource 'environmentProperties' with value of type String
2026-07-16T14:57:55.973-04:00 DEBUG 10320 --- [ms-venta] [main] _.s.web.servlet.HandlerMapping.Mappings  : 
	o.s.w.u.SwaggerWelcomeWebMvc:
	{GET [/doc/swagger-ui]}: redirectToUi(HttpServletRequest)
2026-07-16T14:57:55.974-04:00 DEBUG 10320 --- [ms-venta] [main] _.s.web.servlet.HandlerMapping.Mappings  : 
	o.s.w.u.SwaggerConfigResource:
	{GET [/v3/api-docs/swagger-config], produces [application/json]}: openapiJson(HttpServletRequest)
2026-07-16T14:57:55.974-04:00 DEBUG 10320 --- [ms-venta] [main] s.w.s.m.m.a.RequestMappingHandlerMapping : 13 mappings in 'requestMappingHandlerMapping'
2026-07-16T14:57:55.979-04:00 DEBUG 10320 --- [ms-venta] [main] o.s.b.f.s.DefaultListableBeanFactory     : Creating shared instance of singleton bean 'mvcPatternParser'
2026-07-16T14:57:55.982-04:00 DEBUG 10320 --- [ms-venta] [main] o.s.b.f.s.DefaultListableBeanFactory     : Creating shared instance of singleton bean 'mvcUrlPathHelper'
2026-07-16T14:57:55.982-04:00 DEBUG 10320 --- [ms-venta] [main] o.s.b.f.s.DefaultListableBeanFactory     : Creating shared instance of singleton bean 'mvcPathMatcher'
2026-07-16T14:57:55.982-04:00 DEBUG 10320 --- [ms-venta] [main] o.s.b.f.s.DefaultListableBeanFactory     : Creating shared instance of singleton bean 'viewControllerHandlerMapping'
2026-07-16T14:57:55.983-04:00 DEBUG 10320 --- [ms-venta] [main] o.s.b.f.s.DefaultListableBeanFactory     : Autowiring by type from bean name 'viewControllerHandlerMapping' via factory method to bean named 'mvcConversionService'
2026-07-16T14:57:55.983-04:00 DEBUG 10320 --- [ms-venta] [main] o.s.b.f.s.DefaultListableBeanFactory     : Autowiring by type from bean name 'viewControllerHandlerMapping' via factory method to bean named 'mvcResourceUrlProvider'
2026-07-16T14:57:55.983-04:00 DEBUG 10320 --- [ms-venta] [main] o.s.b.f.s.DefaultListableBeanFactory     : Creating shared instance of singleton bean 'beanNameHandlerMapping'
2026-07-16T14:57:55.983-04:00 DEBUG 10320 --- [ms-venta] [main] o.s.b.f.s.DefaultListableBeanFactory     : Autowiring by type from bean name 'beanNameHandlerMapping' via factory method to bean named 'mvcConversionService'
2026-07-16T14:57:55.983-04:00 DEBUG 10320 --- [ms-venta] [main] o.s.b.f.s.DefaultListableBeanFactory     : Autowiring by type from bean name 'beanNameHandlerMapping' via factory method to bean named 'mvcResourceUrlProvider'
2026-07-16T14:57:55.985-04:00 DEBUG 10320 --- [ms-venta] [main] _.s.web.servlet.HandlerMapping.Mappings  : 'beanNameHandlerMapping' {}
2026-07-16T14:57:55.987-04:00 DEBUG 10320 --- [ms-venta] [main] o.s.b.f.s.DefaultListableBeanFactory     : Creating shared instance of singleton bean 'routerFunctionMapping'
2026-07-16T14:57:55.987-04:00 DEBUG 10320 --- [ms-venta] [main] o.s.b.f.s.DefaultListableBeanFactory     : Autowiring by type from bean name 'routerFunctionMapping' via factory method to bean named 'mvcConversionService'
2026-07-16T14:57:55.987-04:00 DEBUG 10320 --- [ms-venta] [main] o.s.b.f.s.DefaultListableBeanFactory     : Autowiring by type from bean name 'routerFunctionMapping' via factory method to bean named 'mvcResourceUrlProvider'
2026-07-16T14:57:55.987-04:00 DEBUG 10320 --- [ms-venta] [main] o.s.b.f.s.DefaultListableBeanFactory     : Autowiring by type from bean name 'routerFunctionMapping' via factory method to bean named 'mvcApiVersionStrategy'
2026-07-16T14:57:55.990-04:00 DEBUG 10320 --- [ms-venta] [main] o.s.b.f.s.DefaultListableBeanFactory     : Creating shared instance of singleton bean 'resourceHandlerMapping'
2026-07-16T14:57:55.990-04:00 DEBUG 10320 --- [ms-venta] [main] o.s.b.f.s.DefaultListableBeanFactory     : Autowiring by type from bean name 'resourceHandlerMapping' via factory method to bean named 'mvcContentNegotiationManager'
2026-07-16T14:57:55.990-04:00 DEBUG 10320 --- [ms-venta] [main] o.s.b.f.s.DefaultListableBeanFactory     : Autowiring by type from bean name 'resourceHandlerMapping' via factory method to bean named 'mvcConversionService'
2026-07-16T14:57:55.990-04:00 DEBUG 10320 --- [ms-venta] [main] o.s.b.f.s.DefaultListableBeanFactory     : Autowiring by type from bean name 'resourceHandlerMapping' via factory method to bean named 'mvcResourceUrlProvider'
2026-07-16T14:57:56.004-04:00 DEBUG 10320 --- [ms-venta] [main] _.s.web.servlet.HandlerMapping.Mappings  : 'resourceHandlerMapping' {/webjars/**=ResourceHttpRequestHandler [classpath [META-INF/resources/webjars/]], /**=ResourceHttpRequestHandler [classpath [META-INF/resources/], classpath [resources/], classpath [static/], classpath [public/], ServletContext [/]], /doc/swagger-ui/**=ResourceHttpRequestHandler [classpath [META-INF/resources/webjars/swagger-ui/5.32.0/]], /doc/swagger-ui/*swagger-initializer.js=ResourceHttpRequestHandler [classpath [META-INF/resources/webjars/swagger-ui/5.32.0/]], /webjars/*swagger-ui/**=ResourceHttpRequestHandler [classpath [META-INF/resources/webjars/]], /webjars/*swagger-ui/*swagger-initializer.js=ResourceHttpRequestHandler [classpath [META-INF/resources/webjars/]], /webjars/*swagger-ui/5.32.0/*swagger-initializer.js=ResourceHttpRequestHandler [classpath [META-INF/resources/webjars/]]}
2026-07-16T14:57:56.004-04:00 DEBUG 10320 --- [ms-venta] [main] o.s.b.f.s.DefaultListableBeanFactory     : Creating shared instance of singleton bean 'defaultServletHandlerMapping'
2026-07-16T14:57:56.004-04:00 DEBUG 10320 --- [ms-venta] [main] o.s.b.f.s.DefaultListableBeanFactory     : Creating shared instance of singleton bean 'requestMappingHandlerAdapter'
2026-07-16T14:57:56.009-04:00 DEBUG 10320 --- [ms-venta] [main] o.s.b.f.s.DefaultListableBeanFactory     : Autowiring by type from bean name 'requestMappingHandlerAdapter' via factory method to bean named 'mvcContentNegotiationManager'
2026-07-16T14:57:56.009-04:00 DEBUG 10320 --- [ms-venta] [main] o.s.b.f.s.DefaultListableBeanFactory     : Autowiring by type from bean name 'requestMappingHandlerAdapter' via factory method to bean named 'mvcConversionService'
2026-07-16T14:57:56.009-04:00 DEBUG 10320 --- [ms-venta] [main] o.s.b.f.s.DefaultListableBeanFactory     : Autowiring by type from bean name 'requestMappingHandlerAdapter' via factory method to bean named 'mvcValidator'
2026-07-16T14:57:56.009-04:00 DEBUG 10320 --- [ms-venta] [main] o.s.b.f.s.DefaultListableBeanFactory     : Creating shared instance of singleton bean 'sortResolver'
2026-07-16T14:57:56.009-04:00 DEBUG 10320 --- [ms-venta] [main] o.s.b.f.s.DefaultListableBeanFactory     : Creating shared instance of singleton bean 'sortCustomizer'
2026-07-16T14:57:56.009-04:00 DEBUG 10320 --- [ms-venta] [main] o.s.b.f.s.DefaultListableBeanFactory     : Creating shared instance of singleton bean 'pageableResolver'
2026-07-16T14:57:56.011-04:00 DEBUG 10320 --- [ms-venta] [main] o.s.b.f.s.DefaultListableBeanFactory     : Creating shared instance of singleton bean 'pageableCustomizer'
2026-07-16T14:57:56.013-04:00 DEBUG 10320 --- [ms-venta] [main] o.s.b.f.s.DefaultListableBeanFactory     : Creating shared instance of singleton bean 'org.springdoc.core.configuration.SpringDocConfiguration$OpenApiResourceAdvice'
2026-07-16T14:57:56.015-04:00 DEBUG 10320 --- [ms-venta] [main] o.s.b.f.s.DefaultListableBeanFactory     : Autowiring by type from bean name 'org.springdoc.core.configuration.SpringDocConfiguration$OpenApiResourceAdvice' via constructor to bean named 'org.springdoc.core.configuration.SpringDocConfiguration'
2026-07-16T14:57:56.018-04:00 DEBUG 10320 --- [ms-venta] [main] s.w.s.m.m.a.RequestMappingHandlerAdapter : ControllerAdvice beans: 0 @ModelAttribute, 0 @InitBinder, 2 RequestBodyAdvice, 1 ResponseBodyAdvice
2026-07-16T14:57:56.019-04:00 DEBUG 10320 --- [ms-venta] [main] o.s.b.f.s.DefaultListableBeanFactory     : Creating shared instance of singleton bean 'mvcViewResolver'
2026-07-16T14:57:56.019-04:00 DEBUG 10320 --- [ms-venta] [main] o.s.b.f.s.DefaultListableBeanFactory     : Autowiring by type from bean name 'mvcViewResolver' via factory method to bean named 'mvcContentNegotiationManager'
2026-07-16T14:57:56.019-04:00 DEBUG 10320 --- [ms-venta] [main] o.s.b.f.s.DefaultListableBeanFactory     : Creating shared instance of singleton bean 'defaultViewResolver'
2026-07-16T14:57:56.021-04:00 DEBUG 10320 --- [ms-venta] [main] o.s.b.f.s.DefaultListableBeanFactory     : Creating shared instance of singleton bean 'viewResolver'
2026-07-16T14:57:56.021-04:00 DEBUG 10320 --- [ms-venta] [main] o.s.b.f.s.DefaultListableBeanFactory     : Autowiring by type from bean name 'viewResolver' via factory method to bean named 'org.springframework.beans.factory.support.DefaultListableBeanFactory@4f3b5c60'
2026-07-16T14:57:56.021-04:00 DEBUG 10320 --- [ms-venta] [main] o.s.b.f.s.DefaultListableBeanFactory     : Creating shared instance of singleton bean 'viewResolver'
2026-07-16T14:57:56.023-04:00 DEBUG 10320 --- [ms-venta] [main] o.s.b.f.s.DefaultListableBeanFactory     : Creating shared instance of singleton bean 'handlerFunctionAdapter'
2026-07-16T14:57:56.023-04:00 DEBUG 10320 --- [ms-venta] [main] o.s.b.f.s.DefaultListableBeanFactory     : Creating shared instance of singleton bean 'mvcUriComponentsContributor'
2026-07-16T14:57:56.025-04:00 DEBUG 10320 --- [ms-venta] [main] o.s.b.f.s.DefaultListableBeanFactory     : Autowiring by type from bean name 'mvcUriComponentsContributor' via factory method to bean named 'mvcConversionService'
2026-07-16T14:57:56.025-04:00 DEBUG 10320 --- [ms-venta] [main] o.s.b.f.s.DefaultListableBeanFactory     : Autowiring by type from bean name 'mvcUriComponentsContributor' via factory method to bean named 'requestMappingHandlerAdapter'
2026-07-16T14:57:56.025-04:00 DEBUG 10320 --- [ms-venta] [main] o.s.b.f.s.DefaultListableBeanFactory     : Creating shared instance of singleton bean 'httpRequestHandlerAdapter'
2026-07-16T14:57:56.027-04:00 DEBUG 10320 --- [ms-venta] [main] o.s.b.f.s.DefaultListableBeanFactory     : Creating shared instance of singleton bean 'simpleControllerHandlerAdapter'
2026-07-16T14:57:56.027-04:00 DEBUG 10320 --- [ms-venta] [main] o.s.b.f.s.DefaultListableBeanFactory     : Creating shared instance of singleton bean 'handlerExceptionResolver'
2026-07-16T14:57:56.027-04:00 DEBUG 10320 --- [ms-venta] [main] o.s.b.f.s.DefaultListableBeanFactory     : Autowiring by type from bean name 'handlerExceptionResolver' via factory method to bean named 'mvcContentNegotiationManager'
2026-07-16T14:57:56.030-04:00 DEBUG 10320 --- [ms-venta] [main] .m.m.a.ExceptionHandlerExceptionResolver : ControllerAdvice beans: 2 @ExceptionHandler, 1 ResponseBodyAdvice
2026-07-16T14:57:56.030-04:00 DEBUG 10320 --- [ms-venta] [main] o.s.b.f.s.DefaultListableBeanFactory     : Creating shared instance of singleton bean 'requestContextFilter'
2026-07-16T14:57:56.030-04:00 DEBUG 10320 --- [ms-venta] [main] o.s.b.f.s.DefaultListableBeanFactory     : Creating shared instance of singleton bean 'org.springframework.boot.webmvc.autoconfigure.WebMvcAutoConfiguration'
2026-07-16T14:57:56.030-04:00 DEBUG 10320 --- [ms-venta] [main] o.s.b.f.s.DefaultListableBeanFactory     : Creating shared instance of singleton bean 'formContentFilter'
2026-07-16T14:57:56.030-04:00 DEBUG 10320 --- [ms-venta] [main] o.s.b.f.s.DefaultListableBeanFactory     : Creating shared instance of singleton bean 'org.springdoc.core.configuration.SpringDocConfiguration$QuerydslProvider'
2026-07-16T14:57:56.034-04:00 DEBUG 10320 --- [ms-venta] [main] o.s.b.f.s.DefaultListableBeanFactory     : Creating shared instance of singleton bean 'queryDslQuerydslPredicateOperationCustomizer'
2026-07-16T14:57:56.034-04:00 DEBUG 10320 --- [ms-venta] [main] o.s.b.f.s.DefaultListableBeanFactory     : Autowiring by type from bean name 'queryDslQuerydslPredicateOperationCustomizer' via factory method to bean named 'org.springdoc.core.properties.SpringDocConfigProperties'
2026-07-16T14:57:56.034-04:00 DEBUG 10320 --- [ms-venta] [main] o.s.b.f.s.DefaultListableBeanFactory     : Creating shared instance of singleton bean 'org.springdoc.core.configuration.SpringDocConfiguration$SpringDocWebFluxSupportConfiguration'
2026-07-16T14:57:56.034-04:00 DEBUG 10320 --- [ms-venta] [main] o.s.b.f.s.DefaultListableBeanFactory     : Creating shared instance of singleton bean 'webFluxSupportConverter'
2026-07-16T14:57:56.034-04:00 DEBUG 10320 --- [ms-venta] [main] o.s.b.f.s.DefaultListableBeanFactory     : Autowiring by type from bean name 'webFluxSupportConverter' via factory method to bean named 'springdocObjectMapperProvider'
2026-07-16T14:57:56.044-04:00 DEBUG 10320 --- [ms-venta] [main] o.s.b.f.s.DefaultListableBeanFactory     : Creating shared instance of singleton bean 'org.springdoc.core.configuration.SpringDocConfiguration$SpringDocSpringDataWebPropertiesProvider'
2026-07-16T14:57:56.045-04:00 DEBUG 10320 --- [ms-venta] [main] o.s.b.f.s.DefaultListableBeanFactory     : Creating shared instance of singleton bean 'springDataWebPropertiesProvider'
2026-07-16T14:57:56.045-04:00 DEBUG 10320 --- [ms-venta] [main] o.s.b.f.s.DefaultListableBeanFactory     : Autowiring by type from bean name 'springDataWebPropertiesProvider' via factory method to bean named 'spring.data.web-org.springframework.boot.data.autoconfigure.web.DataWebProperties'
2026-07-16T14:57:56.045-04:00 DEBUG 10320 --- [ms-venta] [main] o.s.b.f.s.DefaultListableBeanFactory     : Creating shared instance of singleton bean 'org.springdoc.core.configuration.SpringDocConfiguration$WebConversionServiceConfiguration'
2026-07-16T14:57:56.046-04:00 DEBUG 10320 --- [ms-venta] [main] o.s.b.f.s.DefaultListableBeanFactory     : Creating shared instance of singleton bean 'webConversionServiceProvider'
2026-07-16T14:57:56.046-04:00 DEBUG 10320 --- [ms-venta] [main] o.s.b.f.s.DefaultListableBeanFactory     : Creating shared instance of singleton bean 'initExtraSchemas'
2026-07-16T14:57:56.068-04:00 DEBUG 10320 --- [ms-venta] [main] o.s.b.f.s.DefaultListableBeanFactory     : Creating shared instance of singleton bean 'localSpringDocParameterNameDiscoverer'
2026-07-16T14:57:56.069-04:00 DEBUG 10320 --- [ms-venta] [main] o.s.b.f.s.DefaultListableBeanFactory     : Creating shared instance of singleton bean 'additionalModelsConverter'
2026-07-16T14:57:56.070-04:00 DEBUG 10320 --- [ms-venta] [main] o.s.b.f.s.DefaultListableBeanFactory     : Autowiring by type from bean name 'additionalModelsConverter' via factory method to bean named 'springdocObjectMapperProvider'
2026-07-16T14:57:56.070-04:00 DEBUG 10320 --- [ms-venta] [main] o.s.b.f.s.DefaultListableBeanFactory     : Creating shared instance of singleton bean 'fileSupportConverter'
2026-07-16T14:57:56.070-04:00 DEBUG 10320 --- [ms-venta] [main] o.s.b.f.s.DefaultListableBeanFactory     : Autowiring by type from bean name 'fileSupportConverter' via factory method to bean named 'springdocObjectMapperProvider'
2026-07-16T14:57:56.072-04:00 DEBUG 10320 --- [ms-venta] [main] o.s.b.f.s.DefaultListableBeanFactory     : Creating shared instance of singleton bean 'responseSupportConverter'
2026-07-16T14:57:56.072-04:00 DEBUG 10320 --- [ms-venta] [main] o.s.b.f.s.DefaultListableBeanFactory     : Autowiring by type from bean name 'responseSupportConverter' via factory method to bean named 'springdocObjectMapperProvider'
2026-07-16T14:57:56.073-04:00 DEBUG 10320 --- [ms-venta] [main] o.s.b.f.s.DefaultListableBeanFactory     : Creating shared instance of singleton bean 'schemaPropertyDeprecatingConverter'
2026-07-16T14:57:56.075-04:00 DEBUG 10320 --- [ms-venta] [main] o.s.b.f.s.DefaultListableBeanFactory     : Creating shared instance of singleton bean 'polymorphicModelConverter'
2026-07-16T14:57:56.075-04:00 DEBUG 10320 --- [ms-venta] [main] o.s.b.f.s.DefaultListableBeanFactory     : Autowiring by type from bean name 'polymorphicModelConverter' via factory method to bean named 'springdocObjectMapperProvider'
2026-07-16T14:57:56.080-04:00 DEBUG 10320 --- [ms-venta] [main] o.s.b.f.s.DefaultListableBeanFactory     : Creating shared instance of singleton bean 'openAPIBuilder'
2026-07-16T14:57:56.082-04:00 DEBUG 10320 --- [ms-venta] [main] o.s.b.f.s.DefaultListableBeanFactory     : Creating shared instance of singleton bean 'securityParser'
2026-07-16T14:57:56.085-04:00 DEBUG 10320 --- [ms-venta] [main] o.s.b.f.s.DefaultListableBeanFactory     : Creating shared instance of singleton bean 'propertyResolverUtils'
2026-07-16T14:57:56.085-04:00 DEBUG 10320 --- [ms-venta] [main] o.s.b.f.s.DefaultListableBeanFactory     : Autowiring by type from bean name 'propertyResolverUtils' via factory method to bean named 'org.springframework.beans.factory.support.DefaultListableBeanFactory@4f3b5c60'
2026-07-16T14:57:56.085-04:00 DEBUG 10320 --- [ms-venta] [main] o.s.b.f.s.DefaultListableBeanFactory     : Autowiring by type from bean name 'propertyResolverUtils' via factory method to bean named 'messageSource'
2026-07-16T14:57:56.085-04:00 DEBUG 10320 --- [ms-venta] [main] o.s.b.f.s.DefaultListableBeanFactory     : Autowiring by type from bean name 'propertyResolverUtils' via factory method to bean named 'org.springdoc.core.properties.SpringDocConfigProperties'
2026-07-16T14:57:56.088-04:00 DEBUG 10320 --- [ms-venta] [main] o.s.b.f.s.DefaultListableBeanFactory     : Autowiring by type from bean name 'securityParser' via factory method to bean named 'propertyResolverUtils'
2026-07-16T14:57:56.097-04:00 DEBUG 10320 --- [ms-venta] [main] o.s.b.f.s.DefaultListableBeanFactory     : Autowiring by type from bean name 'openAPIBuilder' via factory method to bean named 'securityParser'
2026-07-16T14:57:56.097-04:00 DEBUG 10320 --- [ms-venta] [main] o.s.b.f.s.DefaultListableBeanFactory     : Autowiring by type from bean name 'openAPIBuilder' via factory method to bean named 'org.springdoc.core.properties.SpringDocConfigProperties'
2026-07-16T14:57:56.097-04:00 DEBUG 10320 --- [ms-venta] [main] o.s.b.f.s.DefaultListableBeanFactory     : Autowiring by type from bean name 'openAPIBuilder' via factory method to bean named 'propertyResolverUtils'
2026-07-16T14:57:56.104-04:00 DEBUG 10320 --- [ms-venta] [main] o.s.b.f.s.DefaultListableBeanFactory     : Creating shared instance of singleton bean 'modelConverterRegistrar'
2026-07-16T14:57:56.106-04:00 DEBUG 10320 --- [ms-venta] [main] o.s.b.f.s.DefaultListableBeanFactory     : Creating shared instance of singleton bean 'pageableOpenAPIConverter'
2026-07-16T14:57:56.106-04:00 DEBUG 10320 --- [ms-venta] [main] o.s.b.f.s.DefaultListableBeanFactory     : Creating shared instance of singleton bean 'org.springdoc.core.configuration.SpringDocPageableConfiguration'
2026-07-16T14:57:56.106-04:00 DEBUG 10320 --- [ms-venta] [main] o.s.b.f.s.DefaultListableBeanFactory     : Autowiring by type from bean name 'pageableOpenAPIConverter' via factory method to bean named 'springdocObjectMapperProvider'
2026-07-16T14:57:56.107-04:00 DEBUG 10320 --- [ms-venta] [main] o.s.b.f.s.DefaultListableBeanFactory     : Creating shared instance of singleton bean 'pageOpenAPIConverter'
2026-07-16T14:57:56.110-04:00 DEBUG 10320 --- [ms-venta] [main] o.s.b.f.s.DefaultListableBeanFactory     : Autowiring by type from bean name 'pageOpenAPIConverter' via factory method to bean named 'springDataWebSettings'
2026-07-16T14:57:56.110-04:00 DEBUG 10320 --- [ms-venta] [main] o.s.b.f.s.DefaultListableBeanFactory     : Autowiring by type from bean name 'pageOpenAPIConverter' via factory method to bean named 'springdocObjectMapperProvider'
2026-07-16T14:57:56.110-04:00 DEBUG 10320 --- [ms-venta] [main] o.s.b.f.s.DefaultListableBeanFactory     : Creating shared instance of singleton bean 'sortOpenAPIConverter'
2026-07-16T14:57:56.110-04:00 DEBUG 10320 --- [ms-venta] [main] o.s.b.f.s.DefaultListableBeanFactory     : Creating shared instance of singleton bean 'org.springdoc.core.configuration.SpringDocSortConfiguration'
2026-07-16T14:57:56.113-04:00 DEBUG 10320 --- [ms-venta] [main] o.s.b.f.s.DefaultListableBeanFactory     : Autowiring by type from bean name 'sortOpenAPIConverter' via factory method to bean named 'springdocObjectMapperProvider'
2026-07-16T14:57:56.113-04:00 DEBUG 10320 --- [ms-venta] [main] o.s.b.f.s.DefaultListableBeanFactory     : Autowiring by type from bean name 'modelConverterRegistrar' via factory method to bean named 'webFluxSupportConverter'
2026-07-16T14:57:56.113-04:00 DEBUG 10320 --- [ms-venta] [main] o.s.b.f.s.DefaultListableBeanFactory     : Autowiring by type from bean name 'modelConverterRegistrar' via factory method to bean named 'additionalModelsConverter'
2026-07-16T14:57:56.113-04:00 DEBUG 10320 --- [ms-venta] [main] o.s.b.f.s.DefaultListableBeanFactory     : Autowiring by type from bean name 'modelConverterRegistrar' via factory method to bean named 'fileSupportConverter'
2026-07-16T14:57:56.113-04:00 DEBUG 10320 --- [ms-venta] [main] o.s.b.f.s.DefaultListableBeanFactory     : Autowiring by type from bean name 'modelConverterRegistrar' via factory method to bean named 'responseSupportConverter'
2026-07-16T14:57:56.113-04:00 DEBUG 10320 --- [ms-venta] [main] o.s.b.f.s.DefaultListableBeanFactory     : Autowiring by type from bean name 'modelConverterRegistrar' via factory method to bean named 'schemaPropertyDeprecatingConverter'
2026-07-16T14:57:56.113-04:00 DEBUG 10320 --- [ms-venta] [main] o.s.b.f.s.DefaultListableBeanFactory     : Autowiring by type from bean name 'modelConverterRegistrar' via factory method to bean named 'polymorphicModelConverter'
2026-07-16T14:57:56.113-04:00 DEBUG 10320 --- [ms-venta] [main] o.s.b.f.s.DefaultListableBeanFactory     : Autowiring by type from bean name 'modelConverterRegistrar' via factory method to bean named 'pageableOpenAPIConverter'
2026-07-16T14:57:56.113-04:00 DEBUG 10320 --- [ms-venta] [main] o.s.b.f.s.DefaultListableBeanFactory     : Autowiring by type from bean name 'modelConverterRegistrar' via factory method to bean named 'pageOpenAPIConverter'
2026-07-16T14:57:56.113-04:00 DEBUG 10320 --- [ms-venta] [main] o.s.b.f.s.DefaultListableBeanFactory     : Autowiring by type from bean name 'modelConverterRegistrar' via factory method to bean named 'sortOpenAPIConverter'
2026-07-16T14:57:56.113-04:00 DEBUG 10320 --- [ms-venta] [main] o.s.b.f.s.DefaultListableBeanFactory     : Autowiring by type from bean name 'modelConverterRegistrar' via factory method to bean named 'org.springdoc.core.properties.SpringDocConfigProperties'
2026-07-16T14:57:56.151-04:00 DEBUG 10320 --- [ms-venta] [main] o.s.b.f.s.DefaultListableBeanFactory     : Creating shared instance of singleton bean 'operationBuilder'
2026-07-16T14:57:56.151-04:00 DEBUG 10320 --- [ms-venta] [main] o.s.b.f.s.DefaultListableBeanFactory     : Creating shared instance of singleton bean 'parameterBuilder'
2026-07-16T14:57:56.151-04:00 DEBUG 10320 --- [ms-venta] [main] o.s.b.f.s.DefaultListableBeanFactory     : Autowiring by type from bean name 'parameterBuilder' via factory method to bean named 'propertyResolverUtils'
2026-07-16T14:57:56.151-04:00 DEBUG 10320 --- [ms-venta] [main] o.s.b.f.s.DefaultListableBeanFactory     : Autowiring by type from bean name 'parameterBuilder' via factory method to bean named 'webConversionServiceProvider'
2026-07-16T14:57:56.151-04:00 DEBUG 10320 --- [ms-venta] [main] o.s.b.f.s.DefaultListableBeanFactory     : Autowiring by type from bean name 'parameterBuilder' via factory method to bean named 'springdocObjectMapperProvider'
2026-07-16T14:57:56.157-04:00 DEBUG 10320 --- [ms-venta] [main] o.s.b.f.s.DefaultListableBeanFactory     : Creating shared instance of singleton bean 'requestBodyBuilder'
2026-07-16T14:57:56.160-04:00 DEBUG 10320 --- [ms-venta] [main] o.s.b.f.s.DefaultListableBeanFactory     : Autowiring by type from bean name 'requestBodyBuilder' via factory method to bean named 'parameterBuilder'
2026-07-16T14:57:56.160-04:00 DEBUG 10320 --- [ms-venta] [main] o.s.b.f.s.DefaultListableBeanFactory     : Autowiring by type from bean name 'requestBodyBuilder' via factory method to bean named 'propertyResolverUtils'
2026-07-16T14:57:56.160-04:00 DEBUG 10320 --- [ms-venta] [main] o.s.b.f.s.DefaultListableBeanFactory     : Autowiring by type from bean name 'operationBuilder' via factory method to bean named 'parameterBuilder'
2026-07-16T14:57:56.160-04:00 DEBUG 10320 --- [ms-venta] [main] o.s.b.f.s.DefaultListableBeanFactory     : Autowiring by type from bean name 'operationBuilder' via factory method to bean named 'requestBodyBuilder'
2026-07-16T14:57:56.160-04:00 DEBUG 10320 --- [ms-venta] [main] o.s.b.f.s.DefaultListableBeanFactory     : Autowiring by type from bean name 'operationBuilder' via factory method to bean named 'securityParser'
2026-07-16T14:57:56.160-04:00 DEBUG 10320 --- [ms-venta] [main] o.s.b.f.s.DefaultListableBeanFactory     : Autowiring by type from bean name 'operationBuilder' via factory method to bean named 'propertyResolverUtils'
2026-07-16T14:57:56.164-04:00 DEBUG 10320 --- [ms-venta] [main] o.s.b.f.s.DefaultListableBeanFactory     : Creating shared instance of singleton bean 'springDocProviders'
2026-07-16T14:57:56.164-04:00 DEBUG 10320 --- [ms-venta] [main] o.s.b.f.s.DefaultListableBeanFactory     : Creating shared instance of singleton bean 'routerFunctionProvider'
2026-07-16T14:57:56.164-04:00 DEBUG 10320 --- [ms-venta] [main] o.s.b.f.s.DefaultListableBeanFactory     : Creating shared instance of singleton bean 'org.springdoc.webmvc.core.configuration.SpringDocWebMvcConfiguration$SpringDocWebMvcRouterConfiguration'
2026-07-16T14:57:56.168-04:00 DEBUG 10320 --- [ms-venta] [main] o.s.b.f.s.DefaultListableBeanFactory     : Creating shared instance of singleton bean 'springWebProvider'
2026-07-16T14:57:56.168-04:00 DEBUG 10320 --- [ms-venta] [main] o.s.b.f.s.DefaultListableBeanFactory     : Creating shared instance of singleton bean 'org.springdoc.webmvc.core.configuration.SpringDocWebMvcConfiguration'
2026-07-16T14:57:56.173-04:00 DEBUG 10320 --- [ms-venta] [main] o.s.b.f.s.DefaultListableBeanFactory     : Autowiring by type from bean name 'springWebProvider' via factory method to bean named 'mvcApiVersionStrategy'
2026-07-16T14:57:56.173-04:00 DEBUG 10320 --- [ms-venta] [main] o.s.b.f.s.DefaultListableBeanFactory     : Autowiring by type from bean name 'springDocProviders' via factory method to bean named 'routerFunctionProvider'
2026-07-16T14:57:56.176-04:00 DEBUG 10320 --- [ms-venta] [main] o.s.b.f.s.DefaultListableBeanFactory     : Autowiring by type from bean name 'springDocProviders' via factory method to bean named 'springWebProvider'
2026-07-16T14:57:56.176-04:00 DEBUG 10320 --- [ms-venta] [main] o.s.b.f.s.DefaultListableBeanFactory     : Autowiring by type from bean name 'springDocProviders' via factory method to bean named 'springdocObjectMapperProvider'
2026-07-16T14:57:56.178-04:00 DEBUG 10320 --- [ms-venta] [main] o.s.b.f.s.DefaultListableBeanFactory     : Creating shared instance of singleton bean 'springDocCustomizers'
2026-07-16T14:57:56.184-04:00 DEBUG 10320 --- [ms-venta] [main] o.s.b.f.s.DefaultListableBeanFactory     : Creating shared instance of singleton bean 'globalOpenApiCustomizer'
2026-07-16T14:57:56.193-04:00 DEBUG 10320 --- [ms-venta] [main] o.s.b.f.s.DefaultListableBeanFactory     : Creating shared instance of singleton bean 'parameterObjectNamingStrategyCustomizer'
2026-07-16T14:57:56.196-04:00 DEBUG 10320 --- [ms-venta] [main] o.s.b.f.s.DefaultListableBeanFactory     : Creating shared instance of singleton bean 'dataRestDelegatingMethodParameterCustomizer'
2026-07-16T14:57:56.198-04:00 DEBUG 10320 --- [ms-venta] [main] o.s.b.f.s.DefaultListableBeanFactory     : Autowiring by type from bean name 'dataRestDelegatingMethodParameterCustomizer' via factory method to bean named 'springDataWebPropertiesProvider'
2026-07-16T14:57:56.200-04:00 DEBUG 10320 --- [ms-venta] [main] o.s.b.f.s.DefaultListableBeanFactory     : Autowiring by type from bean name 'springDocCustomizers' via factory method to bean named 'globalOpenApiCustomizer'
2026-07-16T14:57:56.202-04:00 DEBUG 10320 --- [ms-venta] [main] o.s.b.f.s.DefaultListableBeanFactory     : Autowiring by type from bean name 'springDocCustomizers' via factory method to bean named 'parameterObjectNamingStrategyCustomizer'
2026-07-16T14:57:56.202-04:00 DEBUG 10320 --- [ms-venta] [main] o.s.b.f.s.DefaultListableBeanFactory     : Autowiring by type from bean name 'springDocCustomizers' via factory method to bean named 'dataRestDelegatingMethodParameterCustomizer'
2026-07-16T14:57:56.205-04:00 DEBUG 10320 --- [ms-venta] [main] o.s.b.f.s.DefaultListableBeanFactory     : Creating shared instance of singleton bean 'schemaUtils'
2026-07-16T14:57:56.207-04:00 DEBUG 10320 --- [ms-venta] [main] o.s.b.f.s.DefaultListableBeanFactory     : Creating shared instance of singleton bean 'methodParameterPojoExtractor'
2026-07-16T14:57:56.207-04:00 DEBUG 10320 --- [ms-venta] [main] o.s.b.f.s.DefaultListableBeanFactory     : Autowiring by type from bean name 'methodParameterPojoExtractor' via factory method to bean named 'schemaUtils'
2026-07-16T14:57:56.212-04:00 DEBUG 10320 --- [ms-venta] [main] o.s.b.f.s.DefaultListableBeanFactory     : Creating shared instance of singleton bean 'springDocAppInitializer'
2026-07-16T14:57:56.212-04:00 DEBUG 10320 --- [ms-venta] [main] o.s.b.f.s.DefaultListableBeanFactory     : Autowiring by type from bean name 'springDocAppInitializer' via factory method to bean named 'org.springdoc.core.properties.SpringDocConfigProperties'
2026-07-16T14:57:56.216-04:00 DEBUG 10320 --- [ms-venta] [main] o.s.b.f.s.DefaultListableBeanFactory     : Creating shared instance of singleton bean 'org.springdoc.core.configuration.SpringDocWebServerConfiguration$EmbeddedWebServerConfiguration'
2026-07-16T14:57:56.216-04:00 DEBUG 10320 --- [ms-venta] [main] o.s.b.f.s.DefaultListableBeanFactory     : Creating shared instance of singleton bean 'webServerPortProvider'
2026-07-16T14:57:56.217-04:00 DEBUG 10320 --- [ms-venta] [main] o.s.b.f.s.DefaultListableBeanFactory     : Creating shared instance of singleton bean 'server-org.springframework.boot.web.server.autoconfigure.ServerProperties'
2026-07-16T14:57:56.230-04:00 DEBUG 10320 --- [ms-venta] [main] o.s.b.f.s.DefaultListableBeanFactory     : Creating shared instance of singleton bean 'org.springdoc.webmvc.core.configuration.SpringDocWebMvcConfiguration$SpringDocWebMvcActuatorConfiguration'
2026-07-16T14:57:56.232-04:00 DEBUG 10320 --- [ms-venta] [main] o.s.b.f.s.DefaultListableBeanFactory     : Creating shared instance of singleton bean 'openApiResource'
2026-07-16T14:57:56.234-04:00 DEBUG 10320 --- [ms-venta] [main] o.s.b.f.s.DefaultListableBeanFactory     : Creating shared instance of singleton bean 'requestBuilder'
2026-07-16T14:57:56.234-04:00 DEBUG 10320 --- [ms-venta] [main] o.s.b.f.s.DefaultListableBeanFactory     : Autowiring by type from bean name 'requestBuilder' via factory method to bean named 'parameterBuilder'
2026-07-16T14:57:56.234-04:00 DEBUG 10320 --- [ms-venta] [main] o.s.b.f.s.DefaultListableBeanFactory     : Autowiring by type from bean name 'requestBuilder' via factory method to bean named 'requestBodyBuilder'
2026-07-16T14:57:56.234-04:00 DEBUG 10320 --- [ms-venta] [main] o.s.b.f.s.DefaultListableBeanFactory     : Autowiring by type from bean name 'requestBuilder' via factory method to bean named 'springDocCustomizers'
2026-07-16T14:57:56.234-04:00 DEBUG 10320 --- [ms-venta] [main] o.s.b.f.s.DefaultListableBeanFactory     : Autowiring by type from bean name 'requestBuilder' via factory method to bean named 'localSpringDocParameterNameDiscoverer'
2026-07-16T14:57:56.234-04:00 DEBUG 10320 --- [ms-venta] [main] o.s.b.f.s.DefaultListableBeanFactory     : Autowiring by type from bean name 'requestBuilder' via factory method to bean named 'methodParameterPojoExtractor'
2026-07-16T14:57:56.238-04:00 DEBUG 10320 --- [ms-venta] [main] o.s.b.f.s.DefaultListableBeanFactory     : Creating shared instance of singleton bean 'responseBuilder'
2026-07-16T14:57:56.239-04:00 DEBUG 10320 --- [ms-venta] [main] o.s.b.f.s.DefaultListableBeanFactory     : Autowiring by type from bean name 'responseBuilder' via factory method to bean named 'operationBuilder'
2026-07-16T14:57:56.239-04:00 DEBUG 10320 --- [ms-venta] [main] o.s.b.f.s.DefaultListableBeanFactory     : Autowiring by type from bean name 'responseBuilder' via factory method to bean named 'org.springdoc.core.properties.SpringDocConfigProperties'
2026-07-16T14:57:56.239-04:00 DEBUG 10320 --- [ms-venta] [main] o.s.b.f.s.DefaultListableBeanFactory     : Autowiring by type from bean name 'responseBuilder' via factory method to bean named 'propertyResolverUtils'
2026-07-16T14:57:56.243-04:00 DEBUG 10320 --- [ms-venta] [main] o.s.b.f.s.DefaultListableBeanFactory     : Autowiring by type from bean name 'openApiResource' via factory method to bean named 'requestBuilder'
2026-07-16T14:57:56.243-04:00 DEBUG 10320 --- [ms-venta] [main] o.s.b.f.s.DefaultListableBeanFactory     : Autowiring by type from bean name 'openApiResource' via factory method to bean named 'responseBuilder'
2026-07-16T14:57:56.243-04:00 DEBUG 10320 --- [ms-venta] [main] o.s.b.f.s.DefaultListableBeanFactory     : Autowiring by type from bean name 'openApiResource' via factory method to bean named 'operationBuilder'
2026-07-16T14:57:56.243-04:00 DEBUG 10320 --- [ms-venta] [main] o.s.b.f.s.DefaultListableBeanFactory     : Autowiring by type from bean name 'openApiResource' via factory method to bean named 'org.springdoc.core.properties.SpringDocConfigProperties'
2026-07-16T14:57:56.243-04:00 DEBUG 10320 --- [ms-venta] [main] o.s.b.f.s.DefaultListableBeanFactory     : Autowiring by type from bean name 'openApiResource' via factory method to bean named 'springDocProviders'
2026-07-16T14:57:56.243-04:00 DEBUG 10320 --- [ms-venta] [main] o.s.b.f.s.DefaultListableBeanFactory     : Autowiring by type from bean name 'openApiResource' via factory method to bean named 'springDocCustomizers'
2026-07-16T14:57:56.250-04:00 DEBUG 10320 --- [ms-venta] [main] o.s.b.f.s.DefaultListableBeanFactory     : Creating shared instance of singleton bean 'springDocApiVersionCustomizer'
2026-07-16T14:57:56.250-04:00 DEBUG 10320 --- [ms-venta] [main] o.s.b.f.s.DefaultListableBeanFactory     : Autowiring by type from bean name 'springDocApiVersionCustomizer' via factory method to bean named 'mvcApiVersionStrategy'
2026-07-16T14:57:56.250-04:00 DEBUG 10320 --- [ms-venta] [main] o.s.b.f.s.DefaultListableBeanFactory     : Autowiring by type from bean name 'springDocApiVersionCustomizer' via factory method to bean named 'org.springdoc.core.properties.SpringDocConfigProperties'
2026-07-16T14:57:56.250-04:00 DEBUG 10320 --- [ms-venta] [main] o.s.b.f.s.DefaultListableBeanFactory     : Autowiring by type from bean name 'springDocApiVersionCustomizer' via factory method to bean named 'org.springdoc.core.properties.SwaggerUiConfigProperties'
2026-07-16T14:57:56.250-04:00 DEBUG 10320 --- [ms-venta] [main] o.s.b.f.s.DefaultListableBeanFactory     : Autowiring by type from bean name 'springDocApiVersionCustomizer' via factory method to bean named 'requestMappingHandlerMapping'
2026-07-16T14:57:56.252-04:00 DEBUG 10320 --- [ms-venta] [main] o.s.b.f.s.DefaultListableBeanFactory     : Creating shared instance of singleton bean 'swaggerConfigResource'
2026-07-16T14:57:56.252-04:00 DEBUG 10320 --- [ms-venta] [main] o.s.b.f.s.DefaultListableBeanFactory     : Autowiring by type from bean name 'swaggerConfigResource' via factory method to bean named 'swaggerWelcome'
2026-07-16T14:57:56.252-04:00 DEBUG 10320 --- [ms-venta] [main] o.s.b.f.s.DefaultListableBeanFactory     : Creating shared instance of singleton bean 'springDocSwaggerInitializer'
2026-07-16T14:57:56.252-04:00 DEBUG 10320 --- [ms-venta] [main] o.s.b.f.s.DefaultListableBeanFactory     : Autowiring by type from bean name 'springDocSwaggerInitializer' via factory method to bean named 'org.springdoc.core.properties.SwaggerUiConfigProperties'
2026-07-16T14:57:56.252-04:00 DEBUG 10320 --- [ms-venta] [main] o.s.b.f.s.DefaultListableBeanFactory     : Creating shared instance of singleton bean 'org.springframework.boot.autoconfigure.aop.AopAutoConfiguration$AspectJAutoProxyingConfiguration$CglibAutoProxyConfiguration'
2026-07-16T14:57:56.252-04:00 DEBUG 10320 --- [ms-venta] [main] o.s.b.f.s.DefaultListableBeanFactory     : Creating shared instance of singleton bean 'org.springframework.boot.autoconfigure.aop.AopAutoConfiguration$AspectJAutoProxyingConfiguration'
2026-07-16T14:57:56.252-04:00 DEBUG 10320 --- [ms-venta] [main] o.s.b.f.s.DefaultListableBeanFactory     : Creating shared instance of singleton bean 'org.springframework.boot.autoconfigure.aop.AopAutoConfiguration'
2026-07-16T14:57:56.252-04:00 DEBUG 10320 --- [ms-venta] [main] o.s.b.f.s.DefaultListableBeanFactory     : Creating shared instance of singleton bean 'org.springframework.boot.autoconfigure.availability.ApplicationAvailabilityAutoConfiguration'
2026-07-16T14:57:56.252-04:00 DEBUG 10320 --- [ms-venta] [main] o.s.b.f.s.DefaultListableBeanFactory     : Creating shared instance of singleton bean 'applicationAvailability'
2026-07-16T14:57:56.256-04:00 DEBUG 10320 --- [ms-venta] [main] o.s.b.f.s.DefaultListableBeanFactory     : Creating shared instance of singleton bean 'org.springframework.boot.autoconfigure.context.ConfigurationPropertiesAutoConfiguration'
2026-07-16T14:57:56.256-04:00 DEBUG 10320 --- [ms-venta] [main] o.s.b.f.s.DefaultListableBeanFactory     : Creating shared instance of singleton bean 'org.springframework.boot.autoconfigure.context.LifecycleAutoConfiguration'
2026-07-16T14:57:56.256-04:00 DEBUG 10320 --- [ms-venta] [main] o.s.b.f.s.DefaultListableBeanFactory     : Creating shared instance of singleton bean 'lifecycleProcessor'
2026-07-16T14:57:56.256-04:00 DEBUG 10320 --- [ms-venta] [main] o.s.b.f.s.DefaultListableBeanFactory     : Creating shared instance of singleton bean 'spring.lifecycle-org.springframework.boot.autoconfigure.context.LifecycleProperties'
2026-07-16T14:57:56.256-04:00 DEBUG 10320 --- [ms-venta] [main] o.s.b.f.s.DefaultListableBeanFactory     : Autowiring by type from bean name 'lifecycleProcessor' via factory method to bean named 'spring.lifecycle-org.springframework.boot.autoconfigure.context.LifecycleProperties'
2026-07-16T14:57:56.260-04:00 DEBUG 10320 --- [ms-venta] [main] o.s.b.f.s.DefaultListableBeanFactory     : Creating shared instance of singleton bean 'org.springframework.boot.autoconfigure.info.ProjectInfoAutoConfiguration'
2026-07-16T14:57:56.261-04:00 DEBUG 10320 --- [ms-venta] [main] o.s.b.f.s.DefaultListableBeanFactory     : Creating shared instance of singleton bean 'spring.info-org.springframework.boot.autoconfigure.info.ProjectInfoProperties'
2026-07-16T14:57:56.263-04:00 DEBUG 10320 --- [ms-venta] [main] o.s.b.f.s.DefaultListableBeanFactory     : Autowiring by type from bean name 'org.springframework.boot.autoconfigure.info.ProjectInfoAutoConfiguration' via constructor to bean named 'spring.info-org.springframework.boot.autoconfigure.info.ProjectInfoProperties'
2026-07-16T14:57:56.263-04:00 DEBUG 10320 --- [ms-venta] [main] o.s.b.f.s.DefaultListableBeanFactory     : Creating shared instance of singleton bean 'org.springframework.boot.autoconfigure.ssl.SslAutoConfiguration'
2026-07-16T14:57:56.265-04:00 DEBUG 10320 --- [ms-venta] [main] o.s.b.f.s.DefaultListableBeanFactory     : Creating shared instance of singleton bean 'spring.ssl-org.springframework.boot.autoconfigure.ssl.SslProperties'
2026-07-16T14:57:56.265-04:00 DEBUG 10320 --- [ms-venta] [main] o.s.b.f.s.DefaultListableBeanFactory     : Autowiring by type from bean name 'org.springframework.boot.autoconfigure.ssl.SslAutoConfiguration' via constructor to bean named 'org.springframework.web.context.support.GenericWebApplicationContext@24e95bd4'
2026-07-16T14:57:56.265-04:00 DEBUG 10320 --- [ms-venta] [main] o.s.b.f.s.DefaultListableBeanFactory     : Autowiring by type from bean name 'org.springframework.boot.autoconfigure.ssl.SslAutoConfiguration' via constructor to bean named 'spring.ssl-org.springframework.boot.autoconfigure.ssl.SslProperties'
2026-07-16T14:57:56.272-04:00 DEBUG 10320 --- [ms-venta] [main] o.s.b.f.s.DefaultListableBeanFactory     : Creating shared instance of singleton bean 'fileWatcher'
2026-07-16T14:57:56.275-04:00 DEBUG 10320 --- [ms-venta] [main] o.s.b.f.s.DefaultListableBeanFactory     : Creating shared instance of singleton bean 'sslPropertiesSslBundleRegistrar'
2026-07-16T14:57:56.275-04:00 DEBUG 10320 --- [ms-venta] [main] o.s.b.f.s.DefaultListableBeanFactory     : Autowiring by type from bean name 'sslPropertiesSslBundleRegistrar' via factory method to bean named 'fileWatcher'
2026-07-16T14:57:56.279-04:00 DEBUG 10320 --- [ms-venta] [main] o.s.b.f.s.DefaultListableBeanFactory     : Creating shared instance of singleton bean 'sslBundleRegistry'
2026-07-16T14:57:56.283-04:00 DEBUG 10320 --- [ms-venta] [main] o.s.b.f.s.DefaultListableBeanFactory     : Creating shared instance of singleton bean 'org.springframework.boot.autoconfigure.task.TaskSchedulingConfigurations$ThreadPoolTaskSchedulerBuilderConfiguration'
2026-07-16T14:57:56.283-04:00 DEBUG 10320 --- [ms-venta] [main] o.s.b.f.s.DefaultListableBeanFactory     : Creating shared instance of singleton bean 'threadPoolTaskSchedulerBuilder'
2026-07-16T14:57:56.287-04:00 DEBUG 10320 --- [ms-venta] [main] o.s.b.f.s.DefaultListableBeanFactory     : Creating shared instance of singleton bean 'spring.task.scheduling-org.springframework.boot.autoconfigure.task.TaskSchedulingProperties'
2026-07-16T14:57:56.287-04:00 DEBUG 10320 --- [ms-venta] [main] o.s.b.f.s.DefaultListableBeanFactory     : Autowiring by type from bean name 'threadPoolTaskSchedulerBuilder' via factory method to bean named 'spring.task.scheduling-org.springframework.boot.autoconfigure.task.TaskSchedulingProperties'
2026-07-16T14:57:56.291-04:00 DEBUG 10320 --- [ms-venta] [main] o.s.b.f.s.DefaultListableBeanFactory     : Creating shared instance of singleton bean 'org.springframework.boot.autoconfigure.task.TaskSchedulingConfigurations$SimpleAsyncTaskSchedulerBuilderConfiguration'
2026-07-16T14:57:56.291-04:00 DEBUG 10320 --- [ms-venta] [main] o.s.b.f.s.DefaultListableBeanFactory     : Autowiring by type from bean name 'org.springframework.boot.autoconfigure.task.TaskSchedulingConfigurations$SimpleAsyncTaskSchedulerBuilderConfiguration' via constructor to bean named 'spring.task.scheduling-org.springframework.boot.autoconfigure.task.TaskSchedulingProperties'
2026-07-16T14:57:56.293-04:00 DEBUG 10320 --- [ms-venta] [main] o.s.b.f.s.DefaultListableBeanFactory     : Creating shared instance of singleton bean 'simpleAsyncTaskSchedulerBuilder'
2026-07-16T14:57:56.294-04:00 DEBUG 10320 --- [ms-venta] [main] o.s.b.f.s.DefaultListableBeanFactory     : Creating shared instance of singleton bean 'org.springframework.boot.autoconfigure.task.TaskSchedulingAutoConfiguration'
2026-07-16T14:57:56.296-04:00 DEBUG 10320 --- [ms-venta] [main] o.s.b.f.s.DefaultListableBeanFactory     : Creating shared instance of singleton bean 'org.springframework.boot.transaction.jta.autoconfigure.JtaAutoConfiguration'
2026-07-16T14:57:56.296-04:00 DEBUG 10320 --- [ms-venta] [main] o.s.b.f.s.DefaultListableBeanFactory     : Creating shared instance of singleton bean 'org.springframework.boot.jdbc.autoconfigure.DataSourcePoolMetadataProvidersConfiguration'
2026-07-16T14:57:56.296-04:00 DEBUG 10320 --- [ms-venta] [main] o.s.b.f.s.DefaultListableBeanFactory     : Creating shared instance of singleton bean 'org.springframework.boot.jdbc.autoconfigure.DataSourceAutoConfiguration'
2026-07-16T14:57:56.296-04:00 DEBUG 10320 --- [ms-venta] [main] o.s.b.f.s.DefaultListableBeanFactory     : Creating shared instance of singleton bean 'org.springframework.boot.transaction.autoconfigure.TransactionManagerCustomizationAutoConfiguration'
2026-07-16T14:57:56.296-04:00 DEBUG 10320 --- [ms-venta] [main] o.s.b.f.s.DefaultListableBeanFactory     : Creating shared instance of singleton bean 'platformTransactionManagerCustomizers'
2026-07-16T14:57:56.298-04:00 DEBUG 10320 --- [ms-venta] [main] o.s.b.f.s.DefaultListableBeanFactory     : Creating shared instance of singleton bean 'transactionExecutionListeners'
2026-07-16T14:57:56.300-04:00 DEBUG 10320 --- [ms-venta] [main] o.s.b.f.s.DefaultListableBeanFactory     : Creating shared instance of singleton bean 'spring.transaction-org.springframework.boot.transaction.autoconfigure.TransactionProperties'
2026-07-16T14:57:56.302-04:00 DEBUG 10320 --- [ms-venta] [main] o.s.b.f.s.DefaultListableBeanFactory     : Creating shared instance of singleton bean 'loggingRebinder'
2026-07-16T14:57:56.302-04:00 DEBUG 10320 --- [ms-venta] [main] o.s.b.f.s.DefaultListableBeanFactory     : Creating shared instance of singleton bean 'refreshScopeLifecycle'
2026-07-16T14:57:56.302-04:00 DEBUG 10320 --- [ms-venta] [main] o.s.b.f.s.DefaultListableBeanFactory     : Autowiring by type from bean name 'refreshScopeLifecycle' via factory method to bean named 'configDataContextRefresher'
2026-07-16T14:57:56.304-04:00 DEBUG 10320 --- [ms-venta] [main] o.s.b.f.s.DefaultListableBeanFactory     : Creating shared instance of singleton bean 'org.springframework.boot.jpa.autoconfigure.JpaBaseConfiguration$PersistenceManagedTypesConfiguration'
2026-07-16T14:57:56.304-04:00 DEBUG 10320 --- [ms-venta] [main] o.s.b.f.s.DefaultListableBeanFactory     : Creating shared instance of singleton bean 'transactionManager'
2026-07-16T14:57:56.318-04:00 DEBUG 10320 --- [ms-venta] [main] o.s.b.f.s.DefaultListableBeanFactory     : Creating shared instance of singleton bean 'org.springframework.boot.hibernate.autoconfigure.HibernateJpaAutoConfiguration'
2026-07-16T14:57:56.318-04:00 DEBUG 10320 --- [ms-venta] [main] o.s.b.f.s.DefaultListableBeanFactory     : Creating shared instance of singleton bean 'org.springframework.data.web.config.ProjectingArgumentResolverRegistrar'
2026-07-16T14:57:56.318-04:00 DEBUG 10320 --- [ms-venta] [main] o.s.b.f.s.DefaultListableBeanFactory     : Creating shared instance of singleton bean 'offsetResolver'
2026-07-16T14:57:56.318-04:00 DEBUG 10320 --- [ms-venta] [main] o.s.b.f.s.DefaultListableBeanFactory     : Creating shared instance of singleton bean 'org.springframework.data.web.config.SpringDataJacksonConfiguration'
2026-07-16T14:57:56.318-04:00 DEBUG 10320 --- [ms-venta] [main] o.s.b.f.s.DefaultListableBeanFactory     : Creating shared instance of singleton bean 'jacksonGeoModule'
2026-07-16T14:57:56.318-04:00 DEBUG 10320 --- [ms-venta] [main] o.s.b.f.s.DefaultListableBeanFactory     : Creating shared instance of singleton bean 'pageModule'
2026-07-16T14:57:56.322-04:00 DEBUG 10320 --- [ms-venta] [main] o.s.b.f.s.DefaultListableBeanFactory     : Creating shared instance of singleton bean 'org.springframework.boot.data.jpa.autoconfigure.DataJpaRepositoriesAutoConfiguration'
2026-07-16T14:57:56.322-04:00 DEBUG 10320 --- [ms-venta] [main] o.s.b.f.s.DefaultListableBeanFactory     : Creating shared instance of singleton bean 'eagerJpaMetamodelCacheCleanup'
2026-07-16T14:57:56.323-04:00 DEBUG 10320 --- [ms-venta] [main] o.s.b.f.s.DefaultListableBeanFactory     : Creating shared instance of singleton bean 'org.springframework.data.jpa.util.JpaMetamodelCacheCleanup'
2026-07-16T14:57:56.323-04:00 DEBUG 10320 --- [ms-venta] [main] o.s.b.f.s.DefaultListableBeanFactory     : Creating shared instance of singleton bean 'org.springframework.data.jpa.repository.support.JpaEvaluationContextExtension'
2026-07-16T14:57:56.324-04:00 DEBUG 10320 --- [ms-venta] [main] o.s.b.f.s.DefaultListableBeanFactory     : Creating shared instance of singleton bean 'data-jpa.repository-aot-processor#0'
2026-07-16T14:57:56.333-04:00 DEBUG 10320 --- [ms-venta] [main] o.s.b.f.s.DefaultListableBeanFactory     : Creating shared instance of singleton bean 'org.springframework.boot.http.client.autoconfigure.HttpClientAutoConfiguration'
2026-07-16T14:57:56.335-04:00 DEBUG 10320 --- [ms-venta] [main] o.s.b.f.s.DefaultListableBeanFactory     : Creating shared instance of singleton bean 'httpClientSettings'
2026-07-16T14:57:56.335-04:00 DEBUG 10320 --- [ms-venta] [main] o.s.b.f.s.DefaultListableBeanFactory     : Creating shared instance of singleton bean 'spring.http.clients-org.springframework.boot.http.client.autoconfigure.HttpClientsProperties'
2026-07-16T14:57:56.336-04:00 DEBUG 10320 --- [ms-venta] [main] o.s.b.f.s.DefaultListableBeanFactory     : Autowiring by type from bean name 'httpClientSettings' via factory method to bean named 'spring.http.clients-org.springframework.boot.http.client.autoconfigure.HttpClientsProperties'
2026-07-16T14:57:56.344-04:00 DEBUG 10320 --- [ms-venta] [main] o.s.b.f.s.DefaultListableBeanFactory     : Creating shared instance of singleton bean 'org.springframework.boot.http.client.autoconfigure.imperative.ImperativeHttpClientAutoConfiguration'
2026-07-16T14:57:56.344-04:00 DEBUG 10320 --- [ms-venta] [main] o.s.b.f.s.DefaultListableBeanFactory     : Autowiring by type from bean name 'org.springframework.boot.http.client.autoconfigure.imperative.ImperativeHttpClientAutoConfiguration' via constructor to bean named 'environment'
2026-07-16T14:57:56.345-04:00 DEBUG 10320 --- [ms-venta] [main] o.s.b.f.s.DefaultListableBeanFactory     : Creating shared instance of singleton bean 'clientHttpRequestFactoryBuilder'
2026-07-16T14:57:56.345-04:00 DEBUG 10320 --- [ms-venta] [main] o.s.b.f.s.DefaultListableBeanFactory     : Creating shared instance of singleton bean 'spring.http.clients.imperative-org.springframework.boot.http.client.autoconfigure.imperative.ImperativeHttpClientsProperties'
2026-07-16T14:57:56.345-04:00 DEBUG 10320 --- [ms-venta] [main] o.s.b.f.s.DefaultListableBeanFactory     : Autowiring by type from bean name 'clientHttpRequestFactoryBuilder' via factory method to bean named 'org.springframework.web.context.support.GenericWebApplicationContext@24e95bd4'
2026-07-16T14:57:56.345-04:00 DEBUG 10320 --- [ms-venta] [main] o.s.b.f.s.DefaultListableBeanFactory     : Autowiring by type from bean name 'clientHttpRequestFactoryBuilder' via factory method to bean named 'spring.http.clients.imperative-org.springframework.boot.http.client.autoconfigure.imperative.ImperativeHttpClientsProperties'
2026-07-16T14:57:56.359-04:00 DEBUG 10320 --- [ms-venta] [main] o.s.b.f.s.DefaultListableBeanFactory     : Creating shared instance of singleton bean 'org.springframework.boot.http.client.autoconfigure.reactive.ReactiveHttpClientAutoConfiguration'
2026-07-16T14:57:56.359-04:00 DEBUG 10320 --- [ms-venta] [main] o.s.b.f.s.DefaultListableBeanFactory     : Autowiring by type from bean name 'org.springframework.boot.http.client.autoconfigure.reactive.ReactiveHttpClientAutoConfiguration' via constructor to bean named 'environment'
2026-07-16T14:57:56.359-04:00 DEBUG 10320 --- [ms-venta] [main] o.s.b.f.s.DefaultListableBeanFactory     : Creating shared instance of singleton bean 'clientHttpConnectorBuilder'
2026-07-16T14:57:56.359-04:00 DEBUG 10320 --- [ms-venta] [main] o.s.b.f.s.DefaultListableBeanFactory     : Creating shared instance of singleton bean 'spring.http.clients.reactive-org.springframework.boot.http.client.autoconfigure.reactive.ReactiveHttpClientsProperties'
2026-07-16T14:57:56.359-04:00 DEBUG 10320 --- [ms-venta] [main] o.s.b.f.s.DefaultListableBeanFactory     : Autowiring by type from bean name 'clientHttpConnectorBuilder' via factory method to bean named 'org.springframework.web.context.support.GenericWebApplicationContext@24e95bd4'
2026-07-16T14:57:56.359-04:00 DEBUG 10320 --- [ms-venta] [main] o.s.b.f.s.DefaultListableBeanFactory     : Autowiring by type from bean name 'clientHttpConnectorBuilder' via factory method to bean named 'spring.http.clients.reactive-org.springframework.boot.http.client.autoconfigure.reactive.ReactiveHttpClientsProperties'
2026-07-16T14:57:56.359-04:00 DEBUG 10320 --- [ms-venta] [main] o.s.b.f.s.DefaultListableBeanFactory     : Creating shared instance of singleton bean 'org.springframework.boot.http.client.autoconfigure.service.HttpServiceClientPropertiesAutoConfiguration'
2026-07-16T14:57:56.359-04:00 DEBUG 10320 --- [ms-venta] [main] o.s.b.f.s.DefaultListableBeanFactory     : Creating shared instance of singleton bean 'httpServiceClientProperties'
2026-07-16T14:57:56.359-04:00 DEBUG 10320 --- [ms-venta] [main] o.s.b.f.s.DefaultListableBeanFactory     : Autowiring by type from bean name 'httpServiceClientProperties' via factory method to bean named 'environment'
2026-07-16T14:57:56.359-04:00 DEBUG 10320 --- [ms-venta] [main] o.s.b.f.s.DefaultListableBeanFactory     : Creating shared instance of singleton bean 'org.springframework.boot.jackson2.autoconfigure.Jackson2AutoConfiguration$Jackson2ObjectMapperBuilderCustomizerConfiguration'
2026-07-16T14:57:56.359-04:00 DEBUG 10320 --- [ms-venta] [main] o.s.b.f.s.DefaultListableBeanFactory     : Creating shared instance of singleton bean 'standardJackson2ObjectMapperBuilderCustomizer'
2026-07-16T14:57:56.359-04:00 DEBUG 10320 --- [ms-venta] [main] o.s.b.f.s.DefaultListableBeanFactory     : Creating shared instance of singleton bean 'spring.jackson2-org.springframework.boot.jackson2.autoconfigure.Jackson2Properties'
2026-07-16T14:57:56.373-04:00 DEBUG 10320 --- [ms-venta] [main] o.s.b.f.s.DefaultListableBeanFactory     : Autowiring by type from bean name 'standardJackson2ObjectMapperBuilderCustomizer' via factory method to bean named 'spring.jackson2-org.springframework.boot.jackson2.autoconfigure.Jackson2Properties'
2026-07-16T14:57:56.373-04:00 DEBUG 10320 --- [ms-venta] [main] o.s.b.f.s.DefaultListableBeanFactory     : Creating shared instance of singleton bean 'jackson2ParameterNamesModule'
2026-07-16T14:57:56.373-04:00 DEBUG 10320 --- [ms-venta] [main] o.s.b.f.s.DefaultListableBeanFactory     : Creating shared instance of singleton bean 'org.springframework.boot.jackson2.autoconfigure.Jackson2AutoConfiguration$ParameterNamesModuleConfiguration'
2026-07-16T14:57:56.373-04:00 DEBUG 10320 --- [ms-venta] [main] o.s.b.f.s.DefaultListableBeanFactory     : Creating shared instance of singleton bean 'jackson2JsonMixinModule'
2026-07-16T14:57:56.373-04:00 DEBUG 10320 --- [ms-venta] [main] o.s.b.f.s.DefaultListableBeanFactory     : Creating shared instance of singleton bean 'org.springframework.boot.jackson2.autoconfigure.Jackson2AutoConfiguration$JacksonMixinConfiguration'
2026-07-16T14:57:56.375-04:00 DEBUG 10320 --- [ms-venta] [main] o.s.b.f.s.DefaultListableBeanFactory     : Creating shared instance of singleton bean 'jackson2JsonMixinModuleEntries'
2026-07-16T14:57:56.375-04:00 DEBUG 10320 --- [ms-venta] [main] o.s.b.f.s.DefaultListableBeanFactory     : Autowiring by type from bean name 'jackson2JsonMixinModuleEntries' via factory method to bean named 'org.springframework.web.context.support.GenericWebApplicationContext@24e95bd4'
2026-07-16T14:57:56.380-04:00 DEBUG 10320 --- [ms-venta] [main] o.s.b.f.s.DefaultListableBeanFactory     : Autowiring by type from bean name 'jackson2JsonMixinModule' via factory method to bean named 'org.springframework.web.context.support.GenericWebApplicationContext@24e95bd4'
2026-07-16T14:57:56.380-04:00 DEBUG 10320 --- [ms-venta] [main] o.s.b.f.s.DefaultListableBeanFactory     : Autowiring by type from bean name 'jackson2JsonMixinModule' via factory method to bean named 'jackson2JsonMixinModuleEntries'
2026-07-16T14:57:56.380-04:00 DEBUG 10320 --- [ms-venta] [main] o.s.b.f.s.DefaultListableBeanFactory     : Creating shared instance of singleton bean 'jackson2JsonComponentModule'
2026-07-16T14:57:56.380-04:00 DEBUG 10320 --- [ms-venta] [main] o.s.b.f.s.DefaultListableBeanFactory     : Creating shared instance of singleton bean 'org.springframework.boot.jackson2.autoconfigure.Jackson2AutoConfiguration'
2026-07-16T14:57:56.380-04:00 DEBUG 10320 --- [ms-venta] [main] o.s.b.f.s.DefaultListableBeanFactory     : Creating shared instance of singleton bean 'org.springframework.boot.jackson2.autoconfigure.Jackson2AutoConfiguration$JacksonObjectMapperBuilderConfiguration'
2026-07-16T14:57:56.380-04:00 DEBUG 10320 --- [ms-venta] [main] o.s.b.f.s.DefaultListableBeanFactory     : Creating shared instance of singleton bean 'org.springframework.boot.jackson2.autoconfigure.Jackson2AutoConfiguration$JacksonObjectMapperConfiguration'
2026-07-16T14:57:56.380-04:00 DEBUG 10320 --- [ms-venta] [main] o.s.b.f.s.DefaultListableBeanFactory     : Creating shared instance of singleton bean 'jackson2ObjectMapper'
2026-07-16T14:57:56.384-04:00 DEBUG 10320 --- [ms-venta] [main] o.s.b.f.s.DefaultListableBeanFactory     : Autowiring by type from bean name 'jackson2ObjectMapperBuilder' via factory method to bean named 'org.springframework.web.context.support.GenericWebApplicationContext@24e95bd4'
2026-07-16T14:57:56.384-04:00 DEBUG 10320 --- [ms-venta] [main] o.s.b.f.s.DefaultListableBeanFactory     : Autowiring by type from bean name 'jackson2ObjectMapperBuilder' via factory method to bean named 'standardJackson2ObjectMapperBuilderCustomizer'
2026-07-16T14:57:56.384-04:00 DEBUG 10320 --- [ms-venta] [main] o.s.b.f.s.DefaultListableBeanFactory     : Autowiring by type from bean name 'jackson2ObjectMapper' via factory method to bean named 'jackson2ObjectMapperBuilder'
2026-07-16T14:57:56.386-04:00 DEBUG 10320 --- [ms-venta] [main] o.s.b.f.s.DefaultListableBeanFactory     : Creating shared instance of singleton bean 'org.springframework.boot.http.converter.autoconfigure.JacksonHttpMessageConvertersConfiguration'
2026-07-16T14:57:56.386-04:00 DEBUG 10320 --- [ms-venta] [main] o.s.b.f.s.DefaultListableBeanFactory     : Creating shared instance of singleton bean 'org.springframework.boot.http.converter.autoconfigure.Jackson2HttpMessageConvertersConfiguration'
2026-07-16T14:57:56.386-04:00 DEBUG 10320 --- [ms-venta] [main] o.s.b.f.s.DefaultListableBeanFactory     : Creating shared instance of singleton bean 'org.springframework.boot.http.converter.autoconfigure.GsonHttpMessageConvertersConfiguration'
2026-07-16T14:57:56.386-04:00 DEBUG 10320 --- [ms-venta] [main] o.s.b.f.s.DefaultListableBeanFactory     : Creating shared instance of singleton bean 'clientConvertersCustomizer'
2026-07-16T14:57:56.386-04:00 DEBUG 10320 --- [ms-venta] [main] o.s.b.f.s.DefaultListableBeanFactory     : Creating shared instance of singleton bean 'org.springframework.boot.jdbc.autoconfigure.JdbcTemplateConfiguration'
2026-07-16T14:57:56.386-04:00 DEBUG 10320 --- [ms-venta] [main] o.s.b.f.s.DefaultListableBeanFactory     : Creating shared instance of singleton bean 'jdbcTemplate'
2026-07-16T14:57:56.389-04:00 DEBUG 10320 --- [ms-venta] [main] o.s.b.f.s.DefaultListableBeanFactory     : Creating shared instance of singleton bean 'spring.jdbc-org.springframework.boot.jdbc.autoconfigure.JdbcProperties'
2026-07-16T14:57:56.389-04:00 DEBUG 10320 --- [ms-venta] [main] o.s.b.f.s.DefaultListableBeanFactory     : Autowiring by type from bean name 'jdbcTemplate' via factory method to bean named 'dataSource'
2026-07-16T14:57:56.389-04:00 DEBUG 10320 --- [ms-venta] [main] o.s.b.f.s.DefaultListableBeanFactory     : Autowiring by type from bean name 'jdbcTemplate' via factory method to bean named 'spring.jdbc-org.springframework.boot.jdbc.autoconfigure.JdbcProperties'
2026-07-16T14:57:56.405-04:00 DEBUG 10320 --- [ms-venta] [main] o.s.b.f.s.DefaultListableBeanFactory     : Creating shared instance of singleton bean 'org.springframework.boot.jdbc.autoconfigure.NamedParameterJdbcTemplateConfiguration'
2026-07-16T14:57:56.406-04:00 DEBUG 10320 --- [ms-venta] [main] o.s.b.f.s.DefaultListableBeanFactory     : Creating shared instance of singleton bean 'namedParameterJdbcTemplate'
2026-07-16T14:57:56.406-04:00 DEBUG 10320 --- [ms-venta] [main] o.s.b.f.s.DefaultListableBeanFactory     : Autowiring by type from bean name 'namedParameterJdbcTemplate' via factory method to bean named 'jdbcTemplate'
2026-07-16T14:57:56.408-04:00 DEBUG 10320 --- [ms-venta] [main] o.s.b.f.s.DefaultListableBeanFactory     : Creating shared instance of singleton bean 'org.springframework.boot.jdbc.autoconfigure.JdbcTemplateAutoConfiguration'
2026-07-16T14:57:56.408-04:00 DEBUG 10320 --- [ms-venta] [main] o.s.b.f.s.DefaultListableBeanFactory     : Creating shared instance of singleton bean 'org.springframework.boot.jdbc.autoconfigure.JdbcClientAutoConfiguration'
2026-07-16T14:57:56.408-04:00 DEBUG 10320 --- [ms-venta] [main] o.s.b.f.s.DefaultListableBeanFactory     : Creating shared instance of singleton bean 'jdbcClient'
2026-07-16T14:57:56.408-04:00 DEBUG 10320 --- [ms-venta] [main] o.s.b.f.s.DefaultListableBeanFactory     : Autowiring by type from bean name 'jdbcClient' via factory method to bean named 'namedParameterJdbcTemplate'
2026-07-16T14:57:56.413-04:00 DEBUG 10320 --- [ms-venta] [main] o.s.b.f.s.DefaultListableBeanFactory     : Creating shared instance of singleton bean 'org.springframework.boot.persistence.autoconfigure.PersistenceExceptionTranslationAutoConfiguration'
2026-07-16T14:57:56.413-04:00 DEBUG 10320 --- [ms-venta] [main] o.s.b.f.s.DefaultListableBeanFactory     : Creating shared instance of singleton bean 'org.springframework.boot.restclient.autoconfigure.RestClientAutoConfiguration$HttpMessageConvertersConfiguration'
2026-07-16T14:57:56.413-04:00 DEBUG 10320 --- [ms-venta] [main] o.s.b.f.s.DefaultListableBeanFactory     : Creating shared instance of singleton bean 'httpMessageConvertersRestClientCustomizer'
2026-07-16T14:57:56.413-04:00 DEBUG 10320 --- [ms-venta] [main] o.s.b.f.s.DefaultListableBeanFactory     : Creating shared instance of singleton bean 'org.springframework.boot.restclient.autoconfigure.RestClientAutoConfiguration'
2026-07-16T14:57:56.416-04:00 DEBUG 10320 --- [ms-venta] [main] o.s.b.f.s.DefaultListableBeanFactory     : Creating shared instance of singleton bean 'restClientSsl'
2026-07-16T14:57:56.416-04:00 DEBUG 10320 --- [ms-venta] [main] o.s.b.f.s.DefaultListableBeanFactory     : Autowiring by type from bean name 'restClientSsl' via factory method to bean named 'org.springframework.web.context.support.GenericWebApplicationContext@24e95bd4'
2026-07-16T14:57:56.416-04:00 DEBUG 10320 --- [ms-venta] [main] o.s.b.f.s.DefaultListableBeanFactory     : Autowiring by type from bean name 'restClientSsl' via factory method to bean named 'sslBundleRegistry'
2026-07-16T14:57:56.417-04:00 DEBUG 10320 --- [ms-venta] [main] o.s.b.f.s.DefaultListableBeanFactory     : Creating shared instance of singleton bean 'restClientBuilderConfigurer'
2026-07-16T14:57:56.417-04:00 DEBUG 10320 --- [ms-venta] [main] o.s.b.f.s.DefaultListableBeanFactory     : Autowiring by type from bean name 'restClientBuilderConfigurer' via factory method to bean named 'org.springframework.web.context.support.GenericWebApplicationContext@24e95bd4'
2026-07-16T14:57:56.417-04:00 DEBUG 10320 --- [ms-venta] [main] o.s.b.f.s.DefaultListableBeanFactory     : Creating shared instance of singleton bean 'org.springframework.boot.restclient.autoconfigure.RestTemplateAutoConfiguration'
2026-07-16T14:57:56.417-04:00 DEBUG 10320 --- [ms-venta] [main] o.s.b.f.s.DefaultListableBeanFactory     : Creating shared instance of singleton bean 'org.springframework.boot.servlet.autoconfigure.HttpEncodingAutoConfiguration'
2026-07-16T14:57:56.417-04:00 DEBUG 10320 --- [ms-venta] [main] o.s.b.f.s.DefaultListableBeanFactory     : Creating shared instance of singleton bean 'characterEncodingFilter'
2026-07-16T14:57:56.421-04:00 DEBUG 10320 --- [ms-venta] [main] o.s.b.f.s.DefaultListableBeanFactory     : Creating shared instance of singleton bean 'spring.servlet.encoding-org.springframework.boot.servlet.autoconfigure.ServletEncodingProperties'
2026-07-16T14:57:56.421-04:00 DEBUG 10320 --- [ms-venta] [main] o.s.b.f.s.DefaultListableBeanFactory     : Autowiring by type from bean name 'characterEncodingFilter' via factory method to bean named 'spring.servlet.encoding-org.springframework.boot.servlet.autoconfigure.ServletEncodingProperties'
2026-07-16T14:57:56.423-04:00 DEBUG 10320 --- [ms-venta] [main] o.s.b.f.s.DefaultListableBeanFactory     : Creating shared instance of singleton bean 'multipartResolver'
2026-07-16T14:57:56.423-04:00 DEBUG 10320 --- [ms-venta] [main] o.s.b.f.s.DefaultListableBeanFactory     : Creating shared instance of singleton bean 'org.springframework.boot.web.server.autoconfigure.servlet.ServletWebServerConfiguration'
2026-07-16T14:57:56.423-04:00 DEBUG 10320 --- [ms-venta] [main] o.s.b.f.s.DefaultListableBeanFactory     : Creating shared instance of singleton bean 'servletWebServerFactoryCustomizer'
2026-07-16T14:57:56.425-04:00 DEBUG 10320 --- [ms-venta] [main] o.s.b.f.s.DefaultListableBeanFactory     : Autowiring by type from bean name 'servletWebServerFactoryCustomizer' via factory method to bean named 'server-org.springframework.boot.web.server.autoconfigure.ServerProperties'
2026-07-16T14:57:56.425-04:00 DEBUG 10320 --- [ms-venta] [main] o.s.b.f.s.DefaultListableBeanFactory     : Creating shared instance of singleton bean 'org.springframework.boot.tomcat.autoconfigure.servlet.TomcatServletWebServerAutoConfiguration'
2026-07-16T14:57:56.425-04:00 DEBUG 10320 --- [ms-venta] [main] o.s.b.f.s.DefaultListableBeanFactory     : Creating shared instance of singleton bean 'server.tomcat-org.springframework.boot.tomcat.autoconfigure.TomcatServerProperties'
2026-07-16T14:57:56.429-04:00 DEBUG 10320 --- [ms-venta] [main] o.s.b.f.s.DefaultListableBeanFactory     : Autowiring by type from bean name 'org.springframework.boot.tomcat.autoconfigure.servlet.TomcatServletWebServerAutoConfiguration' via constructor to bean named 'server.tomcat-org.springframework.boot.tomcat.autoconfigure.TomcatServerProperties'
2026-07-16T14:57:56.429-04:00 DEBUG 10320 --- [ms-venta] [main] o.s.b.f.s.DefaultListableBeanFactory     : Creating shared instance of singleton bean 'tomcatServletWebServerFactory'
2026-07-16T14:57:56.464-04:00 DEBUG 10320 --- [ms-venta] [main] o.s.b.f.s.DefaultListableBeanFactory     : Creating shared instance of singleton bean 'tomcatServletWebServerFactoryCustomizer'
2026-07-16T14:57:56.464-04:00 DEBUG 10320 --- [ms-venta] [main] o.s.b.f.s.DefaultListableBeanFactory     : Autowiring by type from bean name 'tomcatServletWebServerFactoryCustomizer' via factory method to bean named 'server.tomcat-org.springframework.boot.tomcat.autoconfigure.TomcatServerProperties'
2026-07-16T14:57:56.472-04:00 DEBUG 10320 --- [ms-venta] [main] o.s.b.f.s.DefaultListableBeanFactory     : Creating shared instance of singleton bean 'org.springframework.boot.jdbc.autoconfigure.DataSourceTransactionManagerAutoConfiguration$JdbcTransactionManagerConfiguration'
2026-07-16T14:57:56.472-04:00 DEBUG 10320 --- [ms-venta] [main] o.s.b.f.s.DefaultListableBeanFactory     : Creating shared instance of singleton bean 'org.springframework.boot.jdbc.autoconfigure.DataSourceTransactionManagerAutoConfiguration'
2026-07-16T14:57:56.472-04:00 DEBUG 10320 --- [ms-venta] [main] o.s.b.f.s.DefaultListableBeanFactory     : Creating shared instance of singleton bean 'org.springframework.boot.transaction.autoconfigure.TransactionAutoConfiguration$EnableTransactionManagementConfiguration$CglibAutoProxyConfiguration'
2026-07-16T14:57:56.472-04:00 DEBUG 10320 --- [ms-venta] [main] o.s.b.f.s.DefaultListableBeanFactory     : Creating shared instance of singleton bean 'org.springframework.boot.transaction.autoconfigure.TransactionAutoConfiguration$EnableTransactionManagementConfiguration'
2026-07-16T14:57:56.472-04:00 DEBUG 10320 --- [ms-venta] [main] o.s.b.f.s.DefaultListableBeanFactory     : Creating shared instance of singleton bean 'org.springframework.boot.transaction.autoconfigure.TransactionAutoConfiguration$TransactionTemplateConfiguration'
2026-07-16T14:57:56.472-04:00 DEBUG 10320 --- [ms-venta] [main] o.s.b.f.s.DefaultListableBeanFactory     : Creating shared instance of singleton bean 'transactionTemplate'
2026-07-16T14:57:56.472-04:00 DEBUG 10320 --- [ms-venta] [main] o.s.b.f.s.DefaultListableBeanFactory     : Autowiring by type from bean name 'transactionTemplate' via factory method to bean named 'transactionManager'
2026-07-16T14:57:56.472-04:00 DEBUG 10320 --- [ms-venta] [main] o.s.b.f.s.DefaultListableBeanFactory     : Creating shared instance of singleton bean 'org.springframework.boot.transaction.autoconfigure.TransactionAutoConfiguration'
2026-07-16T14:57:56.472-04:00 DEBUG 10320 --- [ms-venta] [main] o.s.b.f.s.DefaultListableBeanFactory     : Creating shared instance of singleton bean 'org.springframework.cloud.autoconfigure.ConfigurationPropertiesRebinderAutoConfiguration'
2026-07-16T14:57:56.472-04:00 DEBUG 10320 --- [ms-venta] [main] o.s.b.f.s.DefaultListableBeanFactory     : Autowiring by type from bean name 'org.springframework.cloud.autoconfigure.ConfigurationPropertiesRebinderAutoConfiguration' via constructor to bean named 'org.springframework.web.context.support.GenericWebApplicationContext@24e95bd4'
2026-07-16T14:57:56.480-04:00 DEBUG 10320 --- [ms-venta] [main] o.s.b.f.s.DefaultListableBeanFactory     : Creating shared instance of singleton bean 'configurationPropertiesRebinder'
2026-07-16T14:57:56.480-04:00 DEBUG 10320 --- [ms-venta] [main] o.s.b.f.s.DefaultListableBeanFactory     : Autowiring by type from bean name 'configurationPropertiesRebinder' via factory method to bean named 'configurationPropertiesBeans'
2026-07-16T14:57:56.480-04:00 DEBUG 10320 --- [ms-venta] [main] o.s.b.f.s.DefaultListableBeanFactory     : Creating shared instance of singleton bean 'org.springframework.cloud.autoconfigure.LifecycleMvcEndpointAutoConfiguration'
2026-07-16T14:57:56.480-04:00 DEBUG 10320 --- [ms-venta] [main] o.s.b.f.s.DefaultListableBeanFactory     : Creating shared instance of singleton bean 'environmentManager'
2026-07-16T14:57:56.480-04:00 DEBUG 10320 --- [ms-venta] [main] o.s.b.f.s.DefaultListableBeanFactory     : Autowiring by type from bean name 'environmentManager' via factory method to bean named 'environment'
2026-07-16T14:57:56.484-04:00 DEBUG 10320 --- [ms-venta] [main] o.s.b.f.s.DefaultListableBeanFactory     : Creating shared instance of singleton bean 'org.springframework.cloud.client.discovery.composite.CompositeDiscoveryClientAutoConfiguration'
2026-07-16T14:57:56.484-04:00 DEBUG 10320 --- [ms-venta] [main] o.s.b.f.s.DefaultListableBeanFactory     : Creating shared instance of singleton bean 'compositeDiscoveryClient'
2026-07-16T14:57:56.484-04:00 DEBUG 10320 --- [ms-venta] [main] o.s.b.f.s.DefaultListableBeanFactory     : Creating shared instance of singleton bean 'simpleDiscoveryClient'
2026-07-16T14:57:56.484-04:00 DEBUG 10320 --- [ms-venta] [main] o.s.b.f.s.DefaultListableBeanFactory     : Creating shared instance of singleton bean 'org.springframework.cloud.client.discovery.simple.SimpleDiscoveryClientConfigurations$WebApplicationSimpleDiscoveryClientConfiguration'
2026-07-16T14:57:56.484-04:00 DEBUG 10320 --- [ms-venta] [main] o.s.b.f.s.DefaultListableBeanFactory     : Autowiring by type from bean name 'org.springframework.cloud.client.discovery.simple.SimpleDiscoveryClientConfigurations$WebApplicationSimpleDiscoveryClientConfiguration' via constructor to bean named 'inetUtils'
2026-07-16T14:57:56.487-04:00 DEBUG 10320 --- [ms-venta] [main] o.s.b.f.s.DefaultListableBeanFactory     : Creating shared instance of singleton bean 'simpleDiscoveryProperties'
2026-07-16T14:57:56.487-04:00 DEBUG 10320 --- [ms-venta] [main] o.s.c.e.PropertySourcesPropertyResolver  : Found key 'spring.application.name' in PropertySource 'environmentProperties' with value of type String
2026-07-16T14:57:56.493-04:00 DEBUG 10320 --- [ms-venta] [main] o.s.b.f.s.DefaultListableBeanFactory     : Autowiring by type from bean name 'simpleDiscoveryClient' via factory method to bean named 'simpleDiscoveryProperties'
2026-07-16T14:57:56.496-04:00 DEBUG 10320 --- [ms-venta] [main] o.s.b.f.s.DefaultListableBeanFactory     : Creating shared instance of singleton bean 'discoveryClient'
2026-07-16T14:57:56.496-04:00 DEBUG 10320 --- [ms-venta] [main] o.s.b.f.s.DefaultListableBeanFactory     : Creating shared instance of singleton bean 'org.springframework.cloud.netflix.eureka.EurekaDiscoveryClientConfiguration'
2026-07-16T14:57:56.496-04:00 DEBUG 10320 --- [ms-venta] [main] o.s.b.f.s.DefaultListableBeanFactory     : Creating shared instance of singleton bean 'eurekaClientConfigBean'
2026-07-16T14:57:56.496-04:00 DEBUG 10320 --- [ms-venta] [main] o.s.b.f.s.DefaultListableBeanFactory     : Autowiring by type from bean name 'eurekaClientConfigBean' via factory method to bean named 'environment'
2026-07-16T14:57:56.512-04:00 DEBUG 10320 --- [ms-venta] [main] o.s.b.f.s.DefaultListableBeanFactory     : Autowiring by type from bean name 'discoveryClient' via factory method to bean named 'eurekaClient'
2026-07-16T14:57:56.512-04:00 DEBUG 10320 --- [ms-venta] [main] o.s.b.f.s.DefaultListableBeanFactory     : Autowiring by type from bean name 'discoveryClient' via factory method to bean named 'eurekaClientConfigBean'
2026-07-16T14:57:56.514-04:00 DEBUG 10320 --- [ms-venta] [main] o.s.b.f.s.DefaultListableBeanFactory     : Autowiring by type from bean name 'compositeDiscoveryClient' via factory method to bean named 'simpleDiscoveryClient'
2026-07-16T14:57:56.514-04:00 DEBUG 10320 --- [ms-venta] [main] o.s.b.f.s.DefaultListableBeanFactory     : Autowiring by type from bean name 'compositeDiscoveryClient' via factory method to bean named 'discoveryClient'
2026-07-16T14:57:56.515-04:00 DEBUG 10320 --- [ms-venta] [main] o.s.b.f.s.DefaultListableBeanFactory     : Creating shared instance of singleton bean 'org.springframework.cloud.client.discovery.simple.SimpleDiscoveryClientAutoConfiguration'
2026-07-16T14:57:56.515-04:00 DEBUG 10320 --- [ms-venta] [main] o.s.b.f.s.DefaultListableBeanFactory     : Creating shared instance of singleton bean 'org.springframework.cloud.client.serviceregistry.AutoServiceRegistrationConfiguration'
2026-07-16T14:57:56.515-04:00 DEBUG 10320 --- [ms-venta] [main] o.s.b.f.s.DefaultListableBeanFactory     : Creating shared instance of singleton bean 'spring.cloud.service-registry.auto-registration-org.springframework.cloud.client.serviceregistry.AutoServiceRegistrationProperties'
2026-07-16T14:57:56.515-04:00 DEBUG 10320 --- [ms-venta] [main] o.s.b.f.s.DefaultListableBeanFactory     : Creating shared instance of singleton bean 'org.springframework.cloud.client.serviceregistry.AutoServiceRegistrationAutoConfiguration'
2026-07-16T14:57:56.515-04:00 DEBUG 10320 --- [ms-venta] [main] o.s.b.f.s.DefaultListableBeanFactory     : Creating shared instance of singleton bean 'org.springframework.cloud.netflix.eureka.EurekaDiscoveryClientConfiguration$EurekaClientConfigurationRefresher'
2026-07-16T14:57:56.515-04:00 DEBUG 10320 --- [ms-venta] [main] o.s.b.f.s.DefaultListableBeanFactory     : Creating shared instance of singleton bean 'org.springframework.cloud.netflix.eureka.config.DiscoveryClientOptionalArgsConfiguration$RestClientConfiguration'
2026-07-16T14:57:56.515-04:00 DEBUG 10320 --- [ms-venta] [main] o.s.b.f.s.DefaultListableBeanFactory     : Creating shared instance of singleton bean 'defaultEurekaClientHttpRequestFactorySupplier'
2026-07-16T14:57:56.519-04:00 DEBUG 10320 --- [ms-venta] [main] o.s.b.f.s.DefaultListableBeanFactory     : Creating shared instance of singleton bean 'eureka.client.timeout-org.springframework.cloud.netflix.eureka.TimeoutProperties'
2026-07-16T14:57:56.521-04:00 DEBUG 10320 --- [ms-venta] [main] o.s.b.f.s.DefaultListableBeanFactory     : Autowiring by type from bean name 'defaultEurekaClientHttpRequestFactorySupplier' via factory method to bean named 'eureka.client.timeout-org.springframework.cloud.netflix.eureka.TimeoutProperties'
2026-07-16T14:57:56.529-04:00 DEBUG 10320 --- [ms-venta] [main] o.s.b.f.s.DefaultListableBeanFactory     : Creating shared instance of singleton bean 'restClientDiscoveryClientOptionalArgs'
2026-07-16T14:57:56.529-04:00 DEBUG 10320 --- [ms-venta] [main] o.s.b.f.s.DefaultListableBeanFactory     : Creating shared instance of singleton bean 'tlsProperties'
2026-07-16T14:57:56.529-04:00 DEBUG 10320 --- [ms-venta] [main] o.s.b.f.s.DefaultListableBeanFactory     : Creating shared instance of singleton bean 'org.springframework.cloud.netflix.eureka.config.DiscoveryClientOptionalArgsConfiguration'
2026-07-16T14:57:56.531-04:00 DEBUG 10320 --- [ms-venta] [main] o.s.b.f.s.DefaultListableBeanFactory     : Autowiring by type from bean name 'restClientDiscoveryClientOptionalArgs' via factory method to bean named 'tlsProperties'
2026-07-16T14:57:56.533-04:00 DEBUG 10320 --- [ms-venta] [main] o.s.b.f.s.DefaultListableBeanFactory     : Autowiring by type from bean name 'restClientDiscoveryClientOptionalArgs' via factory method to bean named 'defaultEurekaClientHttpRequestFactorySupplier'
2026-07-16T14:57:56.535-04:00  INFO 10320 --- [ms-venta] [main] DiscoveryClientOptionalArgsConfiguration : Eureka HTTP Client uses RestClient.
2026-07-16T14:57:56.542-04:00 DEBUG 10320 --- [ms-venta] [main] o.s.b.f.s.DefaultListableBeanFactory     : Creating shared instance of singleton bean 'restClientTransportClientFactories'
2026-07-16T14:57:56.544-04:00 DEBUG 10320 --- [ms-venta] [main] o.s.b.f.s.DefaultListableBeanFactory     : Autowiring by type from bean name 'restClientTransportClientFactories' via factory method to bean named 'restClientDiscoveryClientOptionalArgs'
2026-07-16T14:57:56.544-04:00 DEBUG 10320 --- [ms-venta] [main] o.s.b.f.s.DefaultListableBeanFactory     : Creating shared instance of singleton bean 'org.springframework.cloud.netflix.eureka.EurekaClientAutoConfiguration$RefreshableEurekaClientConfiguration'
2026-07-16T14:57:56.546-04:00 DEBUG 10320 --- [ms-venta] [main] o.s.b.f.s.DefaultListableBeanFactory     : Creating shared instance of singleton bean 'eurekaFeature'
2026-07-16T14:57:56.548-04:00 DEBUG 10320 --- [ms-venta] [main] o.s.b.f.s.DefaultListableBeanFactory     : Creating shared instance of singleton bean 'org.springframework.cloud.client.CommonsClientAutoConfiguration'
2026-07-16T14:57:56.550-04:00 DEBUG 10320 --- [ms-venta] [main] o.s.b.f.s.DefaultListableBeanFactory     : Creating shared instance of singleton bean 'org.springframework.cloud.client.ReactiveCommonsClientAutoConfiguration'
2026-07-16T14:57:56.550-04:00 DEBUG 10320 --- [ms-venta] [main] o.s.b.f.s.DefaultListableBeanFactory     : Creating shared instance of singleton bean 'zoneConfig'
2026-07-16T14:57:56.550-04:00 DEBUG 10320 --- [ms-venta] [main] o.s.b.f.s.DefaultListableBeanFactory     : Autowiring by type from bean name 'zoneConfig' via factory method to bean named 'environment'
2026-07-16T14:57:56.552-04:00 DEBUG 10320 --- [ms-venta] [main] o.s.b.f.s.DefaultListableBeanFactory     : Creating shared instance of singleton bean 'loadBalancerEagerContextInitializer'
2026-07-16T14:57:56.552-04:00 DEBUG 10320 --- [ms-venta] [main] o.s.b.f.s.DefaultListableBeanFactory     : Creating shared instance of singleton bean 'spring.cloud.loadbalancer.eager-load-org.springframework.cloud.client.loadbalancer.LoadBalancerEagerLoadProperties'
2026-07-16T14:57:56.552-04:00 DEBUG 10320 --- [ms-venta] [main] o.s.b.f.s.DefaultListableBeanFactory     : Autowiring by type from bean name 'loadBalancerEagerContextInitializer' via factory method to bean named 'loadBalancerClientFactory'
2026-07-16T14:57:56.552-04:00 DEBUG 10320 --- [ms-venta] [main] o.s.b.f.s.DefaultListableBeanFactory     : Autowiring by type from bean name 'loadBalancerEagerContextInitializer' via factory method to bean named 'spring.cloud.loadbalancer.eager-load-org.springframework.cloud.client.loadbalancer.LoadBalancerEagerLoadProperties'
2026-07-16T14:57:56.554-04:00 DEBUG 10320 --- [ms-venta] [main] o.s.b.f.s.DefaultListableBeanFactory     : Creating shared instance of singleton bean 'loadBalancerChildContextInitializer'
2026-07-16T14:57:56.554-04:00 DEBUG 10320 --- [ms-venta] [main] o.s.b.f.s.DefaultListableBeanFactory     : Autowiring by type from bean name 'loadBalancerChildContextInitializer' via factory method to bean named 'loadBalancerClientFactory'
2026-07-16T14:57:56.554-04:00 DEBUG 10320 --- [ms-venta] [main] o.s.b.f.s.DefaultListableBeanFactory     : Autowiring by type from bean name 'loadBalancerChildContextInitializer' via factory method to bean named 'org.springframework.web.context.support.GenericWebApplicationContext@24e95bd4'
2026-07-16T14:57:56.555-04:00 DEBUG 10320 --- [ms-venta] [main] o.s.b.f.s.DefaultListableBeanFactory     : Creating shared instance of singleton bean 'loadBalancerServiceInstanceCookieTransformer'
2026-07-16T14:57:56.555-04:00 DEBUG 10320 --- [ms-venta] [main] o.s.b.f.s.DefaultListableBeanFactory     : Autowiring by type from bean name 'loadBalancerServiceInstanceCookieTransformer' via factory method to bean named 'loadBalancerClientFactory'
2026-07-16T14:57:56.556-04:00 DEBUG 10320 --- [ms-venta] [main] o.s.b.f.s.DefaultListableBeanFactory     : Creating shared instance of singleton bean 'xForwarderHeadersTransformer'
2026-07-16T14:57:56.556-04:00 DEBUG 10320 --- [ms-venta] [main] o.s.b.f.s.DefaultListableBeanFactory     : Autowiring by type from bean name 'xForwarderHeadersTransformer' via factory method to bean named 'loadBalancerClientFactory'
2026-07-16T14:57:56.556-04:00 DEBUG 10320 --- [ms-venta] [main] o.s.b.f.s.DefaultListableBeanFactory     : Creating shared instance of singleton bean 'org.springframework.cloud.client.loadbalancer.LoadBalancerAutoConfiguration$LoadBalancerInterceptorConfig'
2026-07-16T14:57:56.556-04:00 DEBUG 10320 --- [ms-venta] [main] o.s.b.f.s.DefaultListableBeanFactory     : Creating shared instance of singleton bean 'loadBalancerInterceptor'
2026-07-16T14:57:56.558-04:00 DEBUG 10320 --- [ms-venta] [main] o.s.b.f.s.DefaultListableBeanFactory     : Creating shared instance of singleton bean 'loadBalancerRequestFactory'
2026-07-16T14:57:56.558-04:00 DEBUG 10320 --- [ms-venta] [main] o.s.b.f.s.DefaultListableBeanFactory     : Creating shared instance of singleton bean 'org.springframework.cloud.client.loadbalancer.LoadBalancerAutoConfiguration'
2026-07-16T14:57:56.560-04:00 DEBUG 10320 --- [ms-venta] [main] o.s.b.f.s.DefaultListableBeanFactory     : Autowiring by type from bean name 'loadBalancerRequestFactory' via factory method to bean named 'blockingLoadBalancerClient'
2026-07-16T14:57:56.560-04:00 DEBUG 10320 --- [ms-venta] [main] o.s.b.f.s.DefaultListableBeanFactory     : Autowiring by type from bean name 'loadBalancerInterceptor' via factory method to bean named 'blockingLoadBalancerClient'
2026-07-16T14:57:56.560-04:00 DEBUG 10320 --- [ms-venta] [main] o.s.b.f.s.DefaultListableBeanFactory     : Autowiring by type from bean name 'loadBalancerInterceptor' via factory method to bean named 'loadBalancerRequestFactory'
2026-07-16T14:57:56.562-04:00 DEBUG 10320 --- [ms-venta] [main] o.s.b.f.s.DefaultListableBeanFactory     : Creating shared instance of singleton bean 'restTemplateCustomizer'
2026-07-16T14:57:56.562-04:00 DEBUG 10320 --- [ms-venta] [main] o.s.b.f.s.DefaultListableBeanFactory     : Autowiring by type from bean name 'restTemplateCustomizer' via factory method to bean named 'loadBalancerInterceptor'
2026-07-16T14:57:56.562-04:00 DEBUG 10320 --- [ms-venta] [main] o.s.b.f.s.DefaultListableBeanFactory     : Creating shared instance of singleton bean 'org.springframework.cloud.client.loadbalancer.LoadBalancerAutoConfiguration$DeferringLoadBalancerInterceptorHttpClientConfig'
2026-07-16T14:57:56.564-04:00 DEBUG 10320 --- [ms-venta] [main] o.s.b.f.s.DefaultListableBeanFactory     : Creating shared instance of singleton bean 'deferringLoadBalancerInterceptor'
2026-07-16T14:57:56.564-04:00 DEBUG 10320 --- [ms-venta] [main] o.s.b.f.s.DefaultListableBeanFactory     : Creating shared instance of singleton bean 'loadBalancerRestClientHttpServiceGroupConfigurer'
2026-07-16T14:57:56.566-04:00 DEBUG 10320 --- [ms-venta] [main] o.s.b.f.s.DefaultListableBeanFactory     : Autowiring by type from bean name 'loadBalancerRestClientHttpServiceGroupConfigurer' via factory method to bean named 'httpServiceClientProperties'
2026-07-16T14:57:56.568-04:00 DEBUG 10320 --- [ms-venta] [main] o.s.b.f.s.DefaultListableBeanFactory     : Creating shared instance of singleton bean 'org.springframework.cloud.client.loadbalancer.LoadBalancerAutoConfiguration$DeferringLoadBalancerInterceptorRestTemplateBuilderConfig'
2026-07-16T14:57:56.568-04:00 DEBUG 10320 --- [ms-venta] [main] o.s.b.f.s.DefaultListableBeanFactory     : Creating shared instance of singleton bean 'org.springframework.cloud.client.loadbalancer.LoadBalancerAutoConfiguration$DeferringLoadBalancerInterceptorConfig'
2026-07-16T14:57:56.568-04:00 DEBUG 10320 --- [ms-venta] [main] o.s.b.f.s.DefaultListableBeanFactory     : Creating shared instance of singleton bean 'loadBalancedRestTemplateInitializerDeprecated'
2026-07-16T14:57:56.568-04:00 DEBUG 10320 --- [ms-venta] [main] o.s.b.f.s.DefaultListableBeanFactory     : Creating shared instance of singleton bean 'org.springframework.cloud.client.serviceregistry.ServiceRegistryAutoConfiguration'
2026-07-16T14:57:56.571-04:00 DEBUG 10320 --- [ms-venta] [main] o.s.b.f.s.DefaultListableBeanFactory     : Creating shared instance of singleton bean 'org.springframework.cloud.commons.security.ResourceServerTokenRelayAutoConfiguration'
2026-07-16T14:57:56.571-04:00 DEBUG 10320 --- [ms-venta] [main] o.s.b.f.s.DefaultListableBeanFactory     : Creating shared instance of singleton bean 'org.springframework.cloud.configuration.CompatibilityVerifierAutoConfiguration'
2026-07-16T14:57:56.571-04:00 DEBUG 10320 --- [ms-venta] [main] o.s.b.f.s.DefaultListableBeanFactory     : Creating shared instance of singleton bean 'compositeCompatibilityVerifier'
2026-07-16T14:57:56.571-04:00 DEBUG 10320 --- [ms-venta] [main] o.s.b.f.s.DefaultListableBeanFactory     : Creating shared instance of singleton bean 'springBootVersionVerifier'
2026-07-16T14:57:56.571-04:00 DEBUG 10320 --- [ms-venta] [main] o.s.b.f.s.DefaultListableBeanFactory     : Creating shared instance of singleton bean 'spring.cloud.compatibility-verifier-org.springframework.cloud.configuration.CompatibilityVerifierProperties'
2026-07-16T14:57:56.571-04:00 DEBUG 10320 --- [ms-venta] [main] o.s.b.f.s.DefaultListableBeanFactory     : Autowiring by type from bean name 'springBootVersionVerifier' via factory method to bean named 'spring.cloud.compatibility-verifier-org.springframework.cloud.configuration.CompatibilityVerifierProperties'
2026-07-16T14:57:56.574-04:00 DEBUG 10320 --- [ms-venta] [main] o.s.b.f.s.DefaultListableBeanFactory     : Creating shared instance of singleton bean 'sleuthPresentVerifier'
2026-07-16T14:57:56.576-04:00 DEBUG 10320 --- [ms-venta] [main] o.s.b.f.s.DefaultListableBeanFactory     : Autowiring by type from bean name 'compositeCompatibilityVerifier' via factory method to bean named 'springBootVersionVerifier'
2026-07-16T14:57:56.576-04:00 DEBUG 10320 --- [ms-venta] [main] o.s.b.f.s.DefaultListableBeanFactory     : Autowiring by type from bean name 'compositeCompatibilityVerifier' via factory method to bean named 'sleuthPresentVerifier'
2026-07-16T14:57:56.576-04:00 DEBUG 10320 --- [ms-venta] [main] o.s.c.c.SpringBootVersionVerifier        : Version found in Boot manifest [4.0.7]
2026-07-16T14:57:56.576-04:00 DEBUG 10320 --- [ms-venta] [main] o.s.c.c.CompositeCompatibilityVerifier   : All conditions are passing
2026-07-16T14:57:56.576-04:00 DEBUG 10320 --- [ms-venta] [main] o.s.b.f.s.DefaultListableBeanFactory     : Creating shared instance of singleton bean 'org.springframework.cloud.loadbalancer.config.LoadBalancerCacheAutoConfiguration$DefaultLoadBalancerCacheManagerConfiguration'
2026-07-16T14:57:56.576-04:00 DEBUG 10320 --- [ms-venta] [main] o.s.b.f.s.DefaultListableBeanFactory     : Creating shared instance of singleton bean 'defaultLoadBalancerCacheManager'
2026-07-16T14:57:56.578-04:00 DEBUG 10320 --- [ms-venta] [main] o.s.b.f.s.DefaultListableBeanFactory     : Creating shared instance of singleton bean 'spring.cloud.loadbalancer.cache-org.springframework.cloud.loadbalancer.cache.LoadBalancerCacheProperties'
2026-07-16T14:57:56.578-04:00 DEBUG 10320 --- [ms-venta] [main] o.s.b.f.s.DefaultListableBeanFactory     : Autowiring by type from bean name 'defaultLoadBalancerCacheManager' via factory method to bean named 'spring.cloud.loadbalancer.cache-org.springframework.cloud.loadbalancer.cache.LoadBalancerCacheProperties'
2026-07-16T14:57:56.591-04:00 DEBUG 10320 --- [ms-venta] [main] o.s.b.f.s.DefaultListableBeanFactory     : Creating shared instance of singleton bean 'caffeineWarnLogger'
2026-07-16T14:57:56.591-04:00  WARN 10320 --- [ms-venta] [main] iguration$LoadBalancerCaffeineWarnLogger : Spring Cloud LoadBalancer is currently working with the default cache. While this cache implementation is useful for development and tests, it's recommended to use Caffeine cache in production.You can switch to using Caffeine cache, by adding it and org.springframework.cache.caffeine.CaffeineCacheManager to the classpath.
2026-07-16T14:57:56.591-04:00 DEBUG 10320 --- [ms-venta] [main] o.s.b.f.s.DefaultListableBeanFactory     : Creating shared instance of singleton bean 'org.springframework.cloud.loadbalancer.config.LoadBalancerCacheAutoConfiguration'
2026-07-16T14:57:56.591-04:00 DEBUG 10320 --- [ms-venta] [main] o.s.b.f.s.DefaultListableBeanFactory     : Creating shared instance of singleton bean 'org.springframework.cloud.netflix.eureka.loadbalancer.LoadBalancerEurekaAutoConfiguration'
2026-07-16T14:57:56.591-04:00 DEBUG 10320 --- [ms-venta] [main] o.s.b.f.s.DefaultListableBeanFactory     : Creating shared instance of singleton bean 'eurekaLoadBalancerProperties'
2026-07-16T14:57:56.591-04:00 DEBUG 10320 --- [ms-venta] [main] o.s.b.f.s.DefaultListableBeanFactory     : Creating shared instance of singleton bean 'spring.cloud.openfeign.httpclient-org.springframework.cloud.openfeign.support.FeignHttpClientProperties'
2026-07-16T14:57:56.591-04:00 DEBUG 10320 --- [ms-venta] [main] o.s.b.f.s.DefaultListableBeanFactory     : Creating shared instance of singleton bean 'feignFeature'
2026-07-16T14:57:56.591-04:00 DEBUG 10320 --- [ms-venta] [main] o.s.b.f.s.DefaultListableBeanFactory     : Creating shared instance of singleton bean 'feignChildContextInitializer'
2026-07-16T14:57:56.591-04:00 DEBUG 10320 --- [ms-venta] [main] o.s.b.f.s.DefaultListableBeanFactory     : Autowiring by type from bean name 'feignChildContextInitializer' via factory method to bean named 'org.springframework.web.context.support.GenericWebApplicationContext@24e95bd4'
2026-07-16T14:57:56.591-04:00 DEBUG 10320 --- [ms-venta] [main] o.s.b.f.s.DefaultListableBeanFactory     : Autowiring by type from bean name 'feignChildContextInitializer' via factory method to bean named 'feignContext'
2026-07-16T14:57:56.591-04:00 DEBUG 10320 --- [ms-venta] [main] o.s.b.f.s.DefaultListableBeanFactory     : Creating shared instance of singleton bean 'feignClientBeanFactoryInitializationCodeGenerator'
2026-07-16T14:57:56.591-04:00 DEBUG 10320 --- [ms-venta] [main] o.s.b.f.s.DefaultListableBeanFactory     : Autowiring by type from bean name 'feignClientBeanFactoryInitializationCodeGenerator' via factory method to bean named 'org.springframework.web.context.support.GenericWebApplicationContext@24e95bd4'
2026-07-16T14:57:56.591-04:00 DEBUG 10320 --- [ms-venta] [main] o.s.b.f.s.DefaultListableBeanFactory     : Autowiring by type from bean name 'feignClientBeanFactoryInitializationCodeGenerator' via factory method to bean named 'feignContext'
2026-07-16T14:57:56.601-04:00 DEBUG 10320 --- [ms-venta] [main] o.s.b.f.s.DefaultListableBeanFactory     : Creating shared instance of singleton bean 'spring.cloud.openfeign.oauth2-org.springframework.cloud.openfeign.FeignOAuth2Properties'
2026-07-16T14:57:56.612-04:00 DEBUG 10320 --- [ms-venta] [main] o.s.c.e.EventListenerMethodProcessor     : 1 @EventListener methods processed on bean 'springDocAppInitializer': {public void org.springdoc.core.events.SpringDocAppInitializer.init()=@org.springframework.context.event.EventListener(classes={org.springframework.boot.context.event.ApplicationReadyEvent.class}, condition="", defaultExecution=true, id="", value={org.springframework.boot.context.event.ApplicationReadyEvent.class})}
2026-07-16T14:57:56.612-04:00 DEBUG 10320 --- [ms-venta] [main] o.s.c.e.EventListenerMethodProcessor     : 1 @EventListener methods processed on bean 'springDocSwaggerInitializer': {public void org.springdoc.core.events.SpringDocAppInitializer.init()=@org.springframework.context.event.EventListener(classes={org.springframework.boot.context.event.ApplicationReadyEvent.class}, condition="", defaultExecution=true, id="", value={org.springframework.boot.context.event.ApplicationReadyEvent.class})}
2026-07-16T14:57:56.616-04:00 DEBUG 10320 --- [ms-venta] [main] o.s.c.support.DefaultLifecycleProcessor  : Starting beans in phase -2147483647
2026-07-16T14:57:56.616-04:00 DEBUG 10320 --- [ms-venta] [main] o.s.c.support.DefaultLifecycleProcessor  : Successfully started bean 'springBootLoggingLifecycle'
2026-07-16T14:57:56.616-04:00 DEBUG 10320 --- [ms-venta] [main] o.s.c.support.DefaultLifecycleProcessor  : Starting beans in phase 0
2026-07-16T14:57:56.616-04:00 DEBUG 10320 --- [ms-venta] [main] o.s.b.f.s.DefaultListableBeanFactory     : Autowiring by type from bean name 'scopedTarget.eurekaRegistration' via factory method to bean named 'eurekaClient'
2026-07-16T14:57:56.616-04:00 DEBUG 10320 --- [ms-venta] [main] o.s.b.f.s.DefaultListableBeanFactory     : Autowiring by type from bean name 'scopedTarget.eurekaRegistration' via factory method to bean named 'eurekaInstanceConfigBean'
2026-07-16T14:57:56.616-04:00 DEBUG 10320 --- [ms-venta] [main] o.s.b.f.s.DefaultListableBeanFactory     : Autowiring by type from bean name 'scopedTarget.eurekaRegistration' via factory method to bean named 'eurekaApplicationInfoManager'
2026-07-16T14:57:56.622-04:00 DEBUG 10320 --- [ms-venta] [main] o.s.b.f.s.DefaultListableBeanFactory     : Autowiring by type from bean name 'scopedTarget.eurekaApplicationInfoManager' via factory method to bean named 'eurekaInstanceConfigBean'
2026-07-16T14:57:56.622-04:00  INFO 10320 --- [ms-venta] [main] o.s.c.n.eureka.InstanceInfoFactory       : Setting initial instance status as: STARTING
2026-07-16T14:57:56.635-04:00 DEBUG 10320 --- [ms-venta] [main] o.s.b.f.s.DefaultListableBeanFactory     : Autowiring by type from bean name 'scopedTarget.eurekaClient' via factory method to bean named 'eurekaApplicationInfoManager'
2026-07-16T14:57:56.635-04:00 DEBUG 10320 --- [ms-venta] [main] o.s.b.f.s.DefaultListableBeanFactory     : Autowiring by type from bean name 'scopedTarget.eurekaClient' via factory method to bean named 'eurekaClientConfigBean'
2026-07-16T14:57:56.635-04:00 DEBUG 10320 --- [ms-venta] [main] o.s.b.f.s.DefaultListableBeanFactory     : Autowiring by type from bean name 'scopedTarget.eurekaClient' via factory method to bean named 'eurekaInstanceConfigBean'
2026-07-16T14:57:56.635-04:00 DEBUG 10320 --- [ms-venta] [main] o.s.b.f.s.DefaultListableBeanFactory     : Autowiring by type from bean name 'scopedTarget.eurekaClient' via factory method to bean named 'restClientTransportClientFactories'
2026-07-16T14:57:56.670-04:00  INFO 10320 --- [ms-venta] [main] com.netflix.discovery.DiscoveryClient    : Initializing Eureka in region us-east-1
2026-07-16T14:57:56.678-04:00  INFO 10320 --- [ms-venta] [main] c.n.d.s.r.aws.ConfigClusterResolver      : Resolving eureka endpoints via configuration
2026-07-16T14:57:56.678-04:00 DEBUG 10320 --- [ms-venta] [main] c.n.discovery.endpoint.EndpointUtils     : The availability zone for the given region us-east-1 are [defaultZone]
2026-07-16T14:57:56.678-04:00  WARN 10320 --- [ms-venta] [main] c.n.d.s.r.aws.ConfigClusterResolver      : Invalid eureka server URI: ${EUREKA_URL}/; removing from the server pool
2026-07-16T14:57:56.678-04:00 DEBUG 10320 --- [ms-venta] [main] c.n.d.s.r.aws.ConfigClusterResolver      : Config resolved to []
2026-07-16T14:57:56.678-04:00 ERROR 10320 --- [ms-venta] [main] c.n.d.s.r.aws.ConfigClusterResolver      : Cannot resolve to any endpoints from provided configuration: {defaultZone=[${EUREKA_URL}/]}
2026-07-16T14:57:56.678-04:00 DEBUG 10320 --- [ms-venta] [main] c.n.d.s.r.a.ZoneAffinityClusterResolver  : Local zone=defaultZone; resolved to: []
2026-07-16T14:57:56.678-04:00 ERROR 10320 --- [ms-venta] [main] c.n.d.s.transport.EurekaHttpClients      : Initial resolution of Eureka server endpoints failed. Check ConfigClusterResolver logs for more info
2026-07-16T14:57:56.686-04:00  INFO 10320 --- [ms-venta] [main] com.netflix.discovery.DiscoveryClient    : Disable delta property : false
2026-07-16T14:57:56.686-04:00  INFO 10320 --- [ms-venta] [main] com.netflix.discovery.DiscoveryClient    : Single vip registry refresh property : null
2026-07-16T14:57:56.686-04:00  INFO 10320 --- [ms-venta] [main] com.netflix.discovery.DiscoveryClient    : Force full registry fetch : false
2026-07-16T14:57:56.686-04:00  INFO 10320 --- [ms-venta] [main] com.netflix.discovery.DiscoveryClient    : Application is null : false
2026-07-16T14:57:56.686-04:00  INFO 10320 --- [ms-venta] [main] com.netflix.discovery.DiscoveryClient    : Registered Applications size is zero : true
2026-07-16T14:57:56.686-04:00  INFO 10320 --- [ms-venta] [main] com.netflix.discovery.DiscoveryClient    : Application version is -1: true
2026-07-16T14:57:56.686-04:00  INFO 10320 --- [ms-venta] [main] com.netflix.discovery.DiscoveryClient    : Getting all instance registry info from the eureka server
2026-07-16T14:57:56.686-04:00 DEBUG 10320 --- [ms-venta] [main] c.n.d.s.t.d.SessionedEurekaHttpClient    : Ending a session and starting anew
2026-07-16T14:57:56.704-04:00  INFO 10320 --- [ms-venta] [main] com.netflix.discovery.DiscoveryClient    : DiscoveryClient_MS-VENTA/Tititi:ms-venta:8086 - was unable to refresh its cache! This periodic background refresh will be retried in 30 seconds. status = There is no known eureka server; cluster server list is empty stacktrace = com.netflix.discovery.shared.transport.TransportException: There is no known eureka server; cluster server list is empty
	at com.netflix.discovery.shared.transport.decorator.RetryableEurekaHttpClient.execute(RetryableEurekaHttpClient.java:108)
	at com.netflix.discovery.shared.transport.decorator.EurekaHttpClientDecorator.getApplications(EurekaHttpClientDecorator.java:134)
	at com.netflix.discovery.shared.transport.decorator.EurekaHttpClientDecorator$6.execute(EurekaHttpClientDecorator.java:137)
	at com.netflix.discovery.shared.transport.decorator.SessionedEurekaHttpClient.execute(SessionedEurekaHttpClient.java:76)
	at com.netflix.discovery.shared.transport.decorator.EurekaHttpClientDecorator.getApplications(EurekaHttpClientDecorator.java:134)
	at com.netflix.discovery.DiscoveryClient.getAndStoreFullRegistry(DiscoveryClient.java:1046)
	at com.netflix.discovery.DiscoveryClient.fetchRegistry(DiscoveryClient.java:961)
	at com.netflix.discovery.DiscoveryClient.<init>(DiscoveryClient.java:410)
	at com.netflix.discovery.DiscoveryClient.<init>(DiscoveryClient.java:245)
	at com.netflix.discovery.DiscoveryClient.<init>(DiscoveryClient.java:240)
	at org.springframework.cloud.netflix.eureka.CloudEurekaClient.<init>(CloudEurekaClient.java:68)
	at org.springframework.cloud.netflix.eureka.EurekaClientAutoConfiguration$RefreshableEurekaClientConfiguration.eurekaClient(EurekaClientAutoConfiguration.java:324)
	at java.base/jdk.internal.reflect.DirectMethodHandleAccessor.invoke(DirectMethodHandleAccessor.java:103)
	at java.base/java.lang.reflect.Method.invoke(Method.java:580)
	at org.springframework.beans.factory.support.SimpleInstantiationStrategy.lambda$instantiate$0(SimpleInstantiationStrategy.java:155)
	at org.springframework.beans.factory.support.SimpleInstantiationStrategy.instantiateWithFactoryMethod(SimpleInstantiationStrategy.java:72)
	at org.springframework.beans.factory.support.SimpleInstantiationStrategy.instantiate(SimpleInstantiationStrategy.java:152)
	at org.springframework.beans.factory.support.ConstructorResolver.instantiate(ConstructorResolver.java:653)
	at org.springframework.beans.factory.support.ConstructorResolver.instantiateUsingFactoryMethod(ConstructorResolver.java:645)
	at org.springframework.beans.factory.support.AbstractAutowireCapableBeanFactory.instantiateUsingFactoryMethod(AbstractAutowireCapableBeanFactory.java:1360)
	at org.springframework.beans.factory.support.AbstractAutowireCapableBeanFactory.createBeanInstance(AbstractAutowireCapableBeanFactory.java:1192)
	at org.springframework.beans.factory.support.AbstractAutowireCapableBeanFactory.doCreateBean(AbstractAutowireCapableBeanFactory.java:565)
	at org.springframework.beans.factory.support.AbstractAutowireCapableBeanFactory.createBean(AbstractAutowireCapableBeanFactory.java:525)
	at org.springframework.beans.factory.support.AbstractBeanFactory.lambda$doGetBean$1(AbstractBeanFactory.java:372)
	at org.springframework.cloud.context.scope.GenericScope$BeanLifecycleWrapper.getBean(GenericScope.java:373)
	at org.springframework.cloud.context.scope.GenericScope.get(GenericScope.java:177)
	at org.springframework.beans.factory.support.AbstractBeanFactory.doGetBean(AbstractBeanFactory.java:369)
	at org.springframework.beans.factory.support.AbstractBeanFactory.getBean(AbstractBeanFactory.java:196)
	at org.springframework.aop.target.SimpleBeanTargetSource.getTarget(SimpleBeanTargetSource.java:35)
	at org.springframework.cloud.netflix.eureka.serviceregistry.EurekaRegistration.getTargetObject(EurekaRegistration.java:128)
	at org.springframework.cloud.netflix.eureka.serviceregistry.EurekaRegistration.getEurekaClient(EurekaRegistration.java:116)
	at java.base/jdk.internal.reflect.DirectMethodHandleAccessor.invoke(DirectMethodHandleAccessor.java:103)
	at java.base/java.lang.reflect.Method.invoke(Method.java:580)
	at org.springframework.util.ReflectionUtils.invokeMethod(ReflectionUtils.java:281)
	at org.springframework.cloud.context.scope.GenericScope$LockedScopedProxyFactoryBean.invoke(GenericScope.java:480)
	at org.springframework.aop.framework.ReflectiveMethodInvocation.proceed(ReflectiveMethodInvocation.java:179)
	at org.springframework.aop.framework.CglibAopProxy$DynamicAdvisedInterceptor.intercept(CglibAopProxy.java:719)
	at org.springframework.cloud.netflix.eureka.serviceregistry.EurekaRegistration$$SpringCGLIB$$0.getEurekaClient(<generated>)
	at org.springframework.cloud.netflix.eureka.serviceregistry.EurekaServiceRegistry.maybeInitializeClient(EurekaServiceRegistry.java:83)
	at org.springframework.cloud.netflix.eureka.serviceregistry.EurekaServiceRegistry.register(EurekaServiceRegistry.java:66)
	at org.springframework.cloud.netflix.eureka.serviceregistry.EurekaAutoServiceRegistration.start(EurekaAutoServiceRegistration.java:89)
	at org.springframework.context.support.DefaultLifecycleProcessor.doStart(DefaultLifecycleProcessor.java:420)
	at org.springframework.context.support.DefaultLifecycleProcessor.doStart(DefaultLifecycleProcessor.java:409)
	at org.springframework.context.support.DefaultLifecycleProcessor$LifecycleGroup.start(DefaultLifecycleProcessor.java:613)
	at java.base/java.lang.Iterable.forEach(Iterable.java:75)
	at org.springframework.context.support.DefaultLifecycleProcessor.startBeans(DefaultLifecycleProcessor.java:379)
	at org.springframework.context.support.DefaultLifecycleProcessor.onRefresh(DefaultLifecycleProcessor.java:306)
	at org.springframework.context.support.AbstractApplicationContext.finishRefresh(AbstractApplicationContext.java:1013)
	at org.springframework.context.support.AbstractApplicationContext.refresh(AbstractApplicationContext.java:624)
	at org.springframework.boot.SpringApplication.refresh(SpringApplication.java:756)
	at org.springframework.boot.SpringApplication.refreshContext(SpringApplication.java:445)
	at org.springframework.boot.SpringApplication.run(SpringApplication.java:321)
	at org.springframework.boot.test.context.SpringBootContextLoader.lambda$loadContext$2(SpringBootContextLoader.java:155)
	at org.springframework.util.function.ThrowingSupplier.get(ThrowingSupplier.java:58)
	at org.springframework.util.function.ThrowingSupplier.get(ThrowingSupplier.java:46)
	at org.springframework.boot.SpringApplication.withHook(SpringApplication.java:1465)
	at org.springframework.boot.test.context.SpringBootContextLoader$ContextLoaderHook.run(SpringBootContextLoader.java:600)
	at org.springframework.boot.test.context.SpringBootContextLoader.loadContext(SpringBootContextLoader.java:155)
	at org.springframework.boot.test.context.SpringBootContextLoader.loadContext(SpringBootContextLoader.java:114)
	at org.springframework.test.context.cache.DefaultCacheAwareContextLoaderDelegate.loadContextInternal(DefaultCacheAwareContextLoaderDelegate.java:247)
	at org.springframework.test.context.cache.DefaultCacheAwareContextLoaderDelegate.lambda$loadContext$0(DefaultCacheAwareContextLoaderDelegate.java:167)
	at org.springframework.test.context.cache.DefaultContextCache.put(DefaultContextCache.java:214)
	at org.springframework.test.context.cache.DefaultCacheAwareContextLoaderDelegate.loadContext(DefaultCacheAwareContextLoaderDelegate.java:160)
	at org.springframework.test.context.support.DefaultTestContext.getApplicationContext(DefaultTestContext.java:128)
	at org.springframework.test.context.web.ServletTestExecutionListener.setUpRequestContextIfNecessary(ServletTestExecutionListener.java:200)
	at org.springframework.test.context.web.ServletTestExecutionListener.prepareTestInstance(ServletTestExecutionListener.java:139)
	at org.springframework.test.context.TestContextManager.prepareTestInstance(TestContextManager.java:260)
	at org.springframework.test.context.junit.jupiter.SpringExtension.postProcessTestInstance(SpringExtension.java:242)
	at org.junit.jupiter.engine.descriptor.ClassBasedTestDescriptor.lambda$invokeTestInstancePostProcessors$1(ClassBasedTestDescriptor.java:423)
	at org.junit.jupiter.engine.descriptor.ClassBasedTestDescriptor.executeAndMaskThrowable(ClassBasedTestDescriptor.java:428)
	at org.junit.jupiter.engine.descriptor.ClassBasedTestDescriptor.lambda$invokeTestInstancePostProcessors$0(ClassBasedTestDescriptor.java:422)
	at java.base/java.util.stream.ForEachOps$ForEachOp$OfRef.accept(ForEachOps.java:184)
	at java.base/java.util.stream.ReferencePipeline$3$1.accept(ReferencePipeline.java:197)
	at java.base/java.util.stream.ReferencePipeline$2$1.accept(ReferencePipeline.java:179)
	at java.base/java.util.stream.ReferencePipeline$3$1.accept(ReferencePipeline.java:197)
	at java.base/java.util.ArrayList$ArrayListSpliterator.forEachRemaining(ArrayList.java:1708)
	at java.base/java.util.stream.AbstractPipeline.copyInto(AbstractPipeline.java:509)
	at java.base/java.util.stream.AbstractPipeline.wrapAndCopyInto(AbstractPipeline.java:499)
	at java.base/java.util.stream.ForEachOps$ForEachOp.evaluateSequential(ForEachOps.java:151)
	at java.base/java.util.stream.ForEachOps$ForEachOp$OfRef.evaluateSequential(ForEachOps.java:174)
	at java.base/java.util.stream.AbstractPipeline.evaluate(AbstractPipeline.java:234)
	at java.base/java.util.stream.ReferencePipeline.forEach(ReferencePipeline.java:596)
	at org.junit.jupiter.engine.descriptor.ClassBasedTestDescriptor.invokeTestInstancePostProcessors(ClassBasedTestDescriptor.java:422)
	at org.junit.jupiter.engine.descriptor.ClassBasedTestDescriptor.lambda$instantiateAndPostProcessTestInstance$0(ClassBasedTestDescriptor.java:334)
	at org.junit.platform.engine.support.hierarchical.ThrowableCollector.execute(ThrowableCollector.java:74)
	at org.junit.jupiter.engine.descriptor.ClassBasedTestDescriptor.instantiateAndPostProcessTestInstance(ClassBasedTestDescriptor.java:333)
	at org.junit.jupiter.engine.descriptor.ClassBasedTestDescriptor.lambda$testInstancesProvider$1(ClassBasedTestDescriptor.java:322)
	at java.base/java.util.Optional.orElseGet(Optional.java:364)
	at org.junit.jupiter.engine.descriptor.ClassBasedTestDescriptor.lambda$testInstancesProvider$0(ClassBasedTestDescriptor.java:321)
	at org.junit.jupiter.engine.execution.TestInstancesProvider.getTestInstances(TestInstancesProvider.java:27)
	at org.junit.jupiter.engine.descriptor.TestMethodTestDescriptor.lambda$prepare$0(TestMethodTestDescriptor.java:127)
	at org.junit.platform.engine.support.hierarchical.ThrowableCollector.execute(ThrowableCollector.java:74)
	at org.junit.jupiter.engine.descriptor.TestMethodTestDescriptor.prepare(TestMethodTestDescriptor.java:126)
	at org.junit.jupiter.engine.descriptor.TestMethodTestDescriptor.prepare(TestMethodTestDescriptor.java:70)
	at org.junit.platform.engine.support.hierarchical.NodeTestTask.lambda$prepare$0(NodeTestTask.java:144)
	at org.junit.platform.engine.support.hierarchical.ThrowableCollector.execute(ThrowableCollector.java:74)
	at org.junit.platform.engine.support.hierarchical.NodeTestTask.prepare(NodeTestTask.java:144)
	at org.junit.platform.engine.support.hierarchical.NodeTestTask.execute(NodeTestTask.java:110)
	at java.base/java.util.ArrayList.forEach(ArrayList.java:1596)
	at org.junit.platform.engine.support.hierarchical.SameThreadHierarchicalTestExecutorService.invokeAll(SameThreadHierarchicalTestExecutorService.java:42)
	at org.junit.platform.engine.support.hierarchical.NodeTestTask.lambda$executeRecursively$2(NodeTestTask.java:180)
	at org.junit.platform.engine.support.hierarchical.ThrowableCollector.execute(ThrowableCollector.java:74)
	at org.junit.platform.engine.support.hierarchical.NodeTestTask.lambda$executeRecursively$1(NodeTestTask.java:166)
	at org.junit.platform.engine.support.hierarchical.Node.around(Node.java:138)
	at org.junit.platform.engine.support.hierarchical.NodeTestTask.lambda$executeRecursively$0(NodeTestTask.java:164)
	at org.junit.platform.engine.support.hierarchical.ThrowableCollector.execute(ThrowableCollector.java:74)
	at org.junit.platform.engine.support.hierarchical.NodeTestTask.executeRecursively(NodeTestTask.java:163)
	at org.junit.platform.engine.support.hierarchical.NodeTestTask.execute(NodeTestTask.java:116)
	at java.base/java.util.ArrayList.forEach(ArrayList.java:1596)
	at org.junit.platform.engine.support.hierarchical.SameThreadHierarchicalTestExecutorService.invokeAll(SameThreadHierarchicalTestExecutorService.java:42)
	at org.junit.platform.engine.support.hierarchical.NodeTestTask.lambda$executeRecursively$2(NodeTestTask.java:180)
	at org.junit.platform.engine.support.hierarchical.ThrowableCollector.execute(ThrowableCollector.java:74)
	at org.junit.platform.engine.support.hierarchical.NodeTestTask.lambda$executeRecursively$1(NodeTestTask.java:166)
	at org.junit.platform.engine.support.hierarchical.Node.around(Node.java:138)
	at org.junit.platform.engine.support.hierarchical.NodeTestTask.lambda$executeRecursively$0(NodeTestTask.java:164)
	at org.junit.platform.engine.support.hierarchical.ThrowableCollector.execute(ThrowableCollector.java:74)
	at org.junit.platform.engine.support.hierarchical.NodeTestTask.executeRecursively(NodeTestTask.java:163)
	at org.junit.platform.engine.support.hierarchical.NodeTestTask.execute(NodeTestTask.java:116)
	at org.junit.platform.engine.support.hierarchical.SameThreadHierarchicalTestExecutorService.submit(SameThreadHierarchicalTestExecutorService.java:36)
	at org.junit.platform.engine.support.hierarchical.HierarchicalTestExecutor.execute(HierarchicalTestExecutor.java:52)
	at org.junit.platform.engine.support.hierarchical.HierarchicalTestEngine.execute(HierarchicalTestEngine.java:58)
	at org.junit.platform.launcher.core.EngineExecutionOrchestrator.executeEngine(EngineExecutionOrchestrator.java:246)
	at org.junit.platform.launcher.core.EngineExecutionOrchestrator.failOrExecuteEngine(EngineExecutionOrchestrator.java:218)
	at org.junit.platform.launcher.core.EngineExecutionOrchestrator.execute(EngineExecutionOrchestrator.java:179)
	at org.junit.platform.launcher.core.EngineExecutionOrchestrator.execute(EngineExecutionOrchestrator.java:108)
	at org.junit.platform.launcher.core.EngineExecutionOrchestrator.lambda$execute$0(EngineExecutionOrchestrator.java:66)
	at org.junit.platform.launcher.core.EngineExecutionOrchestrator.withInterceptedStreams(EngineExecutionOrchestrator.java:157)
	at org.junit.platform.launcher.core.EngineExecutionOrchestrator.execute(EngineExecutionOrchestrator.java:65)
	at org.junit.platform.launcher.core.DefaultLauncher.execute(DefaultLauncher.java:125)
	at org.junit.platform.launcher.core.DefaultLauncher.execute(DefaultLauncher.java:114)
	at org.junit.platform.launcher.core.DelegatingLauncher.execute(DelegatingLauncher.java:58)
	at org.junit.platform.launcher.core.InterceptingLauncher.lambda$execute$2(InterceptingLauncher.java:57)
	at org.junit.platform.launcher.core.ClasspathAlignmentCheckingLauncherInterceptor.intercept(ClasspathAlignmentCheckingLauncherInterceptor.java:25)
	at org.junit.platform.launcher.core.InterceptingLauncher.execute(InterceptingLauncher.java:56)
	at org.junit.platform.launcher.core.DelegatingLauncher.execute(DelegatingLauncher.java:58)
	at java.base/jdk.internal.reflect.DirectMethodHandleAccessor.invoke(DirectMethodHandleAccessor.java:103)
	at java.base/java.lang.reflect.Method.invoke(Method.java:580)
	at org.apache.maven.surefire.api.util.ReflectionUtils.invokeMethodWithArray(ReflectionUtils.java:125)
	at org.apache.maven.surefire.junitplatform.LauncherAdapter.executeWithCancellationToken(LauncherAdapter.java:68)
	at org.apache.maven.surefire.junitplatform.LauncherAdapter.execute(LauncherAdapter.java:54)
	at org.apache.maven.surefire.junitplatform.JUnitPlatformProvider.execute(JUnitPlatformProvider.java:203)
	at org.apache.maven.surefire.junitplatform.JUnitPlatformProvider.invokeAllTests(JUnitPlatformProvider.java:168)
	at org.apache.maven.surefire.junitplatform.JUnitPlatformProvider.invoke(JUnitPlatformProvider.java:136)
	at org.apache.maven.surefire.booter.ForkedBooter.runSuitesInProcess(ForkedBooter.java:385)
	at org.apache.maven.surefire.booter.ForkedBooter.execute(ForkedBooter.java:162)
	at org.apache.maven.surefire.booter.ForkedBooter.run(ForkedBooter.java:507)
	at org.apache.maven.surefire.booter.ForkedBooter.main(ForkedBooter.java:495)

2026-07-16T14:57:56.704-04:00  INFO 10320 --- [ms-venta] [main] com.netflix.discovery.DiscoveryClient    : Initial registry fetch from primary servers failed
2026-07-16T14:57:56.704-04:00  WARN 10320 --- [ms-venta] [main] com.netflix.discovery.DiscoveryClient    : Using default backup registry implementation which does not do anything.
2026-07-16T14:57:56.706-04:00  INFO 10320 --- [ms-venta] [main] com.netflix.discovery.DiscoveryClient    : Initial registry fetch from backup servers failed
2026-07-16T14:57:56.706-04:00  INFO 10320 --- [ms-venta] [main] com.netflix.discovery.DiscoveryClient    : Starting heartbeat executor: renew interval is: 30
2026-07-16T14:57:56.710-04:00  INFO 10320 --- [ms-venta] [main] c.n.discovery.InstanceInfoReplicator     : InstanceInfoReplicator onDemand update allowed rate per min is 4
2026-07-16T14:57:56.711-04:00  INFO 10320 --- [ms-venta] [main] com.netflix.discovery.DiscoveryClient    : Discovery Client initialized at timestamp 1784228276711 with initial instances count: 0
2026-07-16T14:57:56.719-04:00  INFO 10320 --- [ms-venta] [main] o.s.c.n.e.s.EurekaServiceRegistry        : Registering application MS-VENTA with eureka with status UP
2026-07-16T14:57:56.719-04:00  INFO 10320 --- [ms-venta] [main] com.netflix.discovery.DiscoveryClient    : Saw local status change event StatusChangeEvent [timestamp=1784228276719, current=UP, previous=STARTING]
2026-07-16T14:57:56.719-04:00 DEBUG 10320 --- [ms-venta] [DiscoveryClient-InstanceInfoReplicator-%d] c.n.discovery.InstanceInfoReplicator     : Executing on-demand update of local InstanceInfo
2026-07-16T14:57:56.719-04:00 DEBUG 10320 --- [ms-venta] [DiscoveryClient-InstanceInfoReplicator-%d] c.n.discovery.InstanceInfoReplicator     : Canceling the latest scheduled update, it will be rescheduled at the end of on demand update
2026-07-16T14:57:56.719-04:00 DEBUG 10320 --- [ms-venta] [main] o.s.c.support.DefaultLifecycleProcessor  : Successfully started bean 'eurekaAutoServiceRegistration'
2026-07-16T14:57:56.719-04:00 DEBUG 10320 --- [ms-venta] [main] o.s.c.support.DefaultLifecycleProcessor  : Starting beans in phase 1073741823
2026-07-16T14:57:56.724-04:00  INFO 10320 --- [ms-venta] [DiscoveryClient-InstanceInfoReplicator-%d] com.netflix.discovery.DiscoveryClient    : DiscoveryClient_MS-VENTA/Tititi:ms-venta:8086: registering service...
2026-07-16T14:57:56.725-04:00 DEBUG 10320 --- [ms-venta] [DiscoveryClient-InstanceInfoReplicator-%d] c.n.d.s.t.d.SessionedEurekaHttpClient    : Ending a session and starting anew
2026-07-16T14:57:56.725-04:00  WARN 10320 --- [ms-venta] [DiscoveryClient-InstanceInfoReplicator-%d] com.netflix.discovery.DiscoveryClient    : DiscoveryClient_MS-VENTA/Tititi:ms-venta:8086 - registration failed There is no known eureka server; cluster server list is empty

com.netflix.discovery.shared.transport.TransportException: There is no known eureka server; cluster server list is empty
	at com.netflix.discovery.shared.transport.decorator.RetryableEurekaHttpClient.execute(RetryableEurekaHttpClient.java:108) ~[eureka-client-2.0.5.jar:2.0.5]
	at com.netflix.discovery.shared.transport.decorator.EurekaHttpClientDecorator.register(EurekaHttpClientDecorator.java:56) ~[eureka-client-2.0.5.jar:2.0.5]
	at com.netflix.discovery.shared.transport.decorator.EurekaHttpClientDecorator$1.execute(EurekaHttpClientDecorator.java:59) ~[eureka-client-2.0.5.jar:2.0.5]
	at com.netflix.discovery.shared.transport.decorator.SessionedEurekaHttpClient.execute(SessionedEurekaHttpClient.java:76) ~[eureka-client-2.0.5.jar:2.0.5]
	at com.netflix.discovery.shared.transport.decorator.EurekaHttpClientDecorator.register(EurekaHttpClientDecorator.java:56) ~[eureka-client-2.0.5.jar:2.0.5]
	at com.netflix.discovery.DiscoveryClient.register(DiscoveryClient.java:828) ~[eureka-client-2.0.5.jar:2.0.5]
	at com.netflix.discovery.InstanceInfoReplicator.run(InstanceInfoReplicator.java:125) ~[eureka-client-2.0.5.jar:2.0.5]
	at com.netflix.discovery.InstanceInfoReplicator$2.run(InstanceInfoReplicator.java:105) ~[eureka-client-2.0.5.jar:2.0.5]
	at java.base/java.util.concurrent.Executors$RunnableAdapter.call(Executors.java:572) ~[na:na]
	at java.base/java.util.concurrent.FutureTask.run(FutureTask.java:317) ~[na:na]
	at java.base/java.util.concurrent.ScheduledThreadPoolExecutor$ScheduledFutureTask.run(ScheduledThreadPoolExecutor.java:304) ~[na:na]
	at java.base/java.util.concurrent.ThreadPoolExecutor.runWorker(ThreadPoolExecutor.java:1144) ~[na:na]
	at java.base/java.util.concurrent.ThreadPoolExecutor$Worker.run(ThreadPoolExecutor.java:642) ~[na:na]
	at java.base/java.lang.Thread.run(Thread.java:1583) ~[na:na]

2026-07-16T14:57:56.725-04:00  WARN 10320 --- [ms-venta] [DiscoveryClient-InstanceInfoReplicator-%d] c.n.discovery.InstanceInfoReplicator     : There was a problem with the instance info replicator

com.netflix.discovery.shared.transport.TransportException: There is no known eureka server; cluster server list is empty
	at com.netflix.discovery.shared.transport.decorator.RetryableEurekaHttpClient.execute(RetryableEurekaHttpClient.java:108) ~[eureka-client-2.0.5.jar:2.0.5]
	at com.netflix.discovery.shared.transport.decorator.EurekaHttpClientDecorator.register(EurekaHttpClientDecorator.java:56) ~[eureka-client-2.0.5.jar:2.0.5]
	at com.netflix.discovery.shared.transport.decorator.EurekaHttpClientDecorator$1.execute(EurekaHttpClientDecorator.java:59) ~[eureka-client-2.0.5.jar:2.0.5]
	at com.netflix.discovery.shared.transport.decorator.SessionedEurekaHttpClient.execute(SessionedEurekaHttpClient.java:76) ~[eureka-client-2.0.5.jar:2.0.5]
	at com.netflix.discovery.shared.transport.decorator.EurekaHttpClientDecorator.register(EurekaHttpClientDecorator.java:56) ~[eureka-client-2.0.5.jar:2.0.5]
	at com.netflix.discovery.DiscoveryClient.register(DiscoveryClient.java:828) ~[eureka-client-2.0.5.jar:2.0.5]
	at com.netflix.discovery.InstanceInfoReplicator.run(InstanceInfoReplicator.java:125) ~[eureka-client-2.0.5.jar:2.0.5]
	at com.netflix.discovery.InstanceInfoReplicator$2.run(InstanceInfoReplicator.java:105) ~[eureka-client-2.0.5.jar:2.0.5]
	at java.base/java.util.concurrent.Executors$RunnableAdapter.call(Executors.java:572) ~[na:na]
	at java.base/java.util.concurrent.FutureTask.run(FutureTask.java:317) ~[na:na]
	at java.base/java.util.concurrent.ScheduledThreadPoolExecutor$ScheduledFutureTask.run(ScheduledThreadPoolExecutor.java:304) ~[na:na]
	at java.base/java.util.concurrent.ThreadPoolExecutor.runWorker(ThreadPoolExecutor.java:1144) ~[na:na]
	at java.base/java.util.concurrent.ThreadPoolExecutor$Worker.run(ThreadPoolExecutor.java:642) ~[na:na]
	at java.base/java.lang.Thread.run(Thread.java:1583) ~[na:na]

2026-07-16T14:57:56.733-04:00 DEBUG 10320 --- [ms-venta] [main] .s.b.a.l.ConditionEvaluationReportLogger : 


============================
CONDITIONS EVALUATION REPORT
============================


Positive matches:
-----------------

   AopAutoConfiguration matched:
      - @ConditionalOnBooleanProperty (spring.aop.auto=true) matched (OnPropertyCondition)

   AopAutoConfiguration.AspectJAutoProxyingConfiguration matched:
      - @ConditionalOnClass found required class 'org.aspectj.weaver.Advice' (OnClassCondition)

   AopAutoConfiguration.AspectJAutoProxyingConfiguration.CglibAutoProxyConfiguration matched:
      - @ConditionalOnBooleanProperty (spring.aop.proxy-target-class=true) matched (OnPropertyCondition)

   ApplicationAvailabilityAutoConfiguration#applicationAvailability matched:
      - @ConditionalOnMissingBean (types: org.springframework.boot.availability.ApplicationAvailability; SearchStrategy: all) did not find any beans (OnBeanCondition)

   AutoServiceRegistrationAutoConfiguration matched:
      - @ConditionalOnProperty (spring.cloud.service-registry.auto-registration.enabled) matched (OnPropertyCondition)

   AutoServiceRegistrationConfiguration matched:
      - @ConditionalOnProperty (spring.cloud.service-registry.auto-registration.enabled) matched (OnPropertyCondition)

   BlockingLoadBalancerClientAutoConfiguration matched:
      - @ConditionalOnProperty (spring.cloud.loadbalancer.enabled=true) matched (OnPropertyCondition)
      - AnyNestedCondition 2 matched 0 did not; NestedCondition on BlockingRestClassesPresentCondition.RestClientPresent @ConditionalOnClass found required class 'org.springframework.web.client.RestClient'; NestedCondition on BlockingRestClassesPresentCondition.RestTemplatePresent @ConditionalOnClass found required class 'org.springframework.web.client.RestTemplate' (BlockingRestClassesPresentCondition)

   BlockingLoadBalancerClientAutoConfiguration#blockingLoadBalancerClient matched:
      - @ConditionalOnBean (types: org.springframework.cloud.loadbalancer.support.LoadBalancerClientFactory; SearchStrategy: all) found bean 'loadBalancerClientFactory'; @ConditionalOnMissingBean (types: org.springframework.cloud.client.loadbalancer.LoadBalancerClient; SearchStrategy: all) did not find any beans (OnBeanCondition)

   BlockingLoadBalancerClientAutoConfiguration#loadBalancerServiceInstanceCookieTransformer matched:
      - @ConditionalOnBean (types: org.springframework.cloud.loadbalancer.support.LoadBalancerClientFactory; SearchStrategy: all) found bean 'loadBalancerClientFactory'; @ConditionalOnMissingBean (types: org.springframework.cloud.loadbalancer.core.LoadBalancerServiceInstanceCookieTransformer; SearchStrategy: all) did not find any beans (OnBeanCondition)

   BlockingLoadBalancerClientAutoConfiguration#xForwarderHeadersTransformer matched:
      - @ConditionalOnBean (types: org.springframework.cloud.loadbalancer.support.LoadBalancerClientFactory; SearchStrategy: all) found bean 'loadBalancerClientFactory'; @ConditionalOnMissingBean (types: org.springframework.cloud.loadbalancer.blocking.XForwardedHeadersTransformer; SearchStrategy: all) did not find any beans (OnBeanCondition)

   CompatibilityVerifierAutoConfiguration matched:
      - @ConditionalOnProperty (spring.cloud.compatibility-verifier.enabled) matched (OnPropertyCondition)

   ConfigurationPropertiesRebinderAutoConfiguration matched:
      - @ConditionalOnBean (types: org.springframework.boot.context.properties.ConfigurationPropertiesBindingPostProcessor; SearchStrategy: all) found bean 'org.springframework.boot.context.properties.ConfigurationPropertiesBindingPostProcessor' (OnBeanCondition)

   ConfigurationPropertiesRebinderAutoConfiguration#configurationPropertiesBeans matched:
      - @ConditionalOnMissingBean (types: org.springframework.cloud.context.properties.ConfigurationPropertiesBeans; SearchStrategy: current) did not find any beans (OnBeanCondition)

   ConfigurationPropertiesRebinderAutoConfiguration#configurationPropertiesRebinder matched:
      - @ConditionalOnMissingBean (types: org.springframework.cloud.context.properties.ConfigurationPropertiesRebinder; SearchStrategy: current) did not find any beans (OnBeanCondition)

   DataJpaRepositoriesAutoConfiguration matched:
      - @ConditionalOnClass found required class 'org.springframework.data.jpa.repository.JpaRepository' (OnClassCondition)
      - @ConditionalOnBooleanProperty (spring.data.jpa.repositories.enabled=true) matched (OnPropertyCondition)
      - @ConditionalOnBean (types: javax.sql.DataSource; SearchStrategy: all) found bean 'dataSource'; @ConditionalOnMissingBean (types: org.springframework.data.jpa.repository.support.JpaRepositoryFactoryBean,org.springframework.data.jpa.repository.config.JpaRepositoryConfigExtension; SearchStrategy: all) did not find any beans (OnBeanCondition)

   DataSourceAutoConfiguration matched:
      - @ConditionalOnClass found required classes 'javax.sql.DataSource', 'org.springframework.jdbc.datasource.embedded.EmbeddedDatabaseType' (OnClassCondition)
      - @ConditionalOnMissingBean (types: io.r2dbc.spi.ConnectionFactory; SearchStrategy: all) did not find any beans (OnBeanCondition)

   DataSourceAutoConfiguration.PooledDataSourceConfiguration matched:
      - AnyNestedCondition 1 matched 1 did not; NestedCondition on DataSourceAutoConfiguration.PooledDataSourceCondition.PooledDataSourceAvailable PooledDataSource found supported DataSource; NestedCondition on DataSourceAutoConfiguration.PooledDataSourceCondition.ExplicitType @ConditionalOnProperty (spring.datasource.type) did not find property 'spring.datasource.type' (DataSourceAutoConfiguration.PooledDataSourceCondition)
      - @ConditionalOnMissingBean (types: javax.sql.DataSource,javax.sql.XADataSource; SearchStrategy: all) did not find any beans (OnBeanCondition)

   DataSourceAutoConfiguration.PooledDataSourceConfiguration#jdbcConnectionDetails matched:
      - @ConditionalOnMissingBean (types: org.springframework.boot.jdbc.autoconfigure.JdbcConnectionDetails; SearchStrategy: all) did not find any beans (OnBeanCondition)

   DataSourceConfiguration.Hikari matched:
      - @ConditionalOnClass found required class 'com.zaxxer.hikari.HikariDataSource' (OnClassCondition)
      - @ConditionalOnProperty (spring.datasource.type=com.zaxxer.hikari.HikariDataSource) matched (OnPropertyCondition)
      - @ConditionalOnMissingBean (types: javax.sql.DataSource; SearchStrategy: all) did not find any beans (OnBeanCondition)

   DataSourceInitializationAutoConfiguration matched:
      - @ConditionalOnClass found required class 'org.springframework.jdbc.datasource.init.DatabasePopulator' (OnClassCondition)
      - SQL InitializationDatabase Initialization default value is EMBEDDED (OnSqlInitializationCondition)
      - @ConditionalOnSingleCandidate (types: javax.sql.DataSource; SearchStrategy: all) found a single bean 'dataSource'; @ConditionalOnMissingBean (types: org.springframework.boot.sql.autoconfigure.init.ApplicationScriptDatabaseInitializer; SearchStrategy: all) did not find any beans (OnBeanCondition)

   DataSourcePoolMetadataProvidersConfiguration.HikariPoolDataSourceMetadataProviderConfiguration matched:
      - @ConditionalOnClass found required class 'com.zaxxer.hikari.HikariDataSource' (OnClassCondition)

   DataSourceTransactionManagerAutoConfiguration matched:
      - @ConditionalOnClass found required classes 'javax.sql.DataSource', 'org.springframework.jdbc.core.JdbcTemplate', 'org.springframework.transaction.TransactionManager' (OnClassCondition)

   DataSourceTransactionManagerAutoConfiguration.JdbcTransactionManagerConfiguration matched:
      - @ConditionalOnSingleCandidate (types: javax.sql.DataSource; SearchStrategy: all) found a single bean 'dataSource' (OnBeanCondition)

   DataWebAutoConfiguration matched:
      - @ConditionalOnClass found required classes 'org.springframework.data.web.PageableHandlerMethodArgumentResolver', 'org.springframework.web.servlet.config.annotation.WebMvcConfigurer' (OnClassCondition)
      - found 'session' scope (OnWebApplicationCondition)
      - @ConditionalOnMissingBean (types: org.springframework.data.web.PageableHandlerMethodArgumentResolver; SearchStrategy: all) did not find any beans (OnBeanCondition)

   DataWebAutoConfiguration#pageableCustomizer matched:
      - @ConditionalOnMissingBean (types: org.springframework.data.web.config.PageableHandlerMethodArgumentResolverCustomizer; SearchStrategy: all) did not find any beans (OnBeanCondition)

   DataWebAutoConfiguration#sortCustomizer matched:
      - @ConditionalOnMissingBean (types: org.springframework.data.web.config.SortHandlerMethodArgumentResolverCustomizer; SearchStrategy: all) did not find any beans (OnBeanCondition)

   DataWebAutoConfiguration#springDataWebSettings matched:
      - @ConditionalOnMissingBean (types: org.springframework.data.web.config.SpringDataWebSettings; SearchStrategy: all) did not find any beans (OnBeanCondition)

   DefaultFeignLoadBalancerConfiguration#feignClient matched:
      - AnyNestedCondition 2 matched 1 did not; NestedCondition on OnRetryNotEnabledCondition.OnLoadBalancerRetryEnabledCondition @ConditionalOnProperty (spring.cloud.loadbalancer.retry.enabled=false) did not find property 'spring.cloud.loadbalancer.retry.enabled'; NestedCondition on OnRetryNotEnabledCondition.OnRetryFactoryCondition @ConditionalOnMissingBean (types: org.springframework.cloud.client.loadbalancer.LoadBalancedRetryFactory; SearchStrategy: all) did not find any beans; NestedCondition on OnRetryNotEnabledCondition.OnNoRetryTemplateCondition @ConditionalOnMissingClass did not find unwanted class 'org.springframework.retry.support.RetryTemplate' (OnRetryNotEnabledCondition)
      - @ConditionalOnMissingBean (types: feign.Client; SearchStrategy: all) did not find any beans (OnBeanCondition)

   DiscoveryClientOptionalArgsConfiguration.RestClientConfiguration matched:
      - AllNestedConditions 3 matched 0 did not; NestedCondition on DiscoveryClientOptionalArgsConfiguration.OnRestClientPresentAndEnabledCondition.OnWebClientDisabled @ConditionalOnProperty (eureka.client.webclient.enabled=false) matched; NestedCondition on DiscoveryClientOptionalArgsConfiguration.OnRestClientPresentAndEnabledCondition.OnJerseyClientNotPresentOrNotEnabled AnyNestedCondition 1 matched 1 did not; NestedCondition on DiscoveryClientOptionalArgsConfiguration.OnJerseyClientNotPresentOrNotEnabledCondition.OnJerseyClientDisabled @ConditionalOnProperty (eureka.client.jersey.enabled=false) did not find property 'eureka.client.jersey.enabled'; NestedCondition on DiscoveryClientOptionalArgsConfiguration.OnJerseyClientNotPresentOrNotEnabledCondition.OnJerseyClientMissing @ConditionalOnMissingClass did not find unwanted class 'org.glassfish.jersey.client.JerseyClient'; NestedCondition on DiscoveryClientOptionalArgsConfiguration.OnRestClientPresentAndEnabledCondition.OnRestClientPresent @ConditionalOnClass found required class 'org.springframework.web.client.RestClient' (DiscoveryClientOptionalArgsConfiguration.OnRestClientPresentAndEnabledCondition)

   DiscoveryClientOptionalArgsConfiguration.RestClientConfiguration#defaultEurekaClientHttpRequestFactorySupplier matched:
      - @ConditionalOnMissingBean (types: org.springframework.cloud.netflix.eureka.http.EurekaClientHttpRequestFactorySupplier; SearchStrategy: all) did not find any beans (OnBeanCondition)

   DiscoveryClientOptionalArgsConfiguration.RestClientConfiguration#restClientDiscoveryClientOptionalArgs matched:
      - @ConditionalOnMissingBean (types: com.netflix.discovery.AbstractDiscoveryClientOptionalArgs; SearchStrategy: current) did not find any beans (OnBeanCondition)

   DiscoveryClientOptionalArgsConfiguration.RestClientConfiguration#restClientTransportClientFactories matched:
      - @ConditionalOnMissingBean (types: com.netflix.discovery.shared.transport.jersey.TransportClientFactories; SearchStrategy: current) did not find any beans (OnBeanCondition)

   DispatcherServletAutoConfiguration matched:
      - @ConditionalOnClass found required class 'org.springframework.web.servlet.DispatcherServlet' (OnClassCondition)
      - found 'session' scope (OnWebApplicationCondition)

   DispatcherServletAutoConfiguration.DispatcherServletConfiguration matched:
      - @ConditionalOnClass found required class 'jakarta.servlet.ServletRegistration' (OnClassCondition)
      - Default DispatcherServlet did not find dispatcher servlet beans (DispatcherServletAutoConfiguration.DefaultDispatcherServletCondition)

   DispatcherServletAutoConfiguration.DispatcherServletRegistrationConfiguration matched:
      - @ConditionalOnClass found required class 'jakarta.servlet.ServletRegistration' (OnClassCondition)
      - DispatcherServlet Registration did not find servlet registration bean (DispatcherServletAutoConfiguration.DispatcherServletRegistrationCondition)

   DispatcherServletAutoConfiguration.DispatcherServletRegistrationConfiguration#dispatcherServletRegistration matched:
      - @ConditionalOnBean (names: dispatcherServlet types: org.springframework.web.servlet.DispatcherServlet; SearchStrategy: all) found bean 'dispatcherServlet' (OnBeanCondition)

   ErrorMvcAutoConfiguration matched:
      - @ConditionalOnClass found required classes 'jakarta.servlet.Servlet', 'org.springframework.web.servlet.DispatcherServlet' (OnClassCondition)
      - found 'session' scope (OnWebApplicationCondition)

   ErrorMvcAutoConfiguration#basicErrorController matched:
      - @ConditionalOnMissingBean (types: org.springframework.boot.webmvc.error.ErrorController; SearchStrategy: current) did not find any beans (OnBeanCondition)

   ErrorMvcAutoConfiguration#errorAttributes matched:
      - @ConditionalOnMissingBean (types: org.springframework.boot.webmvc.error.ErrorAttributes; SearchStrategy: current) did not find any beans (OnBeanCondition)

   ErrorMvcAutoConfiguration.DefaultErrorViewResolverConfiguration#conventionErrorViewResolver matched:
      - @ConditionalOnBean (types: org.springframework.web.servlet.DispatcherServlet; SearchStrategy: all) found bean 'dispatcherServlet'; @ConditionalOnMissingBean (types: org.springframework.boot.webmvc.autoconfigure.error.ErrorViewResolver; SearchStrategy: all) did not find any beans (OnBeanCondition)

   ErrorMvcAutoConfiguration.WhitelabelErrorViewConfiguration matched:
      - @ConditionalOnBooleanProperty (spring.web.error.whitelabel.enabled=true) matched (OnPropertyCondition)
      - ErrorTemplate Missing did not find error template view (ErrorMvcAutoConfiguration.ErrorTemplateMissingCondition)

   ErrorMvcAutoConfiguration.WhitelabelErrorViewConfiguration#beanNameViewResolver matched:
      - @ConditionalOnMissingBean (types: org.springframework.web.servlet.view.BeanNameViewResolver; SearchStrategy: all) did not find any beans (OnBeanCondition)

   ErrorMvcAutoConfiguration.WhitelabelErrorViewConfiguration#defaultErrorView matched:
      - @ConditionalOnMissingBean (names: error; SearchStrategy: all) did not find any beans (OnBeanCondition)

   EurekaClientAutoConfiguration matched:
      - @ConditionalOnClass found required class 'com.netflix.discovery.EurekaClientConfig' (OnClassCondition)
      - @ConditionalOnProperty (eureka.client.enabled) matched; @ConditionalOnProperty (spring.cloud.discovery.enabled) matched (OnPropertyCondition)

   EurekaClientAutoConfiguration#eurekaAutoServiceRegistration matched:
      - @ConditionalOnProperty (spring.cloud.service-registry.auto-registration.enabled) matched (OnPropertyCondition)
      - @ConditionalOnBean (types: org.springframework.cloud.client.serviceregistry.AutoServiceRegistrationProperties; SearchStrategy: all) found bean 'spring.cloud.service-registry.auto-registration-org.springframework.cloud.client.serviceregistry.AutoServiceRegistrationProperties' (OnBeanCondition)

   EurekaClientAutoConfiguration#eurekaClientConfigBean matched:
      - @ConditionalOnMissingBean (types: com.netflix.discovery.EurekaClientConfig; SearchStrategy: current) did not find any beans (OnBeanCondition)

   EurekaClientAutoConfiguration#eurekaInstanceConfigBean matched:
      - @ConditionalOnMissingBean (types: com.netflix.appinfo.EurekaInstanceConfig; SearchStrategy: current) did not find any beans (OnBeanCondition)

   EurekaClientAutoConfiguration#serviceManagementMetadataProvider matched:
      - @ConditionalOnMissingBean (types: org.springframework.cloud.netflix.eureka.metadata.ManagementMetadataProvider; SearchStrategy: all) did not find any beans (OnBeanCondition)

   EurekaClientAutoConfiguration.RefreshableEurekaClientConfiguration matched:
      - @ConditionalOnClass found required class 'org.springframework.cloud.context.scope.refresh.RefreshScope' (OnClassCondition)
      - @ConditionalOnProperty (eureka.client.refresh.enable=true) matched (OnPropertyCondition)
      - @ConditionalOnBean (types: org.springframework.cloud.autoconfigure.RefreshAutoConfiguration; SearchStrategy: all) found bean 'org.springframework.cloud.autoconfigure.RefreshAutoConfiguration' (OnBeanCondition)

   EurekaClientAutoConfiguration.RefreshableEurekaClientConfiguration#eurekaApplicationInfoManager matched:
      - @ConditionalOnMissingBean (types: com.netflix.appinfo.ApplicationInfoManager; SearchStrategy: current) did not find any beans (OnBeanCondition)

   EurekaClientAutoConfiguration.RefreshableEurekaClientConfiguration#eurekaClient matched:
      - @ConditionalOnMissingBean (types: com.netflix.discovery.EurekaClient; SearchStrategy: current) did not find any beans (OnBeanCondition)

   EurekaClientAutoConfiguration.RefreshableEurekaClientConfiguration#eurekaRegistration matched:
      - @ConditionalOnProperty (spring.cloud.service-registry.auto-registration.enabled) matched (OnPropertyCondition)
      - @ConditionalOnBean (types: org.springframework.cloud.client.serviceregistry.AutoServiceRegistrationProperties; SearchStrategy: all) found bean 'spring.cloud.service-registry.auto-registration-org.springframework.cloud.client.serviceregistry.AutoServiceRegistrationProperties' (OnBeanCondition)

   EurekaDiscoveryClientConfiguration matched:
      - @ConditionalOnClass found required class 'com.netflix.discovery.EurekaClientConfig' (OnClassCondition)
      - @ConditionalOnProperty (eureka.client.enabled) matched; @ConditionalOnProperty (spring.cloud.discovery.enabled) matched; @ConditionalOnProperty (spring.cloud.discovery.blocking.enabled) matched (OnPropertyCondition)

   EurekaDiscoveryClientConfiguration#discoveryClient matched:
      - @ConditionalOnMissingBean (types: org.springframework.cloud.netflix.eureka.EurekaDiscoveryClient; SearchStrategy: all) did not find any beans (OnBeanCondition)

   EurekaDiscoveryClientConfiguration.EurekaClientConfigurationRefresher matched:
      - @ConditionalOnClass found required class 'org.springframework.cloud.context.scope.refresh.RefreshScopeRefreshedEvent' (OnClassCondition)

   FeignAutoConfiguration matched:
      - @ConditionalOnClass found required class 'feign.Feign' (OnClassCondition)

   FeignAutoConfiguration.DefaultFeignTargeterConfiguration matched:
      - AnyNestedCondition 1 matched 1 did not; NestedCondition on FeignCircuitBreakerDisabledConditions.CircuitBreakerDisabled @ConditionalOnProperty (spring.cloud.openfeign.circuitbreaker.enabled=false) matched; NestedCondition on FeignCircuitBreakerDisabledConditions.CircuitBreakerClassMissing @ConditionalOnMissingClass found unwanted class 'org.springframework.cloud.client.circuitbreaker.CircuitBreaker' (FeignCircuitBreakerDisabledConditions)

   FeignAutoConfiguration.DefaultFeignTargeterConfiguration#feignTargeter matched:
      - @ConditionalOnMissingBean (types: org.springframework.cloud.openfeign.Targeter; SearchStrategy: all) did not find any beans (OnBeanCondition)

   FeignAutoConfiguration.FeignJacksonConfiguration matched:
      - @ConditionalOnClass found required classes 'java.lang.Module', 'org.springframework.data.domain.Page', 'org.springframework.data.domain.Sort' (OnClassCondition)
      - @ConditionalOnProperty (spring.cloud.openfeign.autoconfiguration.jackson.enabled=true) matched (OnPropertyCondition)

   FeignAutoConfiguration.FeignJacksonConfiguration#pageJacksonModule matched:
      - @ConditionalOnMissingBean (types: org.springframework.cloud.openfeign.support.PageJacksonModule; SearchStrategy: all) did not find any beans (OnBeanCondition)

   FeignAutoConfiguration.FeignJacksonConfiguration#sortModule matched:
      - @ConditionalOnMissingBean (types: org.springframework.cloud.openfeign.support.SortJacksonModule; SearchStrategy: all) did not find any beans (OnBeanCondition)

   FeignLoadBalancerAutoConfiguration matched:
      - @ConditionalOnClass found required class 'feign.Feign' (OnClassCondition)
      - @ConditionalOnBean (types: org.springframework.cloud.client.loadbalancer.LoadBalancerClient,org.springframework.cloud.loadbalancer.support.LoadBalancerClientFactory; SearchStrategy: all) found beans 'blockingLoadBalancerClient', 'loadBalancerClientFactory' (OnBeanCondition)

   FeignLoadBalancerAutoConfiguration#xForwarderHeadersFeignTransformer matched:
      - @ConditionalOnBean (types: org.springframework.cloud.loadbalancer.support.LoadBalancerClientFactory; SearchStrategy: all) found bean 'loadBalancerClientFactory'; @ConditionalOnMissingBean (types: org.springframework.cloud.openfeign.loadbalancer.XForwardedHeadersTransformer; SearchStrategy: all) did not find any beans (OnBeanCondition)

   GenericCacheConfiguration matched:
      - Cache org.springframework.boot.cache.autoconfigure.GenericCacheConfiguration automatic cache type (CacheCondition)

   GsonHttpMessageConvertersConfiguration matched:
      - @ConditionalOnClass found required class 'com.google.gson.Gson' (OnClassCondition)

   HibernateJpaAutoConfiguration matched:
      - @ConditionalOnClass found required classes 'org.springframework.orm.jpa.LocalContainerEntityManagerFactoryBean', 'jakarta.persistence.EntityManager', 'org.hibernate.engine.spi.SessionImplementor' (OnClassCondition)

   HibernateJpaConfiguration matched:
      - @ConditionalOnSingleCandidate (types: javax.sql.DataSource; SearchStrategy: all) found a single bean 'dataSource' (OnBeanCondition)

   HttpClientAutoConfiguration#httpClientSettings matched:
      - @ConditionalOnMissingBean (types: org.springframework.boot.http.client.HttpClientSettings; SearchStrategy: all) did not find any beans (OnBeanCondition)

   HttpEncodingAutoConfiguration matched:
      - @ConditionalOnClass found required class 'org.springframework.web.filter.CharacterEncodingFilter' (OnClassCondition)
      - found 'session' scope (OnWebApplicationCondition)
      - @ConditionalOnBooleanProperty (spring.servlet.encoding.enabled=true) matched (OnPropertyCondition)

   HttpEncodingAutoConfiguration#characterEncodingFilter matched:
      - @ConditionalOnMissingBean (types: org.springframework.web.filter.CharacterEncodingFilter; SearchStrategy: all) did not find any beans (OnBeanCondition)

   HttpMessageConvertersAutoConfiguration matched:
      - @ConditionalOnClass found required class 'org.springframework.http.converter.HttpMessageConverter' (OnClassCondition)
      - NoneNestedConditions 0 matched 1 did not; NestedCondition on HttpMessageConvertersAutoConfiguration.NotReactiveWebApplicationCondition.ReactiveWebApplication did not find reactive web application classes (HttpMessageConvertersAutoConfiguration.NotReactiveWebApplicationCondition)

   HttpMessageConvertersAutoConfiguration.StringHttpMessageConverterConfiguration#stringHttpMessageConvertersCustomizer matched:
      - @ConditionalOnMissingBean (types: org.springframework.http.converter.StringHttpMessageConverter; SearchStrategy: all) did not find any beans (OnBeanCondition)

   ImperativeHttpClientAutoConfiguration matched:
      - @ConditionalOnClass found required class 'org.springframework.http.client.ClientHttpRequestFactory' (OnClassCondition)
      - NoneNestedConditions 0 matched 1 did not; NestedCondition on NotReactiveWebApplicationCondition.ReactiveWebApplication did not find reactive web application classes (NotReactiveWebApplicationCondition)

   ImperativeHttpClientAutoConfiguration#clientHttpRequestFactory matched:
      - @ConditionalOnMissingBean (types: org.springframework.http.client.ClientHttpRequestFactory; SearchStrategy: all) did not find any beans (OnBeanCondition)

   ImperativeHttpClientAutoConfiguration#clientHttpRequestFactoryBuilder matched:
      - @ConditionalOnMissingBean (types: org.springframework.boot.http.client.ClientHttpRequestFactoryBuilder<?>; SearchStrategy: all) did not find any beans (OnBeanCondition)

   Jackson2AutoConfiguration matched:
      - @ConditionalOnClass found required class 'com.fasterxml.jackson.databind.ObjectMapper' (OnClassCondition)

   Jackson2AutoConfiguration.Jackson2ObjectMapperBuilderCustomizerConfiguration matched:
      - @ConditionalOnClass found required class 'org.springframework.http.converter.json.Jackson2ObjectMapperBuilder' (OnClassCondition)

   Jackson2AutoConfiguration.JacksonObjectMapperBuilderConfiguration matched:
      - @ConditionalOnClass found required class 'org.springframework.http.converter.json.Jackson2ObjectMapperBuilder' (OnClassCondition)

   Jackson2AutoConfiguration.JacksonObjectMapperBuilderConfiguration#jackson2ObjectMapperBuilder matched:
      - @ConditionalOnMissingBean (types: org.springframework.http.converter.json.Jackson2ObjectMapperBuilder; SearchStrategy: all) did not find any beans (OnBeanCondition)

   Jackson2AutoConfiguration.JacksonObjectMapperConfiguration matched:
      - @ConditionalOnClass found required class 'org.springframework.http.converter.json.Jackson2ObjectMapperBuilder' (OnClassCondition)

   Jackson2AutoConfiguration.JacksonObjectMapperConfiguration#jackson2ObjectMapper matched:
      - @ConditionalOnMissingBean (types: com.fasterxml.jackson.databind.ObjectMapper; SearchStrategy: all) did not find any beans (OnBeanCondition)

   Jackson2AutoConfiguration.ParameterNamesModuleConfiguration matched:
      - @ConditionalOnClass found required class 'com.fasterxml.jackson.module.paramnames.ParameterNamesModule' (OnClassCondition)

   Jackson2AutoConfiguration.ParameterNamesModuleConfiguration#jackson2ParameterNamesModule matched:
      - @ConditionalOnMissingBean (types: com.fasterxml.jackson.module.paramnames.ParameterNamesModule; SearchStrategy: all) did not find any beans (OnBeanCondition)

   JacksonAutoConfiguration matched:
      - @ConditionalOnClass found required class 'tools.jackson.databind.json.JsonMapper' (OnClassCondition)

   JacksonAutoConfiguration#jacksonJsonMapper matched:
      - @ConditionalOnMissingBean (types: tools.jackson.databind.json.JsonMapper; SearchStrategy: all) did not find any beans (OnBeanCondition)

   JacksonAutoConfiguration#jsonMapperBuilder matched:
      - @ConditionalOnMissingBean (types: tools.jackson.databind.json.JsonMapper$Builder; SearchStrategy: all) did not find any beans (OnBeanCondition)

   JacksonAutoConfiguration.JsonProblemDetailsConfiguration matched:
      - @ConditionalOnClass found required class 'org.springframework.http.ProblemDetail' (OnClassCondition)

   JacksonHttpMessageConvertersConfiguration.JacksonJsonHttpMessageConverterConfiguration matched:
      - @ConditionalOnClass found required class 'tools.jackson.databind.json.JsonMapper' (OnClassCondition)
      - @ConditionalOnProperty (spring.http.converters.preferred-json-mapper=jackson) matched (OnPropertyCondition)
      - @ConditionalOnBean (types: tools.jackson.databind.json.JsonMapper; SearchStrategy: all) found bean 'jacksonJsonMapper' (OnBeanCondition)

   JacksonHttpMessageConvertersConfiguration.JacksonJsonHttpMessageConverterConfiguration#jacksonJsonHttpMessageConvertersCustomizer matched:
      - @ConditionalOnMissingBean (types: org.springframework.http.converter.json.JacksonJsonHttpMessageConverter ignored: org.springframework.hateoas.server.mvc.TypeConstrainedJacksonJsonHttpMessageConverter,org.springframework.data.rest.webmvc.alps.AlpsJacksonJsonHttpMessageConverter; SearchStrategy: all) did not find any beans (OnBeanCondition)

   JdbcClientAutoConfiguration matched:
      - @ConditionalOnSingleCandidate (types: org.springframework.jdbc.core.namedparam.NamedParameterJdbcTemplate; SearchStrategy: all) found a single bean 'namedParameterJdbcTemplate'; @ConditionalOnMissingBean (types: org.springframework.jdbc.core.simple.JdbcClient; SearchStrategy: all) did not find any beans (OnBeanCondition)

   JdbcTemplateAutoConfiguration matched:
      - @ConditionalOnClass found required classes 'javax.sql.DataSource', 'org.springframework.jdbc.core.JdbcTemplate' (OnClassCondition)
      - @ConditionalOnSingleCandidate (types: javax.sql.DataSource; SearchStrategy: all) found a single bean 'dataSource' (OnBeanCondition)

   JdbcTemplateConfiguration matched:
      - @ConditionalOnMissingBean (types: org.springframework.jdbc.core.JdbcOperations; SearchStrategy: all) did not find any beans (OnBeanCondition)

   JpaBaseConfiguration#entityManagerFactory matched:
      - @ConditionalOnMissingBean (types: org.springframework.orm.jpa.LocalContainerEntityManagerFactoryBean,jakarta.persistence.EntityManagerFactory; SearchStrategy: all) did not find any beans (OnBeanCondition)

   JpaBaseConfiguration#entityManagerFactoryBuilder matched:
      - @ConditionalOnMissingBean (types: org.springframework.boot.jpa.EntityManagerFactoryBuilder; SearchStrategy: all) did not find any beans (OnBeanCondition)

   JpaBaseConfiguration#jpaVendorAdapter matched:
      - @ConditionalOnMissingBean (types: org.springframework.orm.jpa.JpaVendorAdapter; SearchStrategy: all) did not find any beans (OnBeanCondition)

   JpaBaseConfiguration#transactionManager matched:
      - @ConditionalOnMissingBean (types: org.springframework.transaction.TransactionManager; SearchStrategy: all) did not find any beans (OnBeanCondition)

   JpaBaseConfiguration.JpaWebConfiguration matched:
      - @ConditionalOnClass found required class 'org.springframework.web.servlet.config.annotation.WebMvcConfigurer' (OnClassCondition)
      - found 'session' scope (OnWebApplicationCondition)
      - @ConditionalOnBooleanProperty (spring.jpa.open-in-view=true) matched (OnPropertyCondition)
      - @ConditionalOnMissingBean (types: org.springframework.orm.jpa.support.OpenEntityManagerInViewInterceptor,org.springframework.orm.jpa.support.OpenEntityManagerInViewFilter; SearchStrategy: all) did not find any beans (OnBeanCondition)

   JpaBaseConfiguration.PersistenceManagedTypesConfiguration matched:
      - @ConditionalOnMissingBean (types: org.springframework.orm.jpa.LocalContainerEntityManagerFactoryBean,jakarta.persistence.EntityManagerFactory; SearchStrategy: all) did not find any beans (OnBeanCondition)

   JpaBaseConfiguration.PersistenceManagedTypesConfiguration#persistenceManagedTypes matched:
      - @ConditionalOnMissingBean (types: org.springframework.orm.jpa.persistenceunit.PersistenceManagedTypes; SearchStrategy: all) did not find any beans (OnBeanCondition)

   JtaAutoConfiguration matched:
      - @ConditionalOnClass found required class 'jakarta.transaction.Transaction' (OnClassCondition)
      - @ConditionalOnBooleanProperty (spring.jta.enabled=true) matched (OnPropertyCondition)

   LifecycleAutoConfiguration#defaultLifecycleProcessor matched:
      - @ConditionalOnMissingBean (names: lifecycleProcessor; SearchStrategy: current) did not find any beans (OnBeanCondition)

   LifecycleMvcEndpointAutoConfiguration#environmentManager matched:
      - @ConditionalOnMissingBean (types: org.springframework.cloud.context.environment.EnvironmentManager; SearchStrategy: all) did not find any beans (OnBeanCondition)

   org.springframework.cloud.client.loadbalancer.LoadBalancerAutoConfiguration matched:
      - AnyNestedCondition 2 matched 0 did not; NestedCondition on BlockingRestClassesPresentCondition.RestClientPresent @ConditionalOnClass found required class 'org.springframework.web.client.RestClient'; NestedCondition on BlockingRestClassesPresentCondition.RestTemplatePresent @ConditionalOnClass found required class 'org.springframework.web.client.RestTemplate' (BlockingRestClassesPresentCondition)
      - @ConditionalOnBean (types: org.springframework.cloud.client.loadbalancer.LoadBalancerClient; SearchStrategy: all) found bean 'blockingLoadBalancerClient' (OnBeanCondition)

   org.springframework.cloud.loadbalancer.config.LoadBalancerAutoConfiguration matched:
      - @ConditionalOnProperty (spring.cloud.loadbalancer.enabled=true) matched (OnPropertyCondition)

   LoadBalancerAutoConfiguration#loadBalancerClientFactory matched:
      - @ConditionalOnMissingBean (types: org.springframework.cloud.loadbalancer.support.LoadBalancerClientFactory; SearchStrategy: all) did not find any beans (OnBeanCondition)

   LoadBalancerAutoConfiguration#loadBalancerRequestFactory matched:
      - @ConditionalOnMissingBean (types: org.springframework.cloud.client.loadbalancer.LoadBalancerRequestFactory; SearchStrategy: all) did not find any beans (OnBeanCondition)

   LoadBalancerAutoConfiguration#zoneConfig matched:
      - @ConditionalOnMissingBean (types: org.springframework.cloud.loadbalancer.config.LoadBalancerZoneConfig; SearchStrategy: all) did not find any beans (OnBeanCondition)

   LoadBalancerAutoConfiguration.DeferringLoadBalancerInterceptorConfig#lbRestClientPostProcessor matched:
      - @ConditionalOnBean (types: org.springframework.cloud.client.loadbalancer.DeferringLoadBalancerInterceptor; SearchStrategy: all) found bean 'deferringLoadBalancerInterceptor'; @ConditionalOnMissingBean (types: org.springframework.cloud.client.loadbalancer.LoadBalancerRestClientBuilderBeanPostProcessor; SearchStrategy: all) did not find any beans (OnBeanCondition)

   LoadBalancerAutoConfiguration.DeferringLoadBalancerInterceptorHttpClientConfig matched:
      - @ConditionalOnClass found required class 'org.springframework.boot.http.client.autoconfigure.service.HttpServiceClientProperties' (OnClassCondition)

   LoadBalancerAutoConfiguration.DeferringLoadBalancerInterceptorHttpClientConfig#deferringLoadBalancerInterceptor matched:
      - @ConditionalOnMissingBean (types: org.springframework.cloud.client.loadbalancer.DeferringLoadBalancerInterceptor; SearchStrategy: all) did not find any beans (OnBeanCondition)

   LoadBalancerAutoConfiguration.DeferringLoadBalancerInterceptorHttpClientConfig#loadBalancerRestClientHttpServiceGroupConfigurer matched:
      - @ConditionalOnBean (types: org.springframework.boot.http.client.autoconfigure.service.HttpServiceClientProperties,org.springframework.cloud.client.loadbalancer.reactive.ReactiveLoadBalancer$Factory; SearchStrategy: all) found beans 'loadBalancerClientFactory', 'httpServiceClientProperties'; @ConditionalOnMissingBean (types: org.springframework.cloud.client.loadbalancer.LoadBalancerRestClientHttpServiceGroupConfigurer; SearchStrategy: all) did not find any beans (OnBeanCondition)

   LoadBalancerAutoConfiguration.DeferringLoadBalancerInterceptorRestTemplateBuilderConfig matched:
      - @ConditionalOnClass found required class 'org.springframework.boot.restclient.RestTemplateBuilder' (OnClassCondition)

   LoadBalancerAutoConfiguration.DeferringLoadBalancerInterceptorRestTemplateBuilderConfig#lbRestTemplateBuilderPostProcessor matched:
      - @ConditionalOnBean (types: org.springframework.cloud.client.loadbalancer.DeferringLoadBalancerInterceptor; SearchStrategy: all) found bean 'deferringLoadBalancerInterceptor'; @ConditionalOnMissingBean (types: org.springframework.cloud.client.loadbalancer.LoadBalancerRestTemplateBuilderBeanPostProcessor; SearchStrategy: all) did not find any beans (OnBeanCondition)

   LoadBalancerAutoConfiguration.LoadBalancerInterceptorConfig matched:
      - AnyNestedCondition 1 matched 1 did not; NestedCondition on LoadBalancerAutoConfiguration.RetryMissingOrDisabledCondition.RetryDisabled @ConditionalOnProperty (spring.cloud.loadbalancer.retry.enabled=false) did not find property 'spring.cloud.loadbalancer.retry.enabled'; NestedCondition on LoadBalancerAutoConfiguration.RetryMissingOrDisabledCondition.RetryTemplateMissing @ConditionalOnMissingClass did not find unwanted class 'org.springframework.retry.support.RetryTemplate' (LoadBalancerAutoConfiguration.RetryMissingOrDisabledCondition)

   LoadBalancerAutoConfiguration.LoadBalancerInterceptorConfig#restTemplateCustomizer matched:
      - @ConditionalOnMissingBean (types: org.springframework.cloud.client.loadbalancer.RestTemplateCustomizer; SearchStrategy: all) did not find any beans (OnBeanCondition)

   LoadBalancerCacheAutoConfiguration matched:
      - @ConditionalOnClass found required classes 'org.springframework.cache.CacheManager', 'org.springframework.boot.cache.autoconfigure.CacheAutoConfiguration' (OnClassCondition)
      - AllNestedConditions 2 matched 0 did not; NestedCondition on LoadBalancerCacheAutoConfiguration.OnLoadBalancerCachingEnabledCondition.LoadBalancerCacheEnabled @ConditionalOnProperty (spring.cloud.loadbalancer.cache.enabled) matched; NestedCondition on LoadBalancerCacheAutoConfiguration.OnLoadBalancerCachingEnabledCondition.LoadBalancerEnabled @ConditionalOnProperty (spring.cloud.loadbalancer.enabled=true) matched (LoadBalancerCacheAutoConfiguration.OnLoadBalancerCachingEnabledCondition)

   LoadBalancerCacheAutoConfiguration.DefaultLoadBalancerCacheManagerConfiguration matched:
      - @ConditionalOnClass found required class 'com.stoyanr.evictor.ConcurrentMapWithTimedEviction' (OnClassCondition)
      - AnyNestedCondition 1 matched 1 did not; NestedCondition on LoadBalancerCacheAutoConfiguration.OnCaffeineCacheMissingCondition.CaffeineCacheManagerClassMissing @ConditionalOnMissingClass found unwanted class 'org.springframework.cache.caffeine.CaffeineCacheManager'; NestedCondition on LoadBalancerCacheAutoConfiguration.OnCaffeineCacheMissingCondition.CaffeineClassMissing @ConditionalOnMissingClass did not find unwanted class 'com.github.benmanes.caffeine.cache.Caffeine' (LoadBalancerCacheAutoConfiguration.OnCaffeineCacheMissingCondition)

   LoadBalancerCacheAutoConfiguration.DefaultLoadBalancerCacheManagerConfiguration#defaultLoadBalancerCacheManager matched:
      - @ConditionalOnMissingBean (types: org.springframework.cloud.loadbalancer.cache.LoadBalancerCacheManager; SearchStrategy: all) did not find any beans (OnBeanCondition)

   LoadBalancerEurekaAutoConfiguration matched:
      - @ConditionalOnClass found required class 'org.springframework.cloud.loadbalancer.annotation.LoadBalancerClientConfigurationRegistrar' (OnClassCondition)
      - @ConditionalOnProperty (eureka.client.enabled) matched (OnPropertyCondition)

   LoadBalancerEurekaAutoConfiguration#eurekaLoadBalancerProperties matched:
      - @ConditionalOnMissingBean (types: org.springframework.cloud.netflix.eureka.loadbalancer.EurekaLoadBalancerProperties; SearchStrategy: all) did not find any beans (OnBeanCondition)

   MultipartAutoConfiguration matched:
      - @ConditionalOnClass found required classes 'jakarta.servlet.Servlet', 'org.springframework.web.multipart.support.StandardServletMultipartResolver', 'jakarta.servlet.MultipartConfigElement' (OnClassCondition)
      - found 'session' scope (OnWebApplicationCondition)
      - @ConditionalOnBooleanProperty (spring.servlet.multipart.enabled=true) matched (OnPropertyCondition)

   MultipartAutoConfiguration#multipartConfigElement matched:
      - @ConditionalOnMissingBean (types: jakarta.servlet.MultipartConfigElement; SearchStrategy: all) did not find any beans (OnBeanCondition)

   MultipartAutoConfiguration#multipartResolver matched:
      - @ConditionalOnMissingBean (types: org.springframework.web.multipart.MultipartResolver; SearchStrategy: all) did not find any beans (OnBeanCondition)

   NamedParameterJdbcTemplateConfiguration matched:
      - @ConditionalOnSingleCandidate (types: org.springframework.jdbc.core.JdbcTemplate; SearchStrategy: all) found a single bean 'jdbcTemplate'; @ConditionalOnMissingBean (types: org.springframework.jdbc.core.namedparam.NamedParameterJdbcOperations; SearchStrategy: all) did not find any beans (OnBeanCondition)

   NoOpCacheConfiguration matched:
      - Cache org.springframework.boot.cache.autoconfigure.NoOpCacheConfiguration automatic cache type (CacheCondition)

   PersistenceExceptionTranslationAutoConfiguration matched:
      - @ConditionalOnClass found required class 'org.springframework.dao.annotation.PersistenceExceptionTranslationPostProcessor' (OnClassCondition)

   PersistenceExceptionTranslationAutoConfiguration#persistenceExceptionTranslationPostProcessor matched:
      - @ConditionalOnBooleanProperty (spring.persistence.exceptiontranslation.enabled=true) matched (OnPropertyCondition)
      - @ConditionalOnMissingBean (types: org.springframework.dao.annotation.PersistenceExceptionTranslationPostProcessor; SearchStrategy: all) did not find any beans (OnBeanCondition)

   PropertyPlaceholderAutoConfiguration#propertySourcesPlaceholderConfigurer matched:
      - @ConditionalOnMissingBean (types: org.springframework.context.support.PropertySourcesPlaceholderConfigurer; SearchStrategy: current) did not find any beans (OnBeanCondition)

   ReactiveHttpClientAutoConfiguration matched:
      - @ConditionalOnClass found required classes 'org.springframework.http.client.reactive.ClientHttpConnector', 'reactor.core.publisher.Mono' (OnClassCondition)
      - Detected ClientHttpConnectorBuilder (ConditionalOnClientHttpConnectorBuilderDetection)

   ReactiveHttpClientAutoConfiguration#clientHttpConnector matched:
      - @ConditionalOnMissingBean (types: org.springframework.http.client.reactive.ClientHttpConnector; SearchStrategy: all) did not find any beans (OnBeanCondition)

   ReactiveHttpClientAutoConfiguration#clientHttpConnectorBuilder matched:
      - @ConditionalOnMissingBean (types: org.springframework.boot.http.client.reactive.ClientHttpConnectorBuilder<?>; SearchStrategy: all) did not find any beans (OnBeanCondition)

   RefreshAutoConfiguration matched:
      - @ConditionalOnClass found required class 'org.springframework.cloud.context.scope.refresh.RefreshScope' (OnClassCondition)
      - @ConditionalOnProperty (spring.cloud.refresh.enabled) matched (OnPropertyCondition)

   RefreshAutoConfiguration#configDataContextRefresher matched:
      - @ConditionalOnMissingBean (types: org.springframework.cloud.context.refresh.ConfigDataContextRefresher; SearchStrategy: all) did not find any beans (OnBeanCondition)
      - NoneNestedConditions 0 matched 3 did not; NestedCondition on ConditionalOnBootstrapDisabled.OnBootstrapDisabledCondition.OnBootstrapEnabled @ConditionalOnProperty (spring.cloud.bootstrap.enabled) did not find property 'spring.cloud.bootstrap.enabled'; NestedCondition on ConditionalOnBootstrapDisabled.OnBootstrapDisabledCondition.OnUseLegacyProcessingEnabled @ConditionalOnProperty (spring.config.use-legacy-processing) did not find property 'spring.config.use-legacy-processing'; NestedCondition on ConditionalOnBootstrapDisabled.OnBootstrapDisabledCondition.OnBootstrapMarkerClassPresent @ConditionalOnClass did not find required class 'org.springframework.cloud.bootstrap.marker.Marker' (ConditionalOnBootstrapDisabled.OnBootstrapDisabledCondition)

   RefreshAutoConfiguration#loggingRebinder matched:
      - @ConditionalOnMissingBean (types: org.springframework.cloud.logging.LoggingRebinder; SearchStrategy: all) did not find any beans (OnBeanCondition)

   RefreshAutoConfiguration#refreshScope matched:
      - @ConditionalOnMissingBean (types: org.springframework.cloud.context.scope.refresh.RefreshScope; SearchStrategy: all) did not find any beans (OnBeanCondition)

   RefreshAutoConfiguration#refreshScopeLifecycle matched:
      - @ConditionalOnProperty (spring.cloud.refresh.on-restart.enabled) matched (OnPropertyCondition)

   ResourceServerTokenRelayAutoConfiguration matched:
      - @ConditionalOnClass found required class 'org.springframework.web.servlet.config.annotation.WebMvcConfigurer' (OnClassCondition)
      - found 'session' scope (OnWebApplicationCondition)
      - @ConditionalOnProperty (spring.cloud.mvc.token-relay.enabled) matched (OnPropertyCondition)

   RestClientAutoConfiguration matched:
      - @ConditionalOnClass found required class 'org.springframework.web.client.RestClient' (OnClassCondition)

   RestClientAutoConfiguration#restClientBuilder matched:
      - @ConditionalOnMissingBean (types: org.springframework.web.client.RestClient$Builder; SearchStrategy: all) did not find any beans (OnBeanCondition)

   RestClientAutoConfiguration#restClientBuilderConfigurer matched:
      - @ConditionalOnMissingBean (types: org.springframework.boot.restclient.autoconfigure.RestClientBuilderConfigurer; SearchStrategy: all) did not find any beans (OnBeanCondition)

   RestClientAutoConfiguration#restClientSsl matched:
      - @ConditionalOnBean (types: org.springframework.boot.ssl.SslBundles; SearchStrategy: all) found bean 'sslBundleRegistry'; @ConditionalOnMissingBean (types: org.springframework.boot.restclient.autoconfigure.RestClientSsl; SearchStrategy: all) did not find any beans (OnBeanCondition)

   RestClientAutoConfiguration.HttpMessageConvertersConfiguration matched:
      - @ConditionalOnClass found required class 'org.springframework.http.converter.HttpMessageConverters' (OnClassCondition)

   RestClientAutoConfiguration.HttpMessageConvertersConfiguration#httpMessageConvertersRestClientCustomizer matched:
      - @ConditionalOnBean (types: org.springframework.boot.http.converter.autoconfigure.ClientHttpMessageConvertersCustomizer; SearchStrategy: all) found beans 'clientConvertersCustomizer', 'jacksonJsonHttpMessageConvertersCustomizer', 'stringHttpMessageConvertersCustomizer' (OnBeanCondition)

   RestTemplateAutoConfiguration matched:
      - @ConditionalOnClass found required classes 'org.springframework.web.client.RestTemplate', 'org.springframework.http.converter.HttpMessageConverters' (OnClassCondition)
      - NoneNestedConditions 0 matched 1 did not; NestedCondition on NotReactiveWebApplicationCondition.ReactiveWebApplication did not find reactive web application classes (NotReactiveWebApplicationCondition)

   RestTemplateAutoConfiguration#restTemplateBuilder matched:
      - @ConditionalOnMissingBean (types: org.springframework.boot.restclient.RestTemplateBuilder; SearchStrategy: all) did not find any beans (OnBeanCondition)

   SimpleCacheConfiguration matched:
      - Cache org.springframework.boot.cache.autoconfigure.SimpleCacheConfiguration automatic cache type (CacheCondition)

   SimpleDiscoveryClientConfigurations.SimpleDiscoveryClientConfiguration#simpleDiscoveryProperties matched:
      - @ConditionalOnMissingBean (types: org.springframework.cloud.client.discovery.simple.SimpleDiscoveryProperties; SearchStrategy: all) did not find any beans (OnBeanCondition)

   SimpleDiscoveryClientConfigurations.WebApplicationSimpleDiscoveryClientConfiguration matched:
      - @ConditionalOnClass found required class 'org.springframework.boot.web.server.context.WebServerInitializedEvent' (OnClassCondition)

   SpringDocConfigProperties matched:
      - @ConditionalOnProperty (springdoc.api-docs.enabled) matched (OnPropertyCondition)
      - @ConditionalOnBean (types: org.springdoc.core.configuration.SpringDocConfiguration; SearchStrategy: all) found bean 'org.springdoc.core.configuration.SpringDocConfiguration' (OnBeanCondition)

   SpringDocConfiguration matched:
      - @ConditionalOnWebApplication (required) found 'session' scope (OnWebApplicationCondition)
      - @ConditionalOnProperty (springdoc.api-docs.enabled) matched (OnPropertyCondition)

   SpringDocConfiguration#fileSupportConverter matched:
      - @ConditionalOnMissingBean (types: org.springdoc.core.converters.FileSupportConverter; SearchStrategy: all) did not find any beans (OnBeanCondition)

   SpringDocConfiguration#globalOpenApiCustomizer matched:
      - @ConditionalOnMissingBean (names: globalOpenApiCustomizer; SearchStrategy: all) did not find any beans (OnBeanCondition)

   SpringDocConfiguration#initExtraSchemas matched:
      - @ConditionalOnProperty (springdoc.enable-extra-schemas) matched (OnPropertyCondition)

   SpringDocConfiguration#methodParameterPojoExtractor matched:
      - @ConditionalOnMissingBean (types: org.springdoc.core.extractor.MethodParameterPojoExtractor; SearchStrategy: all) did not find any beans (OnBeanCondition)

   SpringDocConfiguration#openAPIBuilder matched:
      - @ConditionalOnMissingBean (types: org.springdoc.core.service.OpenAPIService; SearchStrategy: all) did not find any beans (OnBeanCondition)

   SpringDocConfiguration#operationBuilder matched:
      - @ConditionalOnMissingBean (types: org.springdoc.core.service.OperationService; SearchStrategy: all) did not find any beans (OnBeanCondition)

   SpringDocConfiguration#parameterBuilder matched:
      - @ConditionalOnMissingBean (types: org.springdoc.core.service.GenericParameterService; SearchStrategy: all) did not find any beans (OnBeanCondition)

   SpringDocConfiguration#parameterObjectNamingStrategyCustomizer matched:
      - @ConditionalOnMissingBean (types: org.springdoc.core.customizers.ParameterObjectNamingStrategyCustomizer; SearchStrategy: all) did not find any beans (OnBeanCondition)

   SpringDocConfiguration#polymorphicModelConverter matched:
      - @ConditionalOnProperty (springdoc.model-converters.polymorphic-converter.enabled) matched (OnPropertyCondition)
      - @ConditionalOnMissingBean (types: org.springdoc.core.converters.PolymorphicModelConverter; SearchStrategy: all) did not find any beans (OnBeanCondition)

   SpringDocConfiguration#requestBodyBuilder matched:
      - @ConditionalOnMissingBean (types: org.springdoc.core.service.RequestBodyService; SearchStrategy: all) did not find any beans (OnBeanCondition)

   SpringDocConfiguration#responseSupportConverter matched:
      - @ConditionalOnMissingBean (types: org.springdoc.core.converters.ResponseSupportConverter; SearchStrategy: all) did not find any beans (OnBeanCondition)

   SpringDocConfiguration#schemaPropertyDeprecatingConverter matched:
      - @ConditionalOnProperty (springdoc.model-converters.deprecating-converter.enabled) matched (OnPropertyCondition)
      - @ConditionalOnMissingBean (types: org.springdoc.core.converters.SchemaPropertyDeprecatingConverter; SearchStrategy: all) did not find any beans (OnBeanCondition)

   SpringDocConfiguration#schemaUtils matched:
      - @ConditionalOnMissingBean (types: org.springdoc.core.utils.SchemaUtils; SearchStrategy: all) did not find any beans (OnBeanCondition)

   SpringDocConfiguration#securityParser matched:
      - @ConditionalOnMissingBean (types: org.springdoc.core.service.SecurityService; SearchStrategy: all) did not find any beans (OnBeanCondition)

   SpringDocConfiguration#springDocAppInitializer matched:
      - @ConditionalOnMissingBean (names: springDocAppInitializer; SearchStrategy: all) did not find any beans (OnBeanCondition)

   SpringDocConfiguration#springDocCustomizers matched:
      - @ConditionalOnMissingBean (types: org.springdoc.core.customizers.SpringDocCustomizers; SearchStrategy: all) did not find any beans (OnBeanCondition)

   SpringDocConfiguration#springDocProviders matched:
      - @ConditionalOnMissingBean (types: org.springdoc.core.providers.SpringDocProviders; SearchStrategy: all) did not find any beans (OnBeanCondition)

   SpringDocConfiguration#springdocObjectMapperProvider matched:
      - @ConditionalOnMissingBean (types: org.springdoc.core.providers.ObjectMapperProvider; SearchStrategy: all) did not find any beans (OnBeanCondition)

   SpringDocConfiguration.QuerydslProvider matched:
      - @ConditionalOnClass found required class 'org.springframework.data.querydsl.binding.QuerydslBindingsFactory' (OnClassCondition)

   SpringDocConfiguration.QuerydslProvider#queryDslQuerydslPredicateOperationCustomizer matched:
      - @ConditionalOnMissingBean (types: org.springdoc.core.customizers.QuerydslPredicateOperationCustomizer; SearchStrategy: all) did not find any beans (OnBeanCondition)

   SpringDocConfiguration.SpringDocSpringDataWebPropertiesProvider matched:
      - @ConditionalOnClass found required class 'org.springframework.boot.data.autoconfigure.web.DataWebProperties' (OnClassCondition)

   SpringDocConfiguration.SpringDocSpringDataWebPropertiesProvider#springDataWebPropertiesProvider matched:
      - @ConditionalOnMissingBean (types: org.springdoc.core.providers.SpringDataWebPropertiesProvider; SearchStrategy: all) did not find any beans (OnBeanCondition)

   SpringDocConfiguration.SpringDocWebFluxSupportConfiguration matched:
      - @ConditionalOnClass found required class 'reactor.core.publisher.Flux' (OnClassCondition)

   SpringDocConfiguration.SpringDocWebFluxSupportConfiguration#webFluxSupportConverter matched:
      - @ConditionalOnMissingBean (types: org.springdoc.core.converters.WebFluxSupportConverter; SearchStrategy: all) did not find any beans (OnBeanCondition)

   SpringDocConfiguration.WebConversionServiceConfiguration matched:
      - @ConditionalOnClass found required class 'org.springframework.boot.autoconfigure.web.format.WebConversionService' (OnClassCondition)

   SpringDocPageableConfiguration matched:
      - @ConditionalOnClass found required class 'org.springframework.data.domain.Pageable' (OnClassCondition)
      - @ConditionalOnWebApplication (required) found 'session' scope (OnWebApplicationCondition)
      - @ConditionalOnProperty (springdoc.api-docs.enabled) matched (OnPropertyCondition)
      - @ConditionalOnBean (types: org.springdoc.core.configuration.SpringDocConfiguration; SearchStrategy: all) found bean 'org.springdoc.core.configuration.SpringDocConfiguration' (OnBeanCondition)

   SpringDocPageableConfiguration#dataRestDelegatingMethodParameterCustomizer matched:
      - @ConditionalOnMissingBean (types: org.springdoc.core.customizers.DataRestDelegatingMethodParameterCustomizer; SearchStrategy: all) did not find any beans (OnBeanCondition)

   SpringDocPageableConfiguration#pageOpenAPIConverter matched:
      - @ConditionalOnClass found required classes 'org.springframework.data.web.PagedModel', 'org.springframework.data.web.config.SpringDataWebSettings' (OnClassCondition)
      - @ConditionalOnMissingBean (types: org.springdoc.core.converters.PageOpenAPIConverter; SearchStrategy: all) did not find any beans (OnBeanCondition)

   SpringDocPageableConfiguration#pageableOpenAPIConverter matched:
      - @ConditionalOnProperty (springdoc.model-converters.pageable-converter.enabled) matched (OnPropertyCondition)
      - @ConditionalOnMissingBean (types: org.springdoc.core.converters.PageableOpenAPIConverter; SearchStrategy: all) did not find any beans (OnBeanCondition)

   SpringDocSortConfiguration matched:
      - @ConditionalOnClass found required class 'org.springframework.data.domain.Sort' (OnClassCondition)
      - @ConditionalOnWebApplication (required) found 'session' scope (OnWebApplicationCondition)
      - @ConditionalOnProperty (springdoc.api-docs.enabled) matched (OnPropertyCondition)
      - @ConditionalOnBean (types: org.springdoc.core.configuration.SpringDocConfiguration; SearchStrategy: all) found bean 'org.springdoc.core.configuration.SpringDocConfiguration' (OnBeanCondition)

   SpringDocSortConfiguration#sortOpenAPIConverter matched:
      - @ConditionalOnProperty (springdoc.sort-converter.enabled) matched (OnPropertyCondition)
      - @ConditionalOnMissingBean (types: org.springdoc.core.converters.SortOpenAPIConverter; SearchStrategy: all) did not find any beans (OnBeanCondition)

   SpringDocWebMvcConfiguration matched:
      - found 'session' scope (OnWebApplicationCondition)
      - @ConditionalOnProperty (springdoc.api-docs.enabled) matched (OnPropertyCondition)
      - @ConditionalOnBean (types: org.springdoc.core.configuration.SpringDocConfiguration; SearchStrategy: all) found bean 'org.springdoc.core.configuration.SpringDocConfiguration' (OnBeanCondition)

   SpringDocWebMvcConfiguration#openApiResource matched:
      - @ConditionalOnExpression (#{(${springdoc.use-management-port:false} == false ) and ${springdoc.enable-default-api-docs:true}}) resulted in true (OnExpressionCondition)
      - @ConditionalOnMissingBean (types: org.springdoc.webmvc.api.OpenApiWebMvcResource; SearchStrategy: all) did not find any beans (OnBeanCondition)

   SpringDocWebMvcConfiguration#requestBuilder matched:
      - @ConditionalOnMissingBean (types: org.springdoc.webmvc.core.service.RequestService; SearchStrategy: all) did not find any beans (OnBeanCondition)

   SpringDocWebMvcConfiguration#responseBuilder matched:
      - @ConditionalOnMissingBean (types: org.springdoc.core.service.GenericResponseService; SearchStrategy: all) did not find any beans (OnBeanCondition)

   SpringDocWebMvcConfiguration#springWebProvider matched:
      - @ConditionalOnMissingBean (types: org.springdoc.core.providers.SpringWebProvider; SearchStrategy: all) did not find any beans (OnBeanCondition)

   SpringDocWebMvcConfiguration.SpringDocWebMvcActuatorConfiguration matched:
      - @ConditionalOnClass found required class 'org.springframework.boot.webmvc.actuate.endpoint.web.WebMvcEndpointHandlerMapping' (OnClassCondition)

   SpringDocWebMvcConfiguration.SpringDocWebMvcRouterConfiguration matched:
      - @ConditionalOnClass found required class 'org.springframework.web.servlet.function.RouterFunction' (OnClassCondition)

   SpringDocWebMvcConfiguration.SpringDocWebMvcRouterConfiguration#routerFunctionProvider matched:
      - @ConditionalOnMissingBean (types: org.springdoc.webmvc.core.providers.RouterFunctionWebMvcProvider; SearchStrategy: all) did not find any beans (OnBeanCondition)

   SpringDocWebServerConfiguration.EmbeddedWebServerConfiguration matched:
      - @ConditionalOnClass found required classes 'org.springframework.boot.web.server.context.WebServerInitializedEvent', 'org.springframework.boot.web.server.autoconfigure.ServerProperties' (OnClassCondition)

   SslAutoConfiguration#sslBundleRegistry matched:
      - @ConditionalOnMissingBean (types: org.springframework.boot.ssl.SslBundleRegistry,org.springframework.boot.ssl.SslBundles; SearchStrategy: all) did not find any beans (OnBeanCondition)

   SwaggerConfig matched:
      - found 'session' scope (OnWebApplicationCondition)
      - @ConditionalOnProperty (springdoc.swagger-ui.enabled) matched (OnPropertyCondition)
      - @ConditionalOnBean (types: org.springdoc.core.configuration.SpringDocConfiguration; SearchStrategy: all) found bean 'org.springdoc.core.configuration.SpringDocConfiguration' (OnBeanCondition)

   SwaggerConfig#indexPageTransformer matched:
      - @ConditionalOnMissingBean (types: org.springdoc.webmvc.ui.SwaggerIndexTransformer; SearchStrategy: all) did not find any beans (OnBeanCondition)

   SwaggerConfig#springDocSwaggerInitializer matched:
      - @ConditionalOnProperty (springdoc.use-management-port=false) matched (OnPropertyCondition)
      - @ConditionalOnMissingBean (names: springDocSwaggerInitializer; SearchStrategy: all) did not find any beans (OnBeanCondition)

   SwaggerConfig#swaggerConfigResource matched:
      - @ConditionalOnProperty (springdoc.use-management-port=false) matched (OnPropertyCondition)
      - @ConditionalOnMissingBean (types: org.springdoc.webmvc.ui.SwaggerConfigResource; SearchStrategy: all) did not find any beans (OnBeanCondition)

   SwaggerConfig#swaggerResourceResolver matched:
      - @ConditionalOnMissingBean (types: org.springdoc.webmvc.ui.SwaggerResourceResolver; SearchStrategy: all) did not find any beans (OnBeanCondition)

   SwaggerConfig#swaggerWebMvcConfigurer matched:
      - @ConditionalOnMissingBean (types: org.springdoc.webmvc.ui.SwaggerWebMvcConfigurer; SearchStrategy: all) did not find any beans (OnBeanCondition)

   SwaggerConfig#swaggerWelcome matched:
      - @ConditionalOnProperty (springdoc.use-management-port=false) matched (OnPropertyCondition)
      - @ConditionalOnMissingBean (types: org.springdoc.webmvc.ui.SwaggerWelcomeWebMvc; SearchStrategy: all) did not find any beans (OnBeanCondition)

   SwaggerUiConfigProperties matched:
      - @ConditionalOnProperty (springdoc.swagger-ui.enabled) matched (OnPropertyCondition)
      - @ConditionalOnBean (types: org.springdoc.core.configuration.SpringDocConfiguration; SearchStrategy: all) found bean 'org.springdoc.core.configuration.SpringDocConfiguration' (OnBeanCondition)

   SwaggerUiOAuthProperties matched:
      - @ConditionalOnProperty (springdoc.swagger-ui.enabled) matched (OnPropertyCondition)
      - @ConditionalOnBean (types: org.springdoc.core.configuration.SpringDocConfiguration; SearchStrategy: all) found bean 'org.springdoc.core.configuration.SpringDocConfiguration' (OnBeanCondition)

   TaskExecutionAutoConfiguration matched:
      - @ConditionalOnClass found required class 'org.springframework.scheduling.concurrent.ThreadPoolTaskExecutor' (OnClassCondition)

   TaskExecutorConfigurations.AsyncConfigurerConfiguration matched:
      - @ConditionalOnMissingBean (types: org.springframework.scheduling.annotation.AsyncConfigurer; SearchStrategy: all) did not find any beans (OnBeanCondition)

   TaskExecutorConfigurations.SimpleAsyncTaskExecutorBuilderConfiguration#simpleAsyncTaskExecutorBuilder matched:
      - @ConditionalOnMissingBean (types: org.springframework.boot.task.SimpleAsyncTaskExecutorBuilder; SearchStrategy: all) did not find any beans (OnBeanCondition)
      - @ConditionalOnThreading found PLATFORM (OnThreadingCondition)

   TaskExecutorConfigurations.TaskExecutorConfiguration matched:
      - AnyNestedCondition 1 matched 1 did not; NestedCondition on TaskExecutorConfigurations.OnExecutorCondition.ModelCondition @ConditionalOnProperty (spring.task.execution.mode=force) did not find property 'spring.task.execution.mode'; NestedCondition on TaskExecutorConfigurations.OnExecutorCondition.ExecutorBeanCondition @ConditionalOnMissingBean (types: java.util.concurrent.Executor; SearchStrategy: all) did not find any beans (TaskExecutorConfigurations.OnExecutorCondition)

   TaskExecutorConfigurations.TaskExecutorConfiguration#applicationTaskExecutor matched:
      - @ConditionalOnThreading found PLATFORM (OnThreadingCondition)

   TaskExecutorConfigurations.ThreadPoolTaskExecutorBuilderConfiguration#threadPoolTaskExecutorBuilder matched:
      - @ConditionalOnMissingBean (types: org.springframework.boot.task.ThreadPoolTaskExecutorBuilder; SearchStrategy: all) did not find any beans (OnBeanCondition)

   TaskSchedulingAutoConfiguration matched:
      - @ConditionalOnClass found required class 'org.springframework.scheduling.concurrent.ThreadPoolTaskScheduler' (OnClassCondition)

   TaskSchedulingConfigurations.SimpleAsyncTaskSchedulerBuilderConfiguration#simpleAsyncTaskSchedulerBuilder matched:
      - @ConditionalOnMissingBean (types: org.springframework.boot.task.SimpleAsyncTaskSchedulerBuilder; SearchStrategy: all) did not find any beans (OnBeanCondition)
      - @ConditionalOnThreading found PLATFORM (OnThreadingCondition)

   TaskSchedulingConfigurations.ThreadPoolTaskSchedulerBuilderConfiguration#threadPoolTaskSchedulerBuilder matched:
      - @ConditionalOnMissingBean (types: org.springframework.boot.task.ThreadPoolTaskSchedulerBuilder; SearchStrategy: all) did not find any beans (OnBeanCondition)

   TomcatServletWebServerAutoConfiguration matched:
      - @ConditionalOnClass found required classes 'jakarta.servlet.ServletRequest', 'org.apache.catalina.startup.Tomcat', 'org.apache.coyote.UpgradeProtocol', 'org.springframework.boot.tomcat.servlet.TomcatServletWebServerFactory' (OnClassCondition)
      - found 'session' scope (OnWebApplicationCondition)

   TomcatServletWebServerAutoConfiguration#tomcatServletWebServerFactory matched:
      - @ConditionalOnMissingBean (types: org.springframework.boot.web.server.servlet.ServletWebServerFactory; SearchStrategy: current) did not find any beans (OnBeanCondition)

   TransactionAutoConfiguration matched:
      - @ConditionalOnClass found required class 'org.springframework.transaction.PlatformTransactionManager' (OnClassCondition)

   TransactionAutoConfiguration.EnableTransactionManagementConfiguration matched:
      - @ConditionalOnBean (types: org.springframework.transaction.TransactionManager; SearchStrategy: all) found bean 'transactionManager'; @ConditionalOnMissingBean (types: org.springframework.transaction.annotation.AbstractTransactionManagementConfiguration; SearchStrategy: all) did not find any beans (OnBeanCondition)

   TransactionAutoConfiguration.EnableTransactionManagementConfiguration.CglibAutoProxyConfiguration matched:
      - @ConditionalOnBooleanProperty (spring.aop.proxy-target-class=true) matched (OnPropertyCondition)

   TransactionAutoConfiguration.TransactionTemplateConfiguration matched:
      - @ConditionalOnSingleCandidate (types: org.springframework.transaction.PlatformTransactionManager; SearchStrategy: all) found a single bean 'transactionManager' (OnBeanCondition)

   TransactionAutoConfiguration.TransactionTemplateConfiguration#transactionTemplate matched:
      - @ConditionalOnMissingBean (types: org.springframework.transaction.support.TransactionOperations; SearchStrategy: all) did not find any beans (OnBeanCondition)

   TransactionManagerCustomizationAutoConfiguration matched:
      - @ConditionalOnClass found required class 'org.springframework.transaction.PlatformTransactionManager' (OnClassCondition)

   TransactionManagerCustomizationAutoConfiguration#platformTransactionManagerCustomizers matched:
      - @ConditionalOnMissingBean (types: org.springframework.boot.transaction.autoconfigure.TransactionManagerCustomizers; SearchStrategy: all) did not find any beans (OnBeanCondition)

   UtilAutoConfiguration matched:
      - @ConditionalOnProperty (spring.cloud.util.enabled) matched (OnPropertyCondition)

   UtilAutoConfiguration#inetUtils matched:
      - @ConditionalOnMissingBean (types: org.springframework.cloud.commons.util.InetUtils; SearchStrategy: all) did not find any beans (OnBeanCondition)

   ValidationAutoConfiguration matched:
      - @ConditionalOnClass found required class 'jakarta.validation.executable.ExecutableValidator' (OnClassCondition)
      - @ConditionalOnResource found location classpath:META-INF/services/jakarta.validation.spi.ValidationProvider (OnResourceCondition)

   ValidationAutoConfiguration#defaultValidator matched:
      - @ConditionalOnMissingBean (types: jakarta.validation.Validator; SearchStrategy: all) did not find any beans (OnBeanCondition)

   ValidationAutoConfiguration#methodValidationPostProcessor matched:
      - @ConditionalOnMissingBean (types: org.springframework.validation.beanvalidation.MethodValidationPostProcessor; SearchStrategy: current) did not find any beans (OnBeanCondition)

   WebMvcAutoConfiguration matched:
      - @ConditionalOnClass found required classes 'jakarta.servlet.Servlet', 'org.springframework.web.servlet.DispatcherServlet', 'org.springframework.web.servlet.config.annotation.WebMvcConfigurer' (OnClassCondition)
      - found 'session' scope (OnWebApplicationCondition)
      - @ConditionalOnMissingBean (types: org.springframework.web.servlet.config.annotation.WebMvcConfigurationSupport; SearchStrategy: all) did not find any beans (OnBeanCondition)

   WebMvcAutoConfiguration#formContentFilter matched:
      - @ConditionalOnBooleanProperty (spring.mvc.formcontent.filter.enabled=true) matched (OnPropertyCondition)
      - @ConditionalOnMissingBean (types: org.springframework.web.filter.FormContentFilter; SearchStrategy: all) did not find any beans (OnBeanCondition)

   WebMvcAutoConfiguration.EnableWebMvcConfiguration#flashMapManager matched:
      - @ConditionalOnMissingBean (names: flashMapManager; SearchStrategy: all) did not find any beans (OnBeanCondition)

   WebMvcAutoConfiguration.EnableWebMvcConfiguration#localeResolver matched:
      - @ConditionalOnMissingBean (names: localeResolver; SearchStrategy: all) did not find any beans (OnBeanCondition)

   WebMvcAutoConfiguration.EnableWebMvcConfiguration#viewNameTranslator matched:
      - @ConditionalOnMissingBean (names: viewNameTranslator; SearchStrategy: all) did not find any beans (OnBeanCondition)

   WebMvcAutoConfiguration.ResourceChainCustomizerConfiguration matched:
      - @ConditionalOnEnabledResourceChain found class org.webjars.WebJarVersionLocator (OnEnabledResourceChainCondition)

   WebMvcAutoConfiguration.WebMvcAutoConfigurationAdapter#defaultViewResolver matched:
      - @ConditionalOnMissingBean (types: org.springframework.web.servlet.view.InternalResourceViewResolver; SearchStrategy: all) did not find any beans (OnBeanCondition)

   WebMvcAutoConfiguration.WebMvcAutoConfigurationAdapter#requestContextFilter matched:
      - @ConditionalOnMissingBean (types: org.springframework.web.context.request.RequestContextListener,org.springframework.web.filter.RequestContextFilter; SearchStrategy: all) did not find any beans (OnBeanCondition)

   WebMvcAutoConfiguration.WebMvcAutoConfigurationAdapter#viewResolver matched:
      - @ConditionalOnBean (types: org.springframework.web.servlet.ViewResolver; SearchStrategy: all) found beans 'defaultViewResolver', 'beanNameViewResolver', 'mvcViewResolver'; @ConditionalOnMissingBean (names: viewResolver types: org.springframework.web.servlet.view.ContentNegotiatingViewResolver; SearchStrategy: all) did not find any beans (OnBeanCondition)


Negative matches:
-----------------

   AopAutoConfiguration.AspectJAutoProxyingConfiguration.JdkDynamicAutoProxyConfiguration:
      Did not match:
         - @ConditionalOnBooleanProperty (spring.aop.proxy-target-class=false) did not find property 'spring.aop.proxy-target-class' (OnPropertyCondition)

   AopAutoConfiguration.ClassProxyingConfiguration:
      Did not match:
         - @ConditionalOnMissingClass found unwanted class 'org.aspectj.weaver.Advice' (OnClassCondition)

   BlockingLoadBalancerClientAutoConfiguration.BlockingLoadBalancerRetryConfig:
      Did not match:
         - @ConditionalOnClass did not find required class 'org.springframework.retry.support.RetryTemplate' (OnClassCondition)

   Cache2kCacheConfiguration:
      Did not match:
         - @ConditionalOnClass did not find required class 'org.cache2k.Cache2kBuilder' (OnClassCondition)

   CacheAutoConfiguration:
      Did not match:
         - @ConditionalOnBean (types: org.springframework.cache.interceptor.CacheAspectSupport; SearchStrategy: all) did not find any beans of type org.springframework.cache.interceptor.CacheAspectSupport (OnBeanCondition)
      Matched:
         - @ConditionalOnClass found required class 'org.springframework.cache.CacheManager' (OnClassCondition)

   CacheAutoConfiguration.CacheManagerEntityManagerFactoryDependsOnConfiguration:
      Did not match:
         - Ancestor org.springframework.boot.cache.autoconfigure.CacheAutoConfiguration did not match (ConditionEvaluationReport.AncestorsMatchedCondition)
      Matched:
         - @ConditionalOnClass found required classes 'org.springframework.boot.jpa.autoconfigure.EntityManagerFactoryDependsOnPostProcessor', 'org.springframework.orm.jpa.LocalContainerEntityManagerFactoryBean' (OnClassCondition)

   CacheMetricsAutoConfiguration:
      Did not match:
         - @ConditionalOnClass did not find required class 'io.micrometer.core.instrument.MeterRegistry' (OnClassCondition)

   CachesEndpointAutoConfiguration:
      Did not match:
         - @ConditionalOnClass did not find required class 'org.springframework.boot.actuate.autoconfigure.endpoint.condition.ConditionalOnAvailableEndpoint' (OnClassCondition)

   CaffeineCacheConfiguration:
      Did not match:
         - @ConditionalOnClass did not find required class 'com.github.benmanes.caffeine.cache.Caffeine' (OnClassCondition)

   CloudHypermediaAutoConfiguration:
      Did not match:
         - @ConditionalOnClass did not find required class 'org.springframework.hateoas.Link' (OnClassCondition)

   CommonsClientAutoConfiguration.ActuatorConfiguration:
      Did not match:
         - @ConditionalOnClass did not find required class 'org.springframework.boot.actuate.endpoint.annotation.Endpoint' (OnClassCondition)

   CommonsClientAutoConfiguration.CircuitBreakerInterfaceClientsAutoConfiguration:
      Did not match:
         - @ConditionalOnBean (types: org.springframework.cloud.client.circuitbreaker.CircuitBreakerFactory; SearchStrategy: all) did not find any beans of type org.springframework.cloud.client.circuitbreaker.CircuitBreakerFactory (OnBeanCondition)
      Matched:
         - @ConditionalOnClass found required classes 'org.springframework.cloud.client.circuitbreaker.CircuitBreaker', 'org.springframework.web.client.support.RestClientHttpServiceGroupConfigurer' (OnClassCondition)
         - @ConditionalOnProperty (spring.cloud.circuitbreaker.http-services.enabled=true) matched (OnPropertyCondition)

   CommonsClientAutoConfiguration.DiscoveryLoadBalancerConfiguration:
      Did not match:
         - @ConditionalOnClass did not find required class 'org.springframework.boot.health.contributor.HealthIndicator' (OnClassCondition)

   CommonsClientAutoConfiguration.ReactiveCircuitBreakerInterfaceClientsAutoConfiguration:
      Did not match:
         - @ConditionalOnClass did not find required class 'org.springframework.web.reactive.function.client.support.WebClientHttpServiceGroupConfigurer' (OnClassCondition)

   CouchbaseCacheConfiguration:
      Did not match:
         - @ConditionalOnClass did not find required class 'com.couchbase.client.java.Cluster' (OnClassCondition)

   DataJpaRepositoriesAutoConfiguration#entityManagerFactoryBootstrapExecutorCustomizer:
      Did not match:
         - AnyNestedCondition 0 matched 2 did not; NestedCondition on DataJpaRepositoriesAutoConfiguration.BootstrapExecutorCondition.LazyBootstrapMode @ConditionalOnProperty (spring.data.jpa.repositories.bootstrap-mode=lazy) did not find property 'spring.data.jpa.repositories.bootstrap-mode'; NestedCondition on DataJpaRepositoriesAutoConfiguration.BootstrapExecutorCondition.DeferredBootstrapMode @ConditionalOnProperty (spring.data.jpa.repositories.bootstrap-mode=deferred) did not find property 'spring.data.jpa.repositories.bootstrap-mode' (DataJpaRepositoriesAutoConfiguration.BootstrapExecutorCondition)

   DataRepositoryMetricsAutoConfiguration:
      Did not match:
         - @ConditionalOnBean did not find required type 'io.micrometer.core.instrument.MeterRegistry' (OnBeanCondition)

   DataSourceAutoConfiguration.EmbeddedDatabaseConfiguration:
      Did not match:
         - EmbeddedDataSource spring.datasource.url is set (DataSourceAutoConfiguration.EmbeddedDatabaseCondition)

   DataSourceCheckpointRestoreConfiguration:
      Did not match:
         - @ConditionalOnClass did not find required class 'org.crac.Resource' (OnClassCondition)

   DataSourceConfiguration.Dbcp2:
      Did not match:
         - @ConditionalOnClass did not find required class 'org.apache.commons.dbcp2.BasicDataSource' (OnClassCondition)

   DataSourceConfiguration.Generic:
      Did not match:
         - @ConditionalOnProperty (spring.datasource.type) did not find property 'spring.datasource.type' (OnPropertyCondition)

   DataSourceConfiguration.OracleUcp:
      Did not match:
         - @ConditionalOnClass did not find required classes 'oracle.ucp.jdbc.PoolDataSourceImpl', 'oracle.jdbc.OracleConnection' (OnClassCondition)

   DataSourceConfiguration.Tomcat:
      Did not match:
         - @ConditionalOnClass did not find required class 'org.apache.tomcat.jdbc.pool.DataSource' (OnClassCondition)

   DataSourceHealthContributorAutoConfiguration:
      Did not match:
         - @ConditionalOnClass did not find required class 'org.springframework.boot.health.autoconfigure.contributor.ConditionalOnEnabledHealthIndicator' (OnClassCondition)

   DataSourceJmxConfiguration:
      Did not match:
         - @ConditionalOnBooleanProperty (spring.jmx.enabled=true) found different value in property 'spring.jmx.enabled' (OnPropertyCondition)

   DataSourcePoolMetadataProvidersConfiguration.CommonsDbcp2PoolDataSourceMetadataProviderConfiguration:
      Did not match:
         - @ConditionalOnClass did not find required class 'org.apache.commons.dbcp2.BasicDataSource' (OnClassCondition)

   DataSourcePoolMetadataProvidersConfiguration.OracleUcpPoolDataSourceMetadataProviderConfiguration:
      Did not match:
         - @ConditionalOnClass did not find required classes 'oracle.ucp.jdbc.PoolDataSource', 'oracle.jdbc.OracleConnection' (OnClassCondition)

   DataSourcePoolMetadataProvidersConfiguration.TomcatDataSourcePoolMetadataProviderConfiguration:
      Did not match:
         - @ConditionalOnClass did not find required class 'org.apache.tomcat.jdbc.pool.DataSource' (OnClassCondition)

   DataSourcePoolMetricsAutoConfiguration:
      Did not match:
         - @ConditionalOnClass did not find required class 'io.micrometer.core.instrument.MeterRegistry' (OnClassCondition)

   DataSourceTransactionManagerAutoConfiguration.JdbcTransactionManagerConfiguration#transactionManager:
      Did not match:
         - @ConditionalOnMissingBean (types: org.springframework.transaction.TransactionManager; SearchStrategy: all) found beans of type 'org.springframework.transaction.TransactionManager' transactionManager (OnBeanCondition)

   DefaultFeignLoadBalancerConfiguration#feignRetryClient:
      Did not match:
         - @ConditionalOnClass did not find required class 'org.springframework.retry.support.RetryTemplate' (OnClassCondition)

   DevToolsDataSourceAutoConfiguration:
      Did not match:
         - Devtools devtools is disabled for current context. (OnEnabledDevToolsCondition)
      Matched:
         - @ConditionalOnClass found required class 'javax.sql.DataSource' (OnClassCondition)

   DevToolsR2dbcAutoConfiguration:
      Did not match:
         - @ConditionalOnClass did not find required class 'io.r2dbc.spi.ConnectionFactory' (OnClassCondition)

   DiscoveryClientOptionalArgsConfiguration.DiscoveryClientOptionalArgsTlsConfiguration:
      Did not match:
         - AllNestedConditions 1 matched 1 did not; NestedCondition on DiscoveryClientOptionalArgsConfiguration.OnJerseyClientPresentAndEnabledCondition.OnJerseyClientEnabled @ConditionalOnProperty (eureka.client.jersey.enabled) matched; NestedCondition on DiscoveryClientOptionalArgsConfiguration.OnJerseyClientPresentAndEnabledCondition.OnJerseyClientPresent @ConditionalOnClass did not find required class 'org.glassfish.jersey.client.JerseyClient' (DiscoveryClientOptionalArgsConfiguration.OnJerseyClientPresentAndEnabledCondition)

   DiscoveryClientOptionalArgsConfiguration.WebClientConfiguration:
      Did not match:
         - @ConditionalOnClass did not find required class 'org.springframework.web.reactive.function.client.WebClient' (OnClassCondition)

   DiscoveryClientOptionalArgsConfiguration.WebClientNotFoundConfiguration:
      Did not match:
         - @ConditionalOnProperty (eureka.client.webclient.enabled=true) did not find property 'webclient.enabled' (OnPropertyCondition)
      Matched:
         - @ConditionalOnMissingClass did not find unwanted class 'org.springframework.web.reactive.function.client.WebClient' (OnClassCondition)

   DispatcherServletAutoConfiguration.DispatcherServletConfiguration#multipartResolver:
      Did not match:
         - @ConditionalOnBean (types: org.springframework.web.multipart.MultipartResolver; SearchStrategy: all) did not find any beans of type org.springframework.web.multipart.MultipartResolver (OnBeanCondition)

   EurekaClientAutoConfiguration.EurekaClientConfiguration:
      Did not match:
         - AnyNestedCondition 0 matched 3 did not; NestedCondition on EurekaClientAutoConfiguration.OnMissingRefreshScopeCondition.OnPropertyDisabled @ConditionalOnProperty (eureka.client.refresh.enable=false) did not find property 'eureka.client.refresh.enable'; NestedCondition on EurekaClientAutoConfiguration.OnMissingRefreshScopeCondition.MissingScope @ConditionalOnMissingBean (types: org.springframework.cloud.autoconfigure.RefreshAutoConfiguration; SearchStrategy: all) found beans of type 'org.springframework.cloud.autoconfigure.RefreshAutoConfiguration' org.springframework.cloud.autoconfigure.RefreshAutoConfiguration; NestedCondition on EurekaClientAutoConfiguration.OnMissingRefreshScopeCondition.MissingClass @ConditionalOnMissingClass found unwanted class 'org.springframework.cloud.context.scope.refresh.RefreshScope' (EurekaClientAutoConfiguration.OnMissingRefreshScopeCondition)

   EurekaClientAutoConfiguration.EurekaHealthIndicatorConfiguration:
      Did not match:
         - @ConditionalOnClass did not find required class 'org.springframework.boot.health.contributor.Health' (OnClassCondition)

   EurekaClientConfigServerAutoConfiguration:
      Did not match:
         - @ConditionalOnClass did not find required class 'org.springframework.cloud.config.server.config.ConfigServerProperties' (OnClassCondition)

   EurekaDiscoveryClientConfiguration.EurekaHealthCheckHandlerConfiguration:
      Did not match:
         - @ConditionalOnProperty (eureka.client.healthcheck.enabled) did not find property 'eureka.client.healthcheck.enabled' (OnPropertyCondition)

   EurekaReactiveDiscoveryClientConfiguration:
      Did not match:
         - @ConditionalOnClass did not find required class 'org.springframework.web.reactive.function.client.WebClient' (OnClassCondition)

   FeignAcceptGzipEncodingAutoConfiguration:
      Did not match:
         - @ConditionalOnProperty (spring.cloud.openfeign.compression.response.enabled) did not find property 'spring.cloud.openfeign.compression.response.enabled' (OnPropertyCondition)
      Matched:
         - @ConditionalOnClass found required class 'feign.Feign' (OnClassCondition)

   FeignAutoConfiguration#cachingCapability:
      Did not match:
         - @ConditionalOnBean (types: org.springframework.cache.interceptor.CacheInterceptor; SearchStrategy: all) did not find any beans of type org.springframework.cache.interceptor.CacheInterceptor (OnBeanCondition)
      Matched:
         - @ConditionalOnProperty (spring.cloud.openfeign.cache.enabled) matched (OnPropertyCondition)

   FeignAutoConfiguration.CircuitBreakerPresentFeignTargeterConfiguration:
      Did not match:
         - @ConditionalOnProperty (spring.cloud.openfeign.circuitbreaker.enabled=true) did not find property 'spring.cloud.openfeign.circuitbreaker.enabled' (OnPropertyCondition)
      Matched:
         - @ConditionalOnClass found required class 'org.springframework.cloud.client.circuitbreaker.CircuitBreaker' (OnClassCondition)

   FeignAutoConfiguration.Http2ClientFeignConfiguration:
      Did not match:
         - @ConditionalOnClass did not find required class 'feign.http2client.Http2Client' (OnClassCondition)

   FeignAutoConfiguration.HttpClient5FeignConfiguration:
      Did not match:
         - @ConditionalOnClass did not find required class 'feign.hc5.ApacheHttp5Client' (OnClassCondition)

   FeignAutoConfiguration.Oauth2FeignConfiguration:
      Did not match:
         - @ConditionalOnClass did not find required class 'org.springframework.security.oauth2.client.OAuth2AuthorizedClientManager' (OnClassCondition)

   FeignContentGzipEncodingAutoConfiguration:
      Did not match:
         - @ConditionalOnProperty (spring.cloud.openfeign.compression.request.enabled) did not find property 'spring.cloud.openfeign.compression.request.enabled' (OnPropertyCondition)
      Matched:
         - @ConditionalOnClass found required class 'feign.Feign' (OnClassCondition)

   FeignHalAutoConfiguration:
      Did not match:
         - @ConditionalOnClass did not find required class 'org.springframework.hateoas.config.WebConverters' (OnClassCondition)

   FlywayAutoConfiguration:
      Did not match:
         - @ConditionalOnBooleanProperty (spring.flyway.enabled=true) found different value in property 'spring.flyway.enabled' (OnPropertyCondition)
      Matched:
         - @ConditionalOnClass found required class 'org.flywaydb.core.Flyway' (OnClassCondition)

   FlywayEndpointAutoConfiguration:
      Did not match:
         - @ConditionalOnClass did not find required class 'org.springframework.boot.actuate.autoconfigure.endpoint.condition.ConditionalOnAvailableEndpoint' (OnClassCondition)

   GsonHttpMessageConvertersConfiguration.GsonHttpMessageConverterConfiguration:
      Did not match:
         - AnyNestedCondition 0 matched 2 did not; NestedCondition on GsonHttpMessageConvertersConfiguration.PreferGsonOrJacksonAndJsonbUnavailableCondition.JacksonJsonbUnavailable NoneNestedConditions 1 matched 2 did not; NestedCondition on GsonHttpMessageConvertersConfiguration.JacksonAndJsonbUnavailableCondition.JsonbPreferred @ConditionalOnProperty (spring.http.converters.preferred-json-mapper=jsonb) did not find property 'spring.http.converters.preferred-json-mapper'; NestedCondition on GsonHttpMessageConvertersConfiguration.JacksonAndJsonbUnavailableCondition.Jackson2Available @ConditionalOnBean (types: org.springframework.boot.http.converter.autoconfigure.Jackson2HttpMessageConvertersConfiguration$Jackson2JsonMessageConvertersCustomizer; SearchStrategy: all) did not find any beans of type org.springframework.boot.http.converter.autoconfigure.Jackson2HttpMessageConvertersConfiguration$Jackson2JsonMessageConvertersCustomizer; NestedCondition on GsonHttpMessageConvertersConfiguration.JacksonAndJsonbUnavailableCondition.JacksonAvailable @ConditionalOnBean (types: org.springframework.boot.http.converter.autoconfigure.JacksonHttpMessageConvertersConfiguration$JacksonJsonHttpMessageConvertersCustomizer; SearchStrategy: all) found bean 'jacksonJsonHttpMessageConvertersCustomizer'; NestedCondition on GsonHttpMessageConvertersConfiguration.PreferGsonOrJacksonAndJsonbUnavailableCondition.GsonPreferred @ConditionalOnProperty (spring.http.converters.preferred-json-mapper=gson) did not find property 'spring.http.converters.preferred-json-mapper' (GsonHttpMessageConvertersConfiguration.PreferGsonOrJacksonAndJsonbUnavailableCondition)

   HazelcastCacheConfiguration:
      Did not match:
         - @ConditionalOnClass did not find required class 'com.hazelcast.core.HazelcastInstance' (OnClassCondition)

   HibernateMetricsAutoConfiguration:
      Did not match:
         - @ConditionalOnClass did not find required class 'io.micrometer.core.instrument.MeterRegistry' (OnClassCondition)

   Http2ClientFeignLoadBalancerConfiguration:
      Did not match:
         - @ConditionalOnClass did not find required class 'feign.http2client.Http2Client' (OnClassCondition)

   HttpClient5FeignLoadBalancerConfiguration:
      Did not match:
         - @ConditionalOnClass did not find required class 'feign.hc5.ApacheHttp5Client' (OnClassCondition)

   HttpClientMetricsAutoConfiguration:
      Did not match:
         - @ConditionalOnClass did not find required class 'io.micrometer.core.instrument.MeterRegistry' (OnClassCondition)

   HttpServiceClientAutoConfiguration:
      Did not match:
         - @ConditionalOnBean (types: org.springframework.web.service.registry.HttpServiceProxyRegistry; SearchStrategy: all) did not find any beans of type org.springframework.web.service.registry.HttpServiceProxyRegistry (OnBeanCondition)
      Matched:
         - @ConditionalOnClass found required class 'org.springframework.web.client.support.RestClientAdapter' (OnClassCondition)

   InfinispanCacheConfiguration:
      Did not match:
         - @ConditionalOnClass did not find required class 'org.infinispan.spring.embedded.provider.SpringEmbeddedCacheManager' (OnClassCondition)

   JCacheCacheConfiguration:
      Did not match:
         - @ConditionalOnClass did not find required class 'javax.cache.Caching' (OnClassCondition)

   Jackson2HttpMessageConvertersConfiguration.MappingJackson2HttpMessageConverterConfiguration:
      Did not match:
         - AnyNestedCondition 0 matched 2 did not; NestedCondition on Jackson2HttpMessageConvertersConfiguration.PreferJackson2OrJacksonUnavailableCondition.JacksonUnavailable @ConditionalOnMissingBean (types: org.springframework.boot.http.converter.autoconfigure.JacksonHttpMessageConvertersConfiguration$JacksonJsonHttpMessageConvertersCustomizer; SearchStrategy: all) found beans of type 'org.springframework.boot.http.converter.autoconfigure.JacksonHttpMessageConvertersConfiguration$JacksonJsonHttpMessageConvertersCustomizer' jacksonJsonHttpMessageConvertersCustomizer; NestedCondition on Jackson2HttpMessageConvertersConfiguration.PreferJackson2OrJacksonUnavailableCondition.Jackson2Preferred @ConditionalOnProperty (spring.http.converters.preferred-json-mapper=jackson2) did not find property 'spring.http.converters.preferred-json-mapper' (Jackson2HttpMessageConvertersConfiguration.PreferJackson2OrJacksonUnavailableCondition)
      Matched:
         - @ConditionalOnClass found required class 'com.fasterxml.jackson.databind.ObjectMapper' (OnClassCondition)

   Jackson2HttpMessageConvertersConfiguration.MappingJackson2XmlHttpMessageConverterConfiguration:
      Did not match:
         - @ConditionalOnClass did not find required class 'com.fasterxml.jackson.dataformat.xml.XmlMapper' (OnClassCondition)

   JacksonAutoConfiguration.CborConfiguration:
      Did not match:
         - @ConditionalOnClass did not find required class 'tools.jackson.dataformat.cbor.CBORMapper' (OnClassCondition)

   JacksonAutoConfiguration.XmlConfiguration:
      Did not match:
         - @ConditionalOnClass did not find required class 'tools.jackson.dataformat.xml.XmlMapper' (OnClassCondition)

   JacksonHttpMessageConvertersConfiguration.JacksonXmlHttpMessageConverterConfiguration:
      Did not match:
         - @ConditionalOnClass did not find required class 'tools.jackson.dataformat.xml.XmlMapper' (OnClassCondition)

   JmxAutoConfiguration:
      Did not match:
         - @ConditionalOnBooleanProperty (spring.jmx.enabled=true) found different value in property 'spring.jmx.enabled' (OnPropertyCondition)
      Matched:
         - @ConditionalOnClass found required class 'org.springframework.jmx.export.MBeanExporter' (OnClassCondition)

   JndiDataSourceAutoConfiguration:
      Did not match:
         - @ConditionalOnProperty (spring.datasource.jndi-name) did not find property 'spring.datasource.jndi-name' (OnPropertyCondition)
      Matched:
         - @ConditionalOnClass found required classes 'javax.sql.DataSource', 'org.springframework.jdbc.datasource.embedded.EmbeddedDatabaseType' (OnClassCondition)

   JndiJtaConfiguration:
      Did not match:
         - @ConditionalOnJndi JNDI environment is not available (OnJndiCondition)
      Matched:
         - @ConditionalOnClass found required class 'org.springframework.transaction.jta.JtaTransactionManager' (OnClassCondition)

   JsonbHttpMessageConvertersConfiguration:
      Did not match:
         - @ConditionalOnClass did not find required class 'jakarta.json.bind.Jsonb' (OnClassCondition)

   KotlinSerializationHttpMessageConvertersConfiguration:
      Did not match:
         - @ConditionalOnClass did not find required classes 'kotlinx.serialization.Serializable', 'kotlinx.serialization.json.Json' (OnClassCondition)

   LoadBalancerAutoConfiguration.DeferringLoadBalancerInterceptorConfig#deferringLoadBalancerInterceptor:
      Did not match:
         - @ConditionalOnMissingBean (types: org.springframework.cloud.client.loadbalancer.DeferringLoadBalancerInterceptor; SearchStrategy: all) found beans of type 'org.springframework.cloud.client.loadbalancer.DeferringLoadBalancerInterceptor' deferringLoadBalancerInterceptor (OnBeanCondition)

   LoadBalancerAutoConfiguration.DeferringLoadBalancerInterceptorRestTemplateBuilderConfig#deferringLoadBalancerInterceptor:
      Did not match:
         - @ConditionalOnMissingBean (types: org.springframework.cloud.client.loadbalancer.DeferringLoadBalancerInterceptor; SearchStrategy: all) found beans of type 'org.springframework.cloud.client.loadbalancer.DeferringLoadBalancerInterceptor' deferringLoadBalancerInterceptor (OnBeanCondition)

   LoadBalancerAutoConfiguration.RetryAutoConfiguration:
      Did not match:
         - @ConditionalOnClass did not find required class 'org.springframework.retry.support.RetryTemplate' (OnClassCondition)

   LoadBalancerAutoConfiguration.RetryInterceptorAutoConfiguration:
      Did not match:
         - @ConditionalOnClass did not find required class 'org.springframework.retry.support.RetryTemplate' (OnClassCondition)

   LoadBalancerBeanPostProcessorAutoConfiguration:
      Did not match:
         - @ConditionalOnClass did not find required class 'org.springframework.web.reactive.function.client.WebClient' (OnClassCondition)

   LoadBalancerCacheAutoConfiguration.CaffeineLoadBalancerCacheManagerConfiguration:
      Did not match:
         - @ConditionalOnClass did not find required class 'com.github.benmanes.caffeine.cache.Caffeine' (OnClassCondition)

   LoadBalancerEurekaAutoConfiguration#zoneConfig:
      Did not match:
         - @ConditionalOnMissingBean (types: org.springframework.cloud.loadbalancer.config.LoadBalancerZoneConfig; SearchStrategy: all) found beans of type 'org.springframework.cloud.loadbalancer.config.LoadBalancerZoneConfig' zoneConfig (OnBeanCondition)

   LoadBalancerStatsAutoConfiguration:
      Did not match:
         - @ConditionalOnClass did not find required class 'io.micrometer.core.instrument.MeterRegistry' (OnClassCondition)

   LocalDevToolsAutoConfiguration:
      Did not match:
         - Initialized Restarter Condition initialized without URLs (OnInitializedRestarterCondition)

   MessageSourceAutoConfiguration:
      Did not match:
         - ResourceBundle did not find bundle with basename messages (MessageSourceAutoConfiguration.ResourceBundleCondition)

   MultipleOpenApiSupportConfiguration:
      Did not match:
         - AnyNestedCondition 0 matched 2 did not; NestedCondition on MultipleOpenApiSupportCondition.OnActuatorDifferentPort @ConditionalOnProperty (springdoc.show-actuator) did not find property 'springdoc.show-actuator'; NestedCondition on MultipleOpenApiSupportCondition.OnMultipleOpenApiSupportCondition AnyNestedCondition 0 matched 3 did not; NestedCondition on MultipleOpenApiGroupsCondition.OnListGroupedOpenApiBean @ConditionalOnBean (types: org.springdoc.core.models.GroupedOpenApi; SearchStrategy: all) did not find any beans of type org.springdoc.core.models.GroupedOpenApi; NestedCondition on MultipleOpenApiGroupsCondition.OnGroupConfigProperty @ConditionalOnProperty (springdoc.group-configs[0].group) did not find property 'springdoc.group-configs[0].group'; NestedCondition on MultipleOpenApiGroupsCondition.OnGroupedOpenApiBean @ConditionalOnBean (types: org.springdoc.core.models.GroupedOpenApi; SearchStrategy: all) did not find any beans of type org.springdoc.core.models.GroupedOpenApi (MultipleOpenApiSupportCondition)
      Matched:
         - found 'session' scope (OnWebApplicationCondition)
         - @ConditionalOnProperty (springdoc.api-docs.enabled) matched (OnPropertyCondition)

   MultipleOpenApiSupportConfiguration.SpringDocWebMvcActuatorDifferentConfiguration:
      Did not match:
         - Ancestor org.springdoc.webmvc.core.configuration.MultipleOpenApiSupportConfiguration did not match (ConditionEvaluationReport.AncestorsMatchedCondition)
      Matched:
         - @ConditionalOnClass found required class 'org.springframework.boot.webmvc.actuate.endpoint.web.WebMvcEndpointHandlerMapping' (OnClassCondition)

   OAuth2LoadBalancerClientAutoConfiguration:
      Did not match:
         - @ConditionalOnProperty (spring.cloud.oauth2.load-balanced.enabled) did not find property 'spring.cloud.oauth2.load-balanced.enabled' (OnPropertyCondition)

   ProjectInfoAutoConfiguration#buildProperties:
      Did not match:
         - @ConditionalOnResource did not find resource '${spring.info.build.location:classpath:META-INF/build-info.properties}' (OnResourceCondition)

   ProjectInfoAutoConfiguration#gitProperties:
      Did not match:
         - GitResource did not find git info at classpath:git.properties (ProjectInfoAutoConfiguration.GitResourceAvailableCondition)

   ReactiveCommonsClientAutoConfiguration.ReactiveDiscoveryLoadBalancerConfiguration:
      Did not match:
         - @ConditionalOnClass did not find required classes 'org.springframework.boot.health.contributor.ReactiveHealthIndicator', 'org.springframework.web.reactive.function.client.WebClient' (OnClassCondition)

   ReactiveCompositeDiscoveryClientAutoConfiguration:
      Did not match:
         - @ConditionalOnClass did not find required class 'org.springframework.web.reactive.function.client.WebClient' (OnClassCondition)

   ReactiveHttpClientAutoConfiguration.ReactorNetty:
      Did not match:
         - @ConditionalOnClass did not find required classes 'reactor.netty.http.client.HttpClient', 'org.springframework.boot.reactor.netty.autoconfigure.ReactorNettyConfigurations' (OnClassCondition)

   ReactorLoadBalancerClientAutoConfiguration:
      Did not match:
         - @ConditionalOnClass did not find required class 'org.springframework.web.reactive.function.client.WebClient' (OnClassCondition)

   RedisCacheConfiguration:
      Did not match:
         - @ConditionalOnClass did not find required class 'org.springframework.data.redis.connection.RedisConnectionFactory' (OnClassCondition)

   RefreshAutoConfiguration#legacyContextRefresher:
      Did not match:
         - AnyNestedCondition 0 matched 3 did not; NestedCondition on ConditionalOnBootstrapEnabled.OnBootstrapEnabledCondition.OnBootstrapEnabled @ConditionalOnProperty (spring.cloud.bootstrap.enabled) did not find property 'spring.cloud.bootstrap.enabled'; NestedCondition on ConditionalOnBootstrapEnabled.OnBootstrapEnabledCondition.OnUseLegacyProcessingEnabled @ConditionalOnProperty (spring.config.use-legacy-processing) did not find property 'spring.config.use-legacy-processing'; NestedCondition on ConditionalOnBootstrapEnabled.OnBootstrapEnabledCondition.OnBootstrapMarkerClassPresent @ConditionalOnClass did not find required class 'org.springframework.cloud.bootstrap.marker.Marker' (ConditionalOnBootstrapEnabled.OnBootstrapEnabledCondition)

   RefreshEndpointAutoConfiguration:
      Did not match:
         - @ConditionalOnClass did not find required class 'org.springframework.boot.actuate.autoconfigure.endpoint.EndpointAutoConfiguration' (OnClassCondition)

   RemoteDevToolsAutoConfiguration:
      Did not match:
         - @ConditionalOnProperty (spring.devtools.remote.secret) did not find property 'spring.devtools.remote.secret' (OnPropertyCondition)
      Matched:
         - @ConditionalOnClass found required classes 'jakarta.servlet.Filter', 'org.springframework.http.server.ServerHttpRequest', 'org.springframework.boot.web.server.autoconfigure.ServerProperties' (OnClassCondition)

   RestClientObservationAutoConfiguration:
      Did not match:
         - @ConditionalOnClass did not find required class 'org.springframework.boot.micrometer.observation.autoconfigure.ObservationProperties' (OnClassCondition)

   RestTemplateObservationAutoConfiguration:
      Did not match:
         - @ConditionalOnClass did not find required class 'org.springframework.boot.micrometer.observation.autoconfigure.ObservationProperties' (OnClassCondition)

   ServiceRegistryAutoConfiguration.ServiceRegistryEndpointConfiguration:
      Did not match:
         - @ConditionalOnClass did not find required class 'org.springframework.boot.actuate.endpoint.annotation.Endpoint' (OnClassCondition)

   ServletHttpExchangesAutoConfiguration:
      Did not match:
         - @ConditionalOnBean did not find required type 'org.springframework.boot.actuate.web.exchanges.HttpExchangeRepository' (OnBeanCondition)

   ServletManagementContextAutoConfiguration:
      Did not match:
         - @ConditionalOnClass did not find required class 'org.springframework.boot.actuate.autoconfigure.endpoint.web.WebEndpointProperties' (OnClassCondition)

   ServletMappingsAutoConfiguration:
      Did not match:
         - @ConditionalOnClass did not find required class 'org.springframework.boot.actuate.autoconfigure.endpoint.condition.ConditionalOnAvailableEndpoint' (OnClassCondition)

   ServletWebServerConfiguration#forwardedHeaderFilter:
      Did not match:
         - @ConditionalOnProperty (server.forward-headers-strategy=framework) did not find property 'server.forward-headers-strategy' (OnPropertyCondition)

   SimpleDiscoveryClientConfigurations.StandardSimpleDiscoveryClientConfiguration:
      Did not match:
         - @ConditionalOnMissingClass found unwanted class 'org.springframework.boot.web.server.context.WebServerInitializedEvent' (OnClassCondition)

   SimpleReactiveDiscoveryClientAutoConfiguration:
      Did not match:
         - @ConditionalOnClass did not find required class 'org.springframework.web.reactive.function.client.WebClient' (OnClassCondition)

   SpringApplicationAdminJmxAutoConfiguration:
      Did not match:
         - @ConditionalOnBooleanProperty (spring.application.admin.enabled=true) did not find property 'spring.application.admin.enabled' (OnPropertyCondition)

   SpringDocConfiguration#oas31ModelConverter:
      Did not match:
         - @ConditionalOnProperty (springdoc.explicit-object-schema=true) did not find property 'springdoc.explicit-object-schema' (OnPropertyCondition)

   SpringDocConfiguration#propertiesResolverForSchema:
      Did not match:
         - @ConditionalOnProperty (springdoc.api-docs.resolve-schema-properties) did not find property 'springdoc.api-docs.resolve-schema-properties' (OnPropertyCondition)

   SpringDocConfiguration#propertyCustomizingConverter:
      Did not match:
         - @ConditionalOnBean (types: org.springdoc.core.customizers.PropertyCustomizer; SearchStrategy: all) did not find any beans of type org.springdoc.core.customizers.PropertyCustomizer (OnBeanCondition)

   SpringDocConfiguration#springdocBeanFactoryPostProcessor:
      Did not match:
         - AnyNestedCondition 0 matched 2 did not; NestedCondition on CacheOrGroupedOpenApiCondition.OnCacheDisabled found non-matching nested conditions @ConditionalOnProperty (springdoc.cache.disabled) did not find property 'springdoc.cache.disabled'; NestedCondition on CacheOrGroupedOpenApiCondition.OnMultipleOpenApiSupportCondition AnyNestedCondition 0 matched 2 did not; NestedCondition on MultipleOpenApiSupportCondition.OnActuatorDifferentPort @ConditionalOnProperty (springdoc.show-actuator) did not find property 'springdoc.show-actuator'; NestedCondition on MultipleOpenApiSupportCondition.OnMultipleOpenApiSupportCondition AnyNestedCondition 0 matched 3 did not; NestedCondition on MultipleOpenApiGroupsCondition.OnListGroupedOpenApiBean @ConditionalOnBean (types: org.springdoc.core.models.GroupedOpenApi; SearchStrategy: all) did not find any beans of type org.springdoc.core.models.GroupedOpenApi; NestedCondition on MultipleOpenApiGroupsCondition.OnGroupConfigProperty @ConditionalOnProperty (springdoc.group-configs[0].group) did not find property 'springdoc.group-configs[0].group'; NestedCondition on MultipleOpenApiGroupsCondition.OnGroupedOpenApiBean @ConditionalOnBean (types: org.springdoc.core.models.GroupedOpenApi; SearchStrategy: all) did not find any beans of type org.springdoc.core.models.GroupedOpenApi (CacheOrGroupedOpenApiCondition)
      Matched:
         - @ConditionalOnClass found required class 'org.springframework.boot.context.properties.bind.BindResult' (OnClassCondition)

   SpringDocConfiguration#springdocBeanFactoryPostProcessor2:
      Did not match:
         - @ConditionalOnMissingClass found unwanted class 'org.springframework.boot.context.properties.bind.BindResult' (OnClassCondition)

   SpringDocConfiguration.SpringDocActuatorConfiguration:
      Did not match:
         - @ConditionalOnClass did not find required class 'org.springframework.boot.actuate.autoconfigure.endpoint.web.WebEndpointProperties' (OnClassCondition)

   SpringDocConfiguration.SpringDocRepositoryRestConfiguration:
      Did not match:
         - @ConditionalOnClass did not find required class 'org.springframework.data.rest.core.config.RepositoryRestConfiguration' (OnClassCondition)

   SpringDocDataRestConfiguration:
      Did not match:
         - @ConditionalOnClass did not find required class 'org.springframework.data.rest.core.config.RepositoryRestConfiguration' (OnClassCondition)

   SpringDocFunctionCatalogConfiguration:
      Did not match:
         - @ConditionalOnClass did not find required class 'org.springframework.cloud.function.web.function.FunctionEndpointInitializer' (OnClassCondition)

   SpringDocGroovyConfiguration:
      Did not match:
         - @ConditionalOnClass did not find required class 'groovy.lang.MetaClass' (OnClassCondition)

   SpringDocHateoasConfiguration:
      Did not match:
         - @ConditionalOnClass did not find required class 'org.springframework.hateoas.server.LinkRelationProvider' (OnClassCondition)

   SpringDocJacksonKotlinModuleConfiguration:
      Did not match:
         - @ConditionalOnClass did not find required class 'com.fasterxml.jackson.module.kotlin.KotlinModule' (OnClassCondition)

   SpringDocJavadocConfiguration:
      Did not match:
         - @ConditionalOnClass did not find required class 'com.github.therapi.runtimejavadoc.CommentFormatter' (OnClassCondition)

   SpringDocKotlinConfiguration:
      Did not match:
         - @ConditionalOnClass did not find required class 'kotlin.coroutines.Continuation' (OnClassCondition)

   SpringDocKotlinxConfiguration:
      Did not match:
         - @ConditionalOnClass did not find required class 'kotlinx.coroutines.flow.Flow' (OnClassCondition)

   SpringDocSecurityConfiguration:
      Did not match:
         - @ConditionalOnClass did not find required class 'org.springframework.security.web.SecurityFilterChain' (OnClassCondition)

   SpringDocSortConfiguration#dataRestDelegatingMethodParameterCustomizer:
      Did not match:
         - @ConditionalOnMissingBean (types: org.springdoc.core.customizers.DataRestDelegatingMethodParameterCustomizer; SearchStrategy: all) found beans of type 'org.springdoc.core.customizers.DataRestDelegatingMethodParameterCustomizer' dataRestDelegatingMethodParameterCustomizer (OnBeanCondition)

   SpringDocWebMvcConfiguration.SpringDocWebMvcActuatorConfiguration#actuatorProvider:
      Did not match:
         - @ConditionalOnExpression (#{${springdoc.show-actuator:false} or ${springdoc.use-management-port:false}}) resulted in false (OnExpressionCondition)

   SpringDocWebMvcConfiguration.SpringDocWebMvcActuatorConfiguration#openApiActuatorResource:
      Did not match:
         - @ConditionalOnExpression (#{${springdoc.use-management-port:false} and ${springdoc.enable-default-api-docs:true}}) resulted in false (OnExpressionCondition)

   SpringDocWebServerConfiguration.DeployedWebServerConfiguration:
      Did not match:
         - @ConditionalOnMissingClass found unwanted classes 'org.springframework.boot.web.server.context.WebServerInitializedEvent', 'org.springframework.boot.web.server.autoconfigure.ServerProperties' (OnClassCondition)

   SwaggerConfig#springWebProvider:
      Did not match:
         - @ConditionalOnMissingBean (types: org.springdoc.core.providers.SpringWebProvider; SearchStrategy: all) found beans of type 'org.springdoc.core.providers.SpringWebProvider' springWebProvider (OnBeanCondition)

   SwaggerConfig#swaggerUiHome:
      Did not match:
         - @ConditionalOnProperty (springdoc.swagger-ui.use-root-path=true) did not find property 'springdoc.swagger-ui.use-root-path' (OnPropertyCondition)

   SwaggerConfig.SwaggerActuatorWelcomeConfiguration:
      Did not match:
         - @ConditionalOnProperty (springdoc.use-management-port) did not find property 'springdoc.use-management-port' (OnPropertyCondition)
      Matched:
         - @ConditionalOnClass found required class 'org.springframework.boot.webmvc.actuate.endpoint.web.WebMvcEndpointHandlerMapping' (OnClassCondition)

   TaskExecutorConfigurations.AsyncConfigurerWrapperConfiguration:
      Did not match:
         - @ConditionalOnBean (types: org.springframework.scheduling.annotation.AsyncConfigurer; SearchStrategy: all) did not find any beans of type org.springframework.scheduling.annotation.AsyncConfigurer (OnBeanCondition)

   TaskExecutorConfigurations.SimpleAsyncTaskExecutorBuilderConfiguration#simpleAsyncTaskExecutorBuilderVirtualThreads:
      Did not match:
         - @ConditionalOnMissingBean (types: org.springframework.boot.task.SimpleAsyncTaskExecutorBuilder; SearchStrategy: all) found beans of type 'org.springframework.boot.task.SimpleAsyncTaskExecutorBuilder' simpleAsyncTaskExecutorBuilder (OnBeanCondition)

   TaskExecutorConfigurations.TaskExecutorConfiguration#applicationTaskExecutorVirtualThreads:
      Did not match:
         - @ConditionalOnThreading did not find VIRTUAL (OnThreadingCondition)

   TaskSchedulingAutoConfiguration#scheduledBeanLazyInitializationExcludeFilter:
      Did not match:
         - @ConditionalOnBean (names: org.springframework.scheduling.config.internalScheduledAnnotationProcessor; SearchStrategy: all) did not find any beans named org.springframework.scheduling.config.internalScheduledAnnotationProcessor (OnBeanCondition)

   TaskSchedulingConfigurations.SimpleAsyncTaskSchedulerBuilderConfiguration#simpleAsyncTaskSchedulerBuilderVirtualThreads:
      Did not match:
         - @ConditionalOnMissingBean (types: org.springframework.boot.task.SimpleAsyncTaskSchedulerBuilder; SearchStrategy: all) found beans of type 'org.springframework.boot.task.SimpleAsyncTaskSchedulerBuilder' simpleAsyncTaskSchedulerBuilder (OnBeanCondition)

   TaskSchedulingConfigurations.TaskSchedulerConfiguration:
      Did not match:
         - @ConditionalOnBean (names: org.springframework.scheduling.config.internalScheduledAnnotationProcessor; SearchStrategy: all) did not find any beans named org.springframework.scheduling.config.internalScheduledAnnotationProcessor (OnBeanCondition)

   TomcatMetricsAutoConfiguration:
      Did not match:
         - @ConditionalOnClass did not find required class 'io.micrometer.core.instrument.binder.tomcat.TomcatMetrics' (OnClassCondition)

   TomcatReactiveManagementContextAutoConfiguration:
      Did not match:
         - @ConditionalOnClass did not find required class 'org.springframework.boot.actuate.autoconfigure.web.server.ManagementContextFactory' (OnClassCondition)

   TomcatReactiveWebServerAutoConfiguration:
      Did not match:
         - @ConditionalOnWebApplication did not find reactive web application classes (OnWebApplicationCondition)

   TomcatServletManagementContextAutoConfiguration:
      Did not match:
         - @ConditionalOnClass did not find required class 'org.springframework.boot.actuate.autoconfigure.web.server.ManagementContextFactory' (OnClassCondition)

   TomcatServletWebServerAutoConfiguration#tomcatForwardedHeaderFilterCustomizer:
      Did not match:
         - @ConditionalOnProperty (server.forward-headers-strategy=framework) did not find property 'server.forward-headers-strategy' (OnPropertyCondition)

   TomcatWebServerConfiguration:
      Did not match:
         - Application is deployed as a WAR file. (OnWarDeploymentCondition)

   TransactionAutoConfiguration#transactionalOperator:
      Did not match:
         - @ConditionalOnSingleCandidate (types: org.springframework.transaction.ReactiveTransactionManager; SearchStrategy: all) did not find any beans (OnBeanCondition)

   TransactionAutoConfiguration.AspectJTransactionManagementConfiguration:
      Did not match:
         - @ConditionalOnBean (types: org.springframework.transaction.aspectj.AbstractTransactionAspect; SearchStrategy: all) did not find any beans of type org.springframework.transaction.aspectj.AbstractTransactionAspect (OnBeanCondition)

   TransactionAutoConfiguration.EnableTransactionManagementConfiguration.JdkDynamicAutoProxyConfiguration:
      Did not match:
         - @ConditionalOnBooleanProperty (spring.aop.proxy-target-class=false) did not find property 'spring.aop.proxy-target-class' (OnPropertyCondition)

   WebMvcAutoConfiguration#hiddenHttpMethodFilter:
      Did not match:
         - @ConditionalOnBooleanProperty (spring.mvc.hiddenmethod.filter.enabled=true) did not find property 'spring.mvc.hiddenmethod.filter.enabled' (OnPropertyCondition)

   WebMvcAutoConfiguration.ProblemDetailsErrorHandlingConfiguration:
      Did not match:
         - @ConditionalOnBooleanProperty (spring.mvc.problemdetails.enabled=true) did not find property 'spring.mvc.problemdetails.enabled' (OnPropertyCondition)

   WebMvcAutoConfiguration.WebMvcAutoConfigurationAdapter#beanNameViewResolver:
      Did not match:
         - @ConditionalOnMissingBean (types: org.springframework.web.servlet.view.BeanNameViewResolver; SearchStrategy: all) found beans of type 'org.springframework.web.servlet.view.BeanNameViewResolver' beanNameViewResolver (OnBeanCondition)

   WebMvcHealthEndpointExtensionAutoConfiguration:
      Did not match:
         - @ConditionalOnClass did not find required class 'org.springframework.boot.health.actuate.endpoint.HealthEndpoint' (OnClassCondition)

   WebMvcMappingsAutoConfiguration:
      Did not match:
         - @ConditionalOnClass did not find required class 'org.springframework.boot.actuate.autoconfigure.endpoint.condition.ConditionalOnAvailableEndpoint' (OnClassCondition)

   WebMvcObservationAutoConfiguration:
      Did not match:
         - @ConditionalOnClass did not find required class 'org.springframework.boot.micrometer.observation.autoconfigure.ObservationProperties' (OnClassCondition)

   WritableEnvironmentEndpointAutoConfiguration:
      Did not match:
         - @ConditionalOnClass did not find required class 'org.springframework.boot.actuate.autoconfigure.env.EnvironmentEndpointProperties' (OnClassCondition)

   XADataSourceAutoConfiguration:
      Did not match:
         - @ConditionalOnBean (types: org.springframework.boot.jdbc.XADataSourceWrapper; SearchStrategy: all) did not find any beans of type org.springframework.boot.jdbc.XADataSourceWrapper (OnBeanCondition)
      Matched:
         - @ConditionalOnClass found required classes 'javax.sql.DataSource', 'jakarta.transaction.TransactionManager', 'org.springframework.jdbc.datasource.embedded.EmbeddedDatabaseType' (OnClassCondition)


Exclusions:
-----------

    None


Unconditional classes:
----------------------

    org.springdoc.core.configuration.SpringDocWebServerConfiguration.EmbeddedWebServerConfiguration

    org.springframework.boot.autoconfigure.context.ConfigurationPropertiesAutoConfiguration

    org.springframework.cloud.client.ReactiveCommonsClientAutoConfiguration

    org.springframework.boot.http.client.autoconfigure.service.HttpServiceClientPropertiesAutoConfiguration

    org.springframework.boot.autoconfigure.ssl.SslAutoConfiguration

    org.springframework.cloud.client.discovery.simple.SimpleDiscoveryClientAutoConfiguration

    org.springframework.boot.autoconfigure.context.PropertyPlaceholderAutoConfiguration

    org.springframework.boot.autoconfigure.context.LifecycleAutoConfiguration

    org.springframework.cloud.client.CommonsClientAutoConfiguration

    org.springframework.cloud.commons.config.CommonsConfigAutoConfiguration

    org.springdoc.core.configuration.SpringDocWebServerConfiguration.DeployedWebServerConfiguration

    org.springframework.cloud.netflix.eureka.config.DiscoveryClientOptionalArgsConfiguration

    org.springframework.boot.http.client.autoconfigure.HttpClientAutoConfiguration

    org.springframework.cloud.client.loadbalancer.LoadBalancerDefaultMappingsProviderAutoConfiguration

    org.springframework.cloud.client.discovery.composite.CompositeDiscoveryClientAutoConfiguration

    org.springframework.cloud.client.serviceregistry.ServiceRegistryAutoConfiguration

    org.springframework.cloud.autoconfigure.LifecycleMvcEndpointAutoConfiguration

    org.springdoc.core.configuration.SpringDocSpecPropertiesConfiguration

    org.springframework.boot.autoconfigure.availability.ApplicationAvailabilityAutoConfiguration

    org.springframework.boot.autoconfigure.info.ProjectInfoAutoConfiguration



2026-07-16T14:57:56.733-04:00  INFO 10320 --- [ms-venta] [main] c.p.v.VentaServiceApplicationTests       : Started VentaServiceApplicationTests in 7.573 seconds (process running for 19.092)
2026-07-16T14:57:56.737-04:00 DEBUG 10320 --- [ms-venta] [main] o.s.b.a.ApplicationAvailabilityBean      : Application availability state LivenessState changed to CORRECT
2026-07-16T14:57:56.739-04:00 DEBUG 10320 --- [ms-venta] [main] o.s.b.a.ApplicationAvailabilityBean      : Application availability state ReadinessState changed to ACCEPTING_TRAFFIC
2026-07-16T14:57:56.740-04:00 DEBUG 10320 --- [ms-venta] [main] org.springframework.test.context.cache   : Spring test ApplicationContext cache statistics: [DefaultContextCache@6a4484e6 size = 2, maxSize = 32, contextUsageCount = 0, parentContextCount = 0, hitCount = 56, missCount = 2, failureCount = 0]
2026-07-16T14:57:56.740-04:00 DEBUG 10320 --- [ms-venta] [main] o.s.t.c.w.ServletTestExecutionListener   : Setting up MockHttpServletRequest, MockHttpServletResponse, ServletWebRequest, and RequestContextHolder for test class com.pharmanet.venta_service.VentaServiceApplicationTests
2026-07-16T14:57:56.740-04:00 DEBUG 10320 --- [ms-venta] [main] DependencyInjectionTestExecutionListener : Performing dependency injection for test class com.pharmanet.venta_service.VentaServiceApplicationTests
2026-07-16T14:57:56.740-04:00 DEBUG 10320 --- [ms-venta] [main] org.springframework.test.context.cache   : Spring test ApplicationContext cache statistics: [DefaultContextCache@6a4484e6 size = 2, maxSize = 32, contextUsageCount = 1, parentContextCount = 0, hitCount = 57, missCount = 2, failureCount = 0]
2026-07-16T14:57:56.740-04:00 DEBUG 10320 --- [ms-venta] [main] org.springframework.test.context.cache   : Spring test ApplicationContext cache statistics: [DefaultContextCache@6a4484e6 size = 2, maxSize = 32, contextUsageCount = 1, parentContextCount = 0, hitCount = 58, missCount = 2, failureCount = 0]
2026-07-16T14:57:56.742-04:00 DEBUG 10320 --- [ms-venta] [main] sContextBeforeModesTestExecutionListener : Before test method: class [VentaServiceApplicationTests], method [contextLoads], class annotated with @DirtiesContext [false] with mode [null], method annotated with @DirtiesContext [false] with mode [null]
2026-07-16T14:57:56.742-04:00 DEBUG 10320 --- [ms-venta] [main] org.springframework.test.context.cache   : Spring test ApplicationContext cache statistics: [DefaultContextCache@6a4484e6 size = 2, maxSize = 32, contextUsageCount = 1, parentContextCount = 0, hitCount = 59, missCount = 2, failureCount = 0]
2026-07-16T14:57:56.742-04:00 DEBUG 10320 --- [ms-venta] [main] org.springframework.test.context.cache   : Spring test ApplicationContext cache statistics: [DefaultContextCache@6a4484e6 size = 2, maxSize = 32, contextUsageCount = 1, parentContextCount = 0, hitCount = 60, missCount = 2, failureCount = 0]
2026-07-16T14:57:56.745-04:00 DEBUG 10320 --- [ms-venta] [main] org.springframework.test.context.cache   : Spring test ApplicationContext cache statistics: [DefaultContextCache@6a4484e6 size = 2, maxSize = 32, contextUsageCount = 1, parentContextCount = 0, hitCount = 61, missCount = 2, failureCount = 0]
2026-07-16T14:57:56.745-04:00 DEBUG 10320 --- [ms-venta] [main] org.springframework.test.context.cache   : Spring test ApplicationContext cache statistics: [DefaultContextCache@6a4484e6 size = 2, maxSize = 32, contextUsageCount = 1, parentContextCount = 0, hitCount = 62, missCount = 2, failureCount = 0]
2026-07-16T14:57:56.746-04:00 DEBUG 10320 --- [ms-venta] [main] org.springframework.test.context.cache   : Spring test ApplicationContext cache statistics: [DefaultContextCache@6a4484e6 size = 2, maxSize = 32, contextUsageCount = 1, parentContextCount = 0, hitCount = 63, missCount = 2, failureCount = 0]
2026-07-16T14:57:56.746-04:00 DEBUG 10320 --- [ms-venta] [main] org.springframework.test.context.cache   : Spring test ApplicationContext cache statistics: [DefaultContextCache@6a4484e6 size = 2, maxSize = 32, contextUsageCount = 1, parentContextCount = 0, hitCount = 64, missCount = 2, failureCount = 0]
2026-07-16T14:57:56.746-04:00 DEBUG 10320 --- [ms-venta] [main] org.springframework.test.context.cache   : Spring test ApplicationContext cache statistics: [DefaultContextCache@6a4484e6 size = 2, maxSize = 32, contextUsageCount = 1, parentContextCount = 0, hitCount = 65, missCount = 2, failureCount = 0]
2026-07-16T14:57:56.746-04:00 DEBUG 10320 --- [ms-venta] [main] org.springframework.test.context.cache   : Spring test ApplicationContext cache statistics: [DefaultContextCache@6a4484e6 size = 2, maxSize = 32, contextUsageCount = 1, parentContextCount = 0, hitCount = 66, missCount = 2, failureCount = 0]
2026-07-16T14:57:56.746-04:00 DEBUG 10320 --- [ms-venta] [main] .c.s.DirtiesContextTestExecutionListener : After test method: class [VentaServiceApplicationTests], method [contextLoads], class annotated with @DirtiesContext [false] with mode [null], method annotated with @DirtiesContext [false] with mode [null]
2026-07-16T14:57:56.746-04:00 DEBUG 10320 --- [ms-venta] [main] o.s.t.c.w.ServletTestExecutionListener   : Resetting RequestContextHolder for test class com.pharmanet.venta_service.VentaServiceApplicationTests
2026-07-16T14:57:56.746-04:00 DEBUG 10320 --- [ms-venta] [main] org.springframework.test.context.cache   : Spring test ApplicationContext cache statistics: [DefaultContextCache@6a4484e6 size = 2, maxSize = 32, contextUsageCount = 1, parentContextCount = 0, hitCount = 67, missCount = 2, failureCount = 0]
2026-07-16T14:57:56.746-04:00 DEBUG 10320 --- [ms-venta] [main] org.springframework.test.context.cache   : Spring test ApplicationContext cache statistics: [DefaultContextCache@6a4484e6 size = 2, maxSize = 32, contextUsageCount = 1, parentContextCount = 0, hitCount = 68, missCount = 2, failureCount = 0]
2026-07-16T14:57:56.746-04:00 DEBUG 10320 --- [ms-venta] [main] .c.s.DirtiesContextTestExecutionListener : After test class: class [VentaServiceApplicationTests], class annotated with @DirtiesContext [false] with mode [null]
2026-07-16T14:57:56.780-04:00 DEBUG 10320 --- [ms-venta] [main] java.lang.Runtime                        : Runtime.exit() called with status: 0

java.lang.Throwable: Runtime.exit(0)
	at java.base/java.lang.Shutdown.logRuntimeExit(Shutdown.java:179) ~[na:na]
	at java.base/java.lang.Shutdown.exit(Shutdown.java:160) ~[na:na]
	at java.base/java.lang.Runtime.exit(Runtime.java:188) ~[na:na]
	at java.base/java.lang.System.exit(System.java:1921) ~[na:na]
	at org.apache.maven.surefire.booter.ForkedBooter.acknowledgedExit(ForkedBooter.java:381) ~[surefire-booter-3.5.6.jar:3.5.6]
	at org.apache.maven.surefire.booter.ForkedBooter.execute(ForkedBooter.java:178) ~[surefire-booter-3.5.6.jar:3.5.6]
	at org.apache.maven.surefire.booter.ForkedBooter.run(ForkedBooter.java:507) ~[surefire-booter-3.5.6.jar:3.5.6]
	at org.apache.maven.surefire.booter.ForkedBooter.main(ForkedBooter.java:495) ~[surefire-booter-3.5.6.jar:3.5.6]

2026-07-16T14:57:56.782-04:00 DEBUG 10320 --- [ms-venta] [SpringApplicationShutdownHook] o.s.w.c.s.GenericWebApplicationContext   : Closing org.springframework.web.context.support.GenericWebApplicationContext@79ec57b8, started on Thu Jul 16 14:57:42 CLT 2026
2026-07-16T14:57:56.782-04:00 DEBUG 10320 --- [ms-venta] [SpringApplicationShutdownHook] o.s.c.support.DefaultLifecycleProcessor  : Stopping beans in phase 1073741823
2026-07-16T14:57:56.782-04:00 DEBUG 10320 --- [ms-venta] [SpringApplicationShutdownHook] o.s.c.support.DefaultLifecycleProcessor  : Stopping beans in phase -2147483647
2026-07-16T14:57:56.786-04:00 DEBUG 10320 --- [ms-venta] [SpringApplicationShutdownHook] o.s.s.concurrent.ThreadPoolTaskExecutor  : Shutting down ExecutorService 'applicationTaskExecutor'
2026-07-16T14:57:56.786-04:00 DEBUG 10320 --- [ms-venta] [SpringApplicationShutdownHook] o.s.w.c.s.GenericWebApplicationContext   : Closing org.springframework.web.context.support.GenericWebApplicationContext@24e95bd4, started on Thu Jul 16 14:57:49 CLT 2026
2026-07-16T14:57:56.786-04:00  INFO 10320 --- [ms-venta] [SpringApplicationShutdownHook] o.s.c.n.e.s.EurekaServiceRegistry        : Unregistering application MS-VENTA with eureka with status DOWN
2026-07-16T14:57:56.786-04:00  INFO 10320 --- [ms-venta] [SpringApplicationShutdownHook] com.netflix.discovery.DiscoveryClient    : Saw local status change event StatusChangeEvent [timestamp=1784228276786, current=DOWN, previous=UP]
2026-07-16T14:57:56.788-04:00 DEBUG 10320 --- [ms-venta] [DiscoveryClient-InstanceInfoReplicator-%d] c.n.discovery.InstanceInfoReplicator     : Executing on-demand update of local InstanceInfo
2026-07-16T14:57:56.788-04:00 DEBUG 10320 --- [ms-venta] [DiscoveryClient-InstanceInfoReplicator-%d] c.n.discovery.InstanceInfoReplicator     : Canceling the latest scheduled update, it will be rescheduled at the end of on demand update
2026-07-16T14:57:56.788-04:00  INFO 10320 --- [ms-venta] [DiscoveryClient-InstanceInfoReplicator-%d] com.netflix.discovery.DiscoveryClient    : DiscoveryClient_MS-VENTA/Tititi:ms-venta:8086: registering service...
2026-07-16T14:57:56.788-04:00 DEBUG 10320 --- [ms-venta] [SpringApplicationShutdownHook] o.s.c.support.DefaultLifecycleProcessor  : Stopping beans in phase 1073741823
2026-07-16T14:57:56.788-04:00 DEBUG 10320 --- [ms-venta] [SpringApplicationShutdownHook] o.s.c.support.DefaultLifecycleProcessor  : Bean 'applicationTaskExecutor' completed its stop procedure
2026-07-16T14:57:56.788-04:00 DEBUG 10320 --- [ms-venta] [SpringApplicationShutdownHook] o.s.c.support.DefaultLifecycleProcessor  : Stopping beans in phase 0
2026-07-16T14:57:56.788-04:00  WARN 10320 --- [ms-venta] [DiscoveryClient-InstanceInfoReplicator-%d] com.netflix.discovery.DiscoveryClient    : DiscoveryClient_MS-VENTA/Tititi:ms-venta:8086 - registration failed There is no known eureka server; cluster server list is empty

com.netflix.discovery.shared.transport.TransportException: There is no known eureka server; cluster server list is empty
	at com.netflix.discovery.shared.transport.decorator.RetryableEurekaHttpClient.execute(RetryableEurekaHttpClient.java:108) ~[eureka-client-2.0.5.jar:2.0.5]
	at com.netflix.discovery.shared.transport.decorator.EurekaHttpClientDecorator.register(EurekaHttpClientDecorator.java:56) ~[eureka-client-2.0.5.jar:2.0.5]
	at com.netflix.discovery.shared.transport.decorator.EurekaHttpClientDecorator$1.execute(EurekaHttpClientDecorator.java:59) ~[eureka-client-2.0.5.jar:2.0.5]
	at com.netflix.discovery.shared.transport.decorator.SessionedEurekaHttpClient.execute(SessionedEurekaHttpClient.java:76) ~[eureka-client-2.0.5.jar:2.0.5]
	at com.netflix.discovery.shared.transport.decorator.EurekaHttpClientDecorator.register(EurekaHttpClientDecorator.java:56) ~[eureka-client-2.0.5.jar:2.0.5]
	at com.netflix.discovery.DiscoveryClient.register(DiscoveryClient.java:828) ~[eureka-client-2.0.5.jar:2.0.5]
	at com.netflix.discovery.InstanceInfoReplicator.run(InstanceInfoReplicator.java:125) ~[eureka-client-2.0.5.jar:2.0.5]
	at com.netflix.discovery.InstanceInfoReplicator$2.run(InstanceInfoReplicator.java:105) ~[eureka-client-2.0.5.jar:2.0.5]
	at java.base/java.util.concurrent.Executors$RunnableAdapter.call(Executors.java:572) ~[na:na]
	at java.base/java.util.concurrent.FutureTask.run(FutureTask.java:317) ~[na:na]
	at java.base/java.util.concurrent.ScheduledThreadPoolExecutor$ScheduledFutureTask.run(ScheduledThreadPoolExecutor.java:304) ~[na:na]
	at java.base/java.util.concurrent.ThreadPoolExecutor.runWorker(ThreadPoolExecutor.java:1144) ~[na:na]
	at java.base/java.util.concurrent.ThreadPoolExecutor$Worker.run(ThreadPoolExecutor.java:642) ~[na:na]
	at java.base/java.lang.Thread.run(Thread.java:1583) ~[na:na]

2026-07-16T14:57:56.789-04:00 DEBUG 10320 --- [ms-venta] [SpringApplicationShutdownHook] o.s.c.support.DefaultLifecycleProcessor  : Successfully stopped bean 'refreshScopeLifecycle'
2026-07-16T14:57:56.789-04:00 DEBUG 10320 --- [ms-venta] [SpringApplicationShutdownHook] o.s.c.support.DefaultLifecycleProcessor  : Stopping beans in phase -2147483647
2026-07-16T14:57:56.789-04:00 DEBUG 10320 --- [ms-venta] [SpringApplicationShutdownHook] o.s.c.support.DefaultLifecycleProcessor  : Bean 'springBootLoggingLifecycle' completed its stop procedure
2026-07-16T14:57:56.788-04:00  WARN 10320 --- [ms-venta] [DiscoveryClient-InstanceInfoReplicator-%d] c.n.discovery.InstanceInfoReplicator     : There was a problem with the instance info replicator

com.netflix.discovery.shared.transport.TransportException: There is no known eureka server; cluster server list is empty
	at com.netflix.discovery.shared.transport.decorator.RetryableEurekaHttpClient.execute(RetryableEurekaHttpClient.java:108) ~[eureka-client-2.0.5.jar:2.0.5]
	at com.netflix.discovery.shared.transport.decorator.EurekaHttpClientDecorator.register(EurekaHttpClientDecorator.java:56) ~[eureka-client-2.0.5.jar:2.0.5]
	at com.netflix.discovery.shared.transport.decorator.EurekaHttpClientDecorator$1.execute(EurekaHttpClientDecorator.java:59) ~[eureka-client-2.0.5.jar:2.0.5]
	at com.netflix.discovery.shared.transport.decorator.SessionedEurekaHttpClient.execute(SessionedEurekaHttpClient.java:76) ~[eureka-client-2.0.5.jar:2.0.5]
	at com.netflix.discovery.shared.transport.decorator.EurekaHttpClientDecorator.register(EurekaHttpClientDecorator.java:56) ~[eureka-client-2.0.5.jar:2.0.5]
	at com.netflix.discovery.DiscoveryClient.register(DiscoveryClient.java:828) ~[eureka-client-2.0.5.jar:2.0.5]
	at com.netflix.discovery.InstanceInfoReplicator.run(InstanceInfoReplicator.java:125) ~[eureka-client-2.0.5.jar:2.0.5]
	at com.netflix.discovery.InstanceInfoReplicator$2.run(InstanceInfoReplicator.java:105) ~[eureka-client-2.0.5.jar:2.0.5]
	at java.base/java.util.concurrent.Executors$RunnableAdapter.call(Executors.java:572) ~[na:na]
	at java.base/java.util.concurrent.FutureTask.run(FutureTask.java:317) ~[na:na]
	at java.base/java.util.concurrent.ScheduledThreadPoolExecutor$ScheduledFutureTask.run(ScheduledThreadPoolExecutor.java:304) ~[na:na]
	at java.base/java.util.concurrent.ThreadPoolExecutor.runWorker(ThreadPoolExecutor.java:1144) ~[na:na]
	at java.base/java.util.concurrent.ThreadPoolExecutor$Worker.run(ThreadPoolExecutor.java:642) ~[na:na]
	at java.base/java.lang.Thread.run(Thread.java:1583) ~[na:na]

2026-07-16T14:57:56.792-04:00 DEBUG 10320 --- [ms-venta] [SpringApplicationShutdownHook] o.s.b.f.support.DisposableBeanAdapter    : Custom destroy method 'close' on bean with name 'eurekaServiceRegistry' completed
2026-07-16T14:57:56.793-04:00 DEBUG 10320 --- [ms-venta] [SpringApplicationShutdownHook] s.c.a.AnnotationConfigApplicationContext : Closing FeignClientFactory-usuario-service, started on Thu Jul 16 14:57:55 CLT 2026, parent: org.springframework.web.context.support.GenericWebApplicationContext@24e95bd4
2026-07-16T14:57:56.795-04:00 DEBUG 10320 --- [ms-venta] [SpringApplicationShutdownHook] s.c.a.AnnotationConfigApplicationContext : Closing FeignClientFactory-producto-service, started on Thu Jul 16 14:57:55 CLT 2026, parent: org.springframework.web.context.support.GenericWebApplicationContext@24e95bd4
2026-07-16T14:57:56.795-04:00 DEBUG 10320 --- [ms-venta] [SpringApplicationShutdownHook] s.c.a.AnnotationConfigApplicationContext : Closing FeignClientFactory-inventario-service, started on Thu Jul 16 14:57:54 CLT 2026, parent: org.springframework.web.context.support.GenericWebApplicationContext@24e95bd4
2026-07-16T14:57:56.795-04:00  INFO 10320 --- [ms-venta] [SpringApplicationShutdownHook] j.LocalContainerEntityManagerFactoryBean : Closing JPA EntityManagerFactory for persistence unit 'default'
2026-07-16T14:57:56.795-04:00 DEBUG 10320 --- [ms-venta] [SpringApplicationShutdownHook] org.hibernate.orm.factory                : HHH90020005: Closing factory [275f7cf9-66ff-42db-a809-a88fdaafeaef]
2026-07-16T14:57:57.180-04:00  INFO 10320 --- [ms-venta] [SpringApplicationShutdownHook] com.zaxxer.hikari.HikariDataSource       : HikariPool-1 - Shutdown initiated...
2026-07-16T14:57:57.180-04:00 DEBUG 10320 --- [ms-venta] [SpringApplicationShutdownHook] com.zaxxer.hikari.pool.HikariPool        : HikariPool-1 - Before shutdown stats (total=10/10, idle=10/10, active=0, waiting=0)
2026-07-16T14:57:57.180-04:00 DEBUG 10320 --- [ms-venta] [HikariPool-1:connection-closer] com.zaxxer.hikari.pool.PoolBase          : HikariPool-1 - Closing connection conn0: url=jdbc:h2:mem:testdb user=SA: (connection evicted)
2026-07-16T14:57:57.180-04:00 DEBUG 10320 --- [ms-venta] [HikariPool-1:connection-closer] com.zaxxer.hikari.pool.PoolBase          : HikariPool-1 - Closing connection conn1: url=jdbc:h2:mem:testdb user=SA: (connection evicted)
2026-07-16T14:57:57.180-04:00 DEBUG 10320 --- [ms-venta] [HikariPool-1:connection-closer] com.zaxxer.hikari.pool.PoolBase          : HikariPool-1 - Closing connection conn2: url=jdbc:h2:mem:testdb user=SA: (connection evicted)
2026-07-16T14:57:57.180-04:00 DEBUG 10320 --- [ms-venta] [HikariPool-1:connection-closer] com.zaxxer.hikari.pool.PoolBase          : HikariPool-1 - Closing connection conn3: url=jdbc:h2:mem:testdb user=SA: (connection evicted)
2026-07-16T14:57:57.180-04:00 DEBUG 10320 --- [ms-venta] [HikariPool-1:connection-closer] com.zaxxer.hikari.pool.PoolBase          : HikariPool-1 - Closing connection conn4: url=jdbc:h2:mem:testdb user=SA: (connection evicted)
2026-07-16T14:57:57.180-04:00 DEBUG 10320 --- [ms-venta] [HikariPool-1:connection-closer] com.zaxxer.hikari.pool.PoolBase          : HikariPool-1 - Closing connection conn5: url=jdbc:h2:mem:testdb user=SA: (connection evicted)
2026-07-16T14:57:57.180-04:00 DEBUG 10320 --- [ms-venta] [HikariPool-1:connection-closer] com.zaxxer.hikari.pool.PoolBase          : HikariPool-1 - Closing connection conn6: url=jdbc:h2:mem:testdb user=SA: (connection evicted)
2026-07-16T14:57:57.180-04:00 DEBUG 10320 --- [ms-venta] [HikariPool-1:connection-closer] com.zaxxer.hikari.pool.PoolBase          : HikariPool-1 - Closing connection conn7: url=jdbc:h2:mem:testdb user=SA: (connection evicted)
2026-07-16T14:57:57.180-04:00 DEBUG 10320 --- [ms-venta] [HikariPool-1:connection-closer] com.zaxxer.hikari.pool.PoolBase          : HikariPool-1 - Closing connection conn8: url=jdbc:h2:mem:testdb user=SA: (connection evicted)
2026-07-16T14:57:57.180-04:00 DEBUG 10320 --- [ms-venta] [HikariPool-1:connection-closer] com.zaxxer.hikari.pool.PoolBase          : HikariPool-1 - Closing connection conn9: url=jdbc:h2:mem:testdb user=SA: (connection evicted)
2026-07-16T14:57:57.180-04:00 DEBUG 10320 --- [ms-venta] [SpringApplicationShutdownHook] com.zaxxer.hikari.pool.HikariPool        : HikariPool-1 - After  shutdown stats (total=0/10, idle=0/10, active=0, waiting=0)
2026-07-16T14:57:57.180-04:00  INFO 10320 --- [ms-venta] [SpringApplicationShutdownHook] com.zaxxer.hikari.HikariDataSource       : HikariPool-1 - Shutdown completed.
2026-07-16T14:57:57.180-04:00 DEBUG 10320 --- [ms-venta] [SpringApplicationShutdownHook] o.s.s.concurrent.ThreadPoolTaskExecutor  : Shutting down ExecutorService 'applicationTaskExecutor'
2026-07-16T14:57:57.180-04:00  INFO 10320 --- [ms-venta] [SpringApplicationShutdownHook] com.netflix.discovery.DiscoveryClient    : Shutting down DiscoveryClient ...
2026-07-16T14:58:00.187-04:00  INFO 10320 --- [ms-venta] [SpringApplicationShutdownHook] com.netflix.discovery.DiscoveryClient    : Unregistering ...
2026-07-16T14:58:00.191-04:00 ERROR 10320 --- [ms-venta] [SpringApplicationShutdownHook] com.netflix.discovery.DiscoveryClient    : DiscoveryClient_MS-VENTA/Tititi:ms-venta:8086 - de-registration failedThere is no known eureka server; cluster server list is empty

com.netflix.discovery.shared.transport.TransportException: There is no known eureka server; cluster server list is empty
	at com.netflix.discovery.shared.transport.decorator.RetryableEurekaHttpClient.execute(RetryableEurekaHttpClient.java:108) ~[eureka-client-2.0.5.jar:2.0.5]
	at com.netflix.discovery.shared.transport.decorator.EurekaHttpClientDecorator.cancel(EurekaHttpClientDecorator.java:71) ~[eureka-client-2.0.5.jar:2.0.5]
	at com.netflix.discovery.shared.transport.decorator.EurekaHttpClientDecorator$2.execute(EurekaHttpClientDecorator.java:74) ~[eureka-client-2.0.5.jar:2.0.5]
	at com.netflix.discovery.shared.transport.decorator.SessionedEurekaHttpClient.execute(SessionedEurekaHttpClient.java:76) ~[eureka-client-2.0.5.jar:2.0.5]
	at com.netflix.discovery.shared.transport.decorator.EurekaHttpClientDecorator.cancel(EurekaHttpClientDecorator.java:71) ~[eureka-client-2.0.5.jar:2.0.5]
	at com.netflix.discovery.DiscoveryClient.unregister(DiscoveryClient.java:919) ~[eureka-client-2.0.5.jar:2.0.5]
	at com.netflix.discovery.DiscoveryClient.shutdown(DiscoveryClient.java:900) ~[eureka-client-2.0.5.jar:2.0.5]
	at java.base/jdk.internal.reflect.DirectMethodHandleAccessor.invoke(DirectMethodHandleAccessor.java:103) ~[na:na]
	at java.base/java.lang.reflect.Method.invoke(Method.java:580) ~[na:na]
	at org.springframework.beans.factory.annotation.InitDestroyAnnotationBeanPostProcessor$LifecycleMethod.invoke(InitDestroyAnnotationBeanPostProcessor.java:453) ~[spring-beans-7.0.8.jar:7.0.8]
	at org.springframework.beans.factory.annotation.InitDestroyAnnotationBeanPostProcessor$LifecycleMetadata.invokeDestroyMethods(InitDestroyAnnotationBeanPostProcessor.java:411) ~[spring-beans-7.0.8.jar:7.0.8]
	at org.springframework.beans.factory.annotation.InitDestroyAnnotationBeanPostProcessor.postProcessBeforeDestruction(InitDestroyAnnotationBeanPostProcessor.java:237) ~[spring-beans-7.0.8.jar:7.0.8]
	at org.springframework.beans.factory.support.DisposableBeanAdapter.destroy(DisposableBeanAdapter.java:200) ~[spring-beans-7.0.8.jar:7.0.8]
	at org.springframework.beans.factory.support.DisposableBeanAdapter.run(DisposableBeanAdapter.java:193) ~[spring-beans-7.0.8.jar:7.0.8]
	at org.springframework.cloud.context.scope.GenericScope$BeanLifecycleWrapper.destroy(GenericScope.java:387) ~[spring-cloud-context-5.0.1.jar:5.0.1]
	at org.springframework.cloud.context.scope.GenericScope.destroy(GenericScope.java:134) ~[spring-cloud-context-5.0.1.jar:5.0.1]
	at org.springframework.beans.factory.support.DisposableBeanAdapter.destroy(DisposableBeanAdapter.java:209) ~[spring-beans-7.0.8.jar:7.0.8]
	at org.springframework.beans.factory.support.DefaultSingletonBeanRegistry.destroyBean(DefaultSingletonBeanRegistry.java:795) ~[spring-beans-7.0.8.jar:7.0.8]
	at org.springframework.beans.factory.support.DefaultSingletonBeanRegistry.destroySingleton(DefaultSingletonBeanRegistry.java:745) ~[spring-beans-7.0.8.jar:7.0.8]
	at org.springframework.beans.factory.support.DefaultListableBeanFactory.destroySingleton(DefaultListableBeanFactory.java:1507) ~[spring-beans-7.0.8.jar:7.0.8]
	at org.springframework.beans.factory.support.DefaultSingletonBeanRegistry.destroySingletons(DefaultSingletonBeanRegistry.java:704) ~[spring-beans-7.0.8.jar:7.0.8]
	at org.springframework.beans.factory.support.DefaultListableBeanFactory.destroySingletons(DefaultListableBeanFactory.java:1500) ~[spring-beans-7.0.8.jar:7.0.8]
	at org.springframework.context.support.AbstractApplicationContext.destroyBeans(AbstractApplicationContext.java:1246) ~[spring-context-7.0.8.jar:7.0.8]
	at org.springframework.context.support.AbstractApplicationContext.doClose(AbstractApplicationContext.java:1207) ~[spring-context-7.0.8.jar:7.0.8]
	at org.springframework.context.support.AbstractApplicationContext.close(AbstractApplicationContext.java:1153) ~[spring-context-7.0.8.jar:7.0.8]
	at org.springframework.boot.SpringApplicationShutdownHook.closeAndWait(SpringApplicationShutdownHook.java:147) ~[spring-boot-4.0.7.jar:4.0.7]
	at java.base/java.lang.Iterable.forEach(Iterable.java:75) ~[na:na]
	at org.springframework.boot.SpringApplicationShutdownHook.run(SpringApplicationShutdownHook.java:116) ~[spring-boot-4.0.7.jar:4.0.7]
	at java.base/java.lang.Thread.run(Thread.java:1583) ~[na:na]

2026-07-16T14:58:00.192-04:00  INFO 10320 --- [ms-venta] [SpringApplicationShutdownHook] com.netflix.discovery.DiscoveryClient    : Completed shut down of DiscoveryClient
